-- phpMyAdmin SQL Dump
-- version 5.0.4
-- https://www.phpmyadmin.net/
--
-- Host: 127.0.0.1
-- Waktu pembuatan: 04 Des 2021 pada 07.47
-- Versi server: 10.4.16-MariaDB
-- Versi PHP: 7.4.12

SET SQL_MODE = "NO_AUTO_VALUE_ON_ZERO";
START TRANSACTION;
SET time_zone = "+00:00";


/*!40101 SET @OLD_CHARACTER_SET_CLIENT=@@CHARACTER_SET_CLIENT */;
/*!40101 SET @OLD_CHARACTER_SET_RESULTS=@@CHARACTER_SET_RESULTS */;
/*!40101 SET @OLD_COLLATION_CONNECTION=@@COLLATION_CONNECTION */;
/*!40101 SET NAMES utf8mb4 */;

--
-- Database: `db_prilaku`
--

-- --------------------------------------------------------

--
-- Struktur dari tabel `tbl_dataset`
--

CREATE TABLE `tbl_dataset` (
  `id_dataset` int(11) NOT NULL,
  `itemset_dataset` varchar(255) DEFAULT NULL,
  `datetime_dataset` date NOT NULL,
  `subyek_dataset` varchar(255) NOT NULL,
  `params1_dataset` text DEFAULT NULL,
  `params2_dataset` text DEFAULT NULL,
  `params3_dataset` text DEFAULT NULL,
  `params4_dataset` text DEFAULT NULL,
  `author_dataset` varchar(255) NOT NULL,
  `id_fakultas` varchar(50) DEFAULT NULL,
  `id_prodi` varchar(50) DEFAULT NULL,
  `created_dataset` timestamp NOT NULL DEFAULT current_timestamp()
) ENGINE=InnoDB DEFAULT CHARSET=utf8mb4;

--
-- Dumping data untuk tabel `tbl_dataset`
--

INSERT INTO `tbl_dataset` (`id_dataset`, `itemset_dataset`, `datetime_dataset`, `subyek_dataset`, `params1_dataset`, `params2_dataset`, `params3_dataset`, `params4_dataset`, `author_dataset`, `id_fakultas`, `id_prodi`, `created_dataset`) VALUES
(2316, '1', '2021-02-28', 'Muhammad Tri Laksono (Rey) ', 'P1,P2,P4,P5,P6,P7,P8,P9,', 'P1,P2,P3,P4,P5,P6,P7,', 'P4,', 'P4,', '99473177322717184', '008', '84205', '2021-11-27 07:48:48'),
(2317, '1', '2021-02-28', 'AM', 'P1,P2,P5,P7,P9,', 'P1,P2,P3,P4,P6,P7,', 'P3,', 'P5,', '99473177322717184', '008', '86201', '2021-11-27 07:48:48'),
(2318, '1', '2021-02-28', 'Yasifa amila sani', 'P1,P2,P5,P7,P8,P9,', 'P2,P3,P5,P6,P7,', 'P2,P3,', 'P4,P6,', '99473177322717184', '008', '86201', '2021-11-27 07:48:48'),
(2320, '1', '2021-02-28', 'Hanum', 'P1,P2,P4,P5,P7,P8,P9,', 'P1,P2,P3,P4,P5,P6,P7,', 'P2,P3,P4,', 'P4,', '99473177322717184', '008', '86201', '2021-11-27 07:48:48'),
(2321, '1', '2021-02-28', 'Cindy', 'P1,P2,P4,P5,P7,P8,P9,', 'P3,P4,P5,P7,', 'P2,P3,', 'P3,P4,P5,', '99473177322717184', '004', '73201', '2021-11-27 07:48:48'),
(2322, '1', '2021-02-28', 'Affan', 'P1,P2,P5,P6,P8,P9,', 'P3,P4,P5,P6,P7,', 'P1,P3,', 'P3,P5,', '99473177322717184', '004', '73201', '2021-11-27 07:48:48'),
(2323, '1', '2021-02-28', 'C', 'P1,P2,P4,P7,P8,P9,', 'P1,P2,P3,P4,P5,P6,P7,', 'P1,P2,P3,P4,', 'P5,', '99473177322717184', '007', '13201', '2021-11-27 07:48:48'),
(2324, '1', '2021-02-28', 'FS', 'P1,P2,P4,P5,P7,P8,P9,', 'P1,P4,P5,P6,', 'P2,', 'P5,', '99473177322717184', '004', '73201', '2021-11-27 07:48:48'),
(2325, '1', '2021-02-28', 'Triana Aprilyta Annisa', 'P1,P4,P5,P7,P8,P9,', 'P1,P3,P4,P5,P6,P7,', 'P1,P2,', 'P5,', '99473177322717184', '007', '13201', '2021-11-27 07:48:48'),
(2326, '1', '2021-02-28', 'Nonik ifana', 'P1,P2,P7,P9,', 'P4,', 'P2,P3,P4,', 'P3,', '99473177322717184', '008', '87205', '2021-11-27 07:48:48'),
(2327, '1', '2021-02-28', 'Yuni', 'P1,P2,P4,P5,P7,P9,', 'P6,P7,', 'P3,P4,', 'P2,P3,P4,P5,', '99473177322717184', '003', '74201', '2021-11-27 07:48:48'),
(2328, '1', '2021-02-28', 'RA', 'P1,P2,P4,P5,P7,P9,', 'P7,', 'P1,P2,P3,', 'P2,P3,P4,P5,', '99473177322717184', '005', '48101', '2021-11-27 07:48:48'),
(2329, '1', '2021-02-28', 'Ronggo ', 'P1,P2,P5,P6,P7,P8,P9,', 'P4,P5,P6,P7,', 'P2,P3,P4,', 'P5,', '99473177322717184', '009', '55201', '2021-11-27 07:48:48'),
(2330, '1', '2021-02-28', 'AM', 'P1,P2,P4,P5,P6,P7,P8,P9,', 'P1,P2,P3,P5,P7,', 'P1,P2,', 'P6,', '99473177322717184', '001', '79203', '2021-11-27 07:48:48'),
(2331, '1', '2021-02-28', 'Nurul Dwi Oktavianti', 'P1,P2,P4,P5,P6,P7,P8,P9,', 'P1,P2,P4,P5,P7,', 'P3,', 'P4,', '99473177322717184', '010', '79202', '2021-11-27 07:48:48'),
(2332, '1', '2021-02-28', 'Zuhra NF', 'P1,P2,P5,P7,P9,', 'P1,P2,P3,P6,P7,', 'P3,', 'P2,', '99473177322717184', '001', '79203', '2021-11-27 07:48:48'),
(2333, '1', '2021-02-28', 'Alfu', 'P1,P2,P4,P5,P7,P8,P9,', 'P1,', 'P1,P2,P3,P4,', 'P5,P6,', '99473177322717184', '010', '70201', '2021-11-27 07:48:48'),
(2334, '1', '2021-02-28', 'Laeli Sa\'adah', 'P1,P2,P4,P5,P6,P7,P8,P9,', 'P4,P7,', 'P1,P2,P3,P4,', 'P2,P5,', '99473177322717184', '010', '70201', '2021-11-27 07:48:48'),
(2335, '1', '2021-02-28', 'Fia sabrina', 'P1,P2,P7,P9,', 'P1,P3,P4,P5,P7,', 'P3,P4,', 'P4,', '99473177322717184', '007', '13211', '2021-11-27 07:48:48'),
(2336, '1', '2021-02-28', 'D', 'P1,P2,P4,P5,P6,P7,P8,P9,', 'P1,P2,P3,P4,P5,P6,P7,', 'P3,', 'P5,', '99473177322717184', '009', '24201', '2021-11-27 07:48:48'),
(2337, '1', '2021-02-27', 'SITI NURUL AMIMAH', 'P1,P2,P4,P6,P7,P8,P9,', 'P4,P5,', 'P3,', 'P4,', '99473177322717184', '008', '84205', '2021-11-27 07:48:48'),
(2338, '1', '2021-02-27', 'Ayu R.I', 'P1,P2,P4,P5,P7,P9,', 'P1,P2,P3,P5,P6,P7,', 'P3,', 'P4,', '99473177322717184', '008', '84205', '2021-11-27 07:48:48'),
(2339, '1', '2021-02-27', 'S', 'P1,P2,P4,P5,P6,P7,P8,P9,', 'P4,', 'P2,P3,', 'P3,', '99473177322717184', '008', '84205', '2021-11-27 07:48:48'),
(2340, '1', '2021-02-27', 'SG', 'P1,P2,P4,P5,P7,P9,', 'P2,P6,P7,', 'P2,P3,', 'P2,P3,P6,', '99473177322717184', '008', '84205', '2021-11-27 07:48:48'),
(2341, '1', '2021-02-27', 'Vira', 'P1,P2,P4,P5,P7,P8,P9,', 'P1,P2,P3,P5,P6,P7,', 'P3,', 'P4,P5,', '99473177322717184', '008', '86201', '2021-11-27 07:48:48'),
(2342, '1', '2021-02-27', 'Fitri', 'P1,P2,P4,P5,P6,P7,P8,P9,', 'P4,P6,P7,', 'P2,P3,', 'P2,P4,', '99473177322717184', '008', '86201', '2021-11-27 07:48:48'),
(2343, '1', '2021-02-27', 'Istiqawaty Makaminan', 'P1,P2,P4,P5,P6,P7,P8,P9,', 'P1,P2,P3,P4,', 'P2,P3,', 'P4,', '99473177322717184', '007', '13201', '2021-11-27 07:48:48'),
(2344, '1', '2021-02-27', 'Try Fujy', 'P1,P2,P5,P7,P9,', 'P3,P4,P5,', 'P3,', 'P5,', '99473177322717184', '003', '74201', '2021-11-27 07:48:48'),
(2345, '1', '2021-02-27', 'Rama Khoirul Amar', 'P1,P4,P5,P9,', 'P1,P3,P5,P7,', 'P2,P3,P4,', 'P4,P5,', '99473177322717184', '003', '74201', '2021-11-27 07:48:48'),
(2346, '1', '2021-02-27', 'Yuni', 'P1,P2,P4,P5,P7,P9,', 'P6,P7,', 'P3,P4,', 'P2,P3,P4,P5,', '99473177322717184', '003', '74201', '2021-11-27 07:48:48'),
(2347, '1', '2021-02-27', 'Gea', 'P1,P2,P7,P9,', 'P1,P4,P7,', 'P1,', 'P3,P5,', '99473177322717184', '003', '74201', '2021-11-27 07:48:48'),
(2348, '1', '2021-02-27', 'koko', 'P1,P2,P3,P4,P5,P6,P7,P8,P9,', 'P1,P2,P3,P4,P5,P6,P7,', 'P2,P3,P4,', 'P5,', '99473177322717184', '003', '74201', '2021-11-27 07:48:48'),
(2349, '1', '2021-02-27', 'H G', 'P1,P2,P5,P7,P8,P9,', 'P2,P3,P4,P5,P6,P7,', 'P2,P4,', 'P2,P4,P5,', '99473177322717184', '003', '74201', '2021-11-27 07:48:48'),
(2350, '1', '2021-02-27', 'Ardewa Rullytama', 'P1,P2,P3,P4,P5,P9,', 'P3,P6,P7,', 'P4,', 'P3,', '99473177322717184', '009', '26201', '2021-11-27 07:48:48'),
(2351, '1', '2021-02-27', 'Nabila', 'P1,P2,P5,P7,P9,', 'P1,', 'P1,P2,', 'P5,', '99473177322717184', '005', '48101', '2021-11-27 07:48:48'),
(2352, '1', '2021-02-27', 'A', 'P1,P2,', 'P7,', 'P1,P2,', 'P5,', '99473177322717184', '011', '44201', '2021-11-27 07:48:48'),
(2353, '1', '2021-02-27', 'Nursilviyani', 'P1,P2,P3,P4,P5,P6,P7,P8,P9,', 'P1,P2,P3,P4,P5,', 'P1,P3,', 'P5,', '99473177322717184', '008', '88103', '2021-11-27 07:48:48'),
(2354, '1', '2021-02-27', 'IJK', 'P1,P2,P5,P7,P8,P9,', 'P3,P4,P5,P6,', 'P3,', 'P2,P3,P4,P5,', '99473177322717184', '011', '45201', '2021-11-27 07:48:48'),
(2355, '1', '2021-02-27', 'Nisrina Noor Khasanah', 'P1,P2,P4,P5,P6,P7,P8,P9,', 'P1,P2,P4,P5,P6,P7,', 'P2,P4,', 'P3,P5,', '99473177322717184', '001', '79203', '2021-11-27 07:48:48'),
(2356, '1', '2021-02-27', 'Aqhila ', 'P1,P2,P4,P5,P7,P9,', 'P1,P4,P6,', 'P3,', 'P6,', '99473177322717184', '008', '86206', '2021-11-27 07:48:48'),
(2357, '1', '2021-02-27', 'Ferdian Ryansyah', 'P1,P2,P4,P5,P9,', 'P1,P2,P3,P5,P6,P7,', 'P1,P2,P4,', 'P5,P6,', '99473177322717184', '011', '57201', '2021-11-27 07:48:48'),
(2358, '1', '2021-02-26', 'Nina Fadia Hayya', 'P1,P2,P3,P5,P6,', 'P2,P3,P4,P7,', 'P4,', 'P5,', '99473177322717184', '008', '84205', '2021-11-27 07:48:48'),
(2359, '1', '2021-02-26', 'Fauzan', 'P1,P2,P4,P5,P7,P8,P9,', 'P1,P2,P3,P4,P5,P6,P7,', 'P3,', 'P5,', '99473177322717184', '008', '84205', '2021-11-27 07:48:48'),
(2360, '1', '2021-02-26', 'A Q', 'P1,P2,P4,P5,P9,', 'P1,P2,P3,P4,P5,P6,P7,', 'P3,', 'P5,', '99473177322717184', '008', '84202', '2021-11-27 07:48:48'),
(2361, '1', '2021-02-26', 'Opal Naufal', 'P1,P2,P4,P5,P6,P7,P8,P9,', 'P2,P3,P5,P6,P7,', 'P3,', 'P6,', '99473177322717184', '008', '84202', '2021-11-27 07:48:48'),
(2362, '1', '2021-02-26', 'Siti fatimah', 'P1,P2,P4,P5,P6,P7,P8,P9,', 'P2,P3,P4,P5,P6,P7,', 'P1,P2,P3,P4,', 'P2,P3,P4,P5,P6,', '99473177322717184', '008', '86201', '2021-11-27 07:48:48'),
(2363, '1', '2021-02-26', 'Tsabita Kemala Putri ', 'P1,P2,P4,P5,P8,P9,', 'P1,P5,P6,', 'P4,', 'P5,', '99473177322717184', '003', '74201', '2021-11-27 07:48:48'),
(2364, '1', '2021-02-26', 'INR', 'P1,P2,P4,P5,P6,P7,P8,P9,', 'P1,P2,P3,P4,', 'P3,', 'P4,', '99473177322717184', '008', '86201', '2021-11-27 07:48:48'),
(2365, '1', '2021-02-26', 'Putra', 'P1,P2,P8,P9,', 'P1,P2,P3,P4,P5,P6,P7,', 'P2,P3,P4,', 'P2,', '99473177322717184', '003', '74201', '2021-11-27 07:48:48'),
(2366, '1', '2021-02-26', 'Silvia', 'P1,P2,P4,P9,', 'P1,P2,P3,P4,P5,P6,P7,', 'P1,P2,', 'P2,P4,P5,', '99473177322717184', '003', '74201', '2021-11-27 07:48:48'),
(2367, '1', '2021-02-26', 'Andy', 'P1,P2,P4,P7,P9,', 'P2,P5,P7,', 'P2,P3,P4,', 'P5,', '99473177322717184', '003', '74201', '2021-11-27 07:48:48'),
(2368, '1', '2021-02-26', 'Putra', 'P1,P2,P8,P9,', 'P1,P2,P3,P4,P5,P6,P7,', 'P2,P3,P4,', 'P2,', '99473177322717184', '003', '74201', '2021-11-27 07:48:48'),
(2369, '1', '2021-02-26', 'Yoga', 'P1,P2,P4,P5,P6,P7,P8,P9,', 'P1,P4,P7,', 'P2,P3,', 'P4,', '99473177322717184', '003', '74201', '2021-11-27 07:48:48'),
(2370, '1', '2021-02-26', 'Andy', 'P1,P2,P4,P7,P9,', 'P2,P5,P7,', 'P2,P3,P4,', 'P5,', '99473177322717184', '003', '74201', '2021-11-27 07:48:48'),
(2371, '1', '2021-02-26', 'Nh', 'P1,P2,P4,P5,P7,P8,', 'P4,P6,', 'P1,P2,', 'P2,P3,P5,', '99473177322717184', '003', '74201', '2021-11-27 07:48:48'),
(2372, '1', '2021-02-26', 'Maulina', 'P1,P2,P4,P5,P6,P7,P8,P9,', 'P1,P2,P3,P4,P5,P6,', 'P1,P2,P3,', 'P3,', '99473177322717184', '007', '13201', '2021-11-27 07:48:48'),
(2373, '1', '2021-02-26', 'koko', 'P1,P2,P3,P4,P5,P6,P7,P8,P9,', 'P1,P2,P3,P4,P5,P6,P7,', 'P2,P3,P4,', 'P5,', '99473177322717184', '003', '74201', '2021-11-27 07:48:48'),
(2374, '1', '2021-02-26', 'Istiqawaty Makaminan', 'P1,P2,P4,P5,P6,P7,P8,P9,', 'P1,P2,P3,P4,', 'P2,P3,', 'P4,', '99473177322717184', '007', '13201', '2021-11-27 07:48:48'),
(2375, '1', '2021-02-26', 'dhcp', 'P1,P2,P4,P5,P6,P7,P8,P9,', 'P4,P7,', 'P2,P3,P4,', 'P2,P3,P6,', '99473177322717184', '003', '74201', '2021-11-27 07:48:48'),
(2376, '1', '2021-02-26', 'Yuni', 'P1,P2,P4,P5,P7,P9,', 'P6,P7,', 'P3,P4,', 'P2,P3,P4,P5,', '99473177322717184', '003', '74201', '2021-11-27 07:48:48'),
(2377, '1', '2021-02-26', 'DR', 'P1,P2,P3,P4,P5,P6,P7,P8,P9,', 'P3,', 'P1,', 'P6,', '99473177322717184', '008', '86207', '2021-11-27 07:48:48'),
(2378, '1', '2021-02-26', 'Nurul', 'P1,P2,P4,P5,P6,P7,P8,P9,', 'P1,P2,P3,P5,P6,P7,', 'P1,P2,P3,P4,', 'P6,', '99473177322717184', '008', '86207', '2021-11-27 07:48:48'),
(2379, '1', '2021-02-26', 'nap34', 'P1,P2,P4,P5,P6,P7,P8,P9,', 'P6,', 'P1,P2,P3,', 'P6,', '99473177322717184', '005', '48101', '2021-11-27 07:48:48'),
(2380, '1', '2021-02-26', 'Naufal Hadad Fauzan', 'P1,P2,P3,P4,P5,P6,P7,P8,P9,', 'P1,P4,P5,P6,P7,', 'P1,P2,P3,', 'P5,', '99473177322717184', '009', '26201', '2021-11-27 07:48:48'),
(2381, '1', '2021-02-26', 'Husnul Hakimah', 'P1,P2,P4,P5,P6,P7,P8,P9,', 'P1,', 'P1,P2,P3,P4,', 'P2,P3,P6,', '99473177322717184', '009', '26201', '2021-11-27 07:48:48'),
(2382, '1', '2021-02-26', 'nap34', 'P1,P2,P4,P5,P6,P7,P8,P9,', 'P6,', 'P1,P2,P3,', 'P6,', '99473177322717184', '005', '48101', '2021-11-27 07:48:48'),
(2383, '1', '2021-02-26', 'Seni', 'P1,P2,P4,P5,P6,P7,P8,P9,', 'P1,P3,P4,P6,P7,', 'P1,P2,P3,P4,', 'P4,', '99473177322717184', '005', '48101', '2021-11-27 07:48:48'),
(2384, '1', '2021-02-26', 'Qianxi', 'P1,P2,P5,P6,P7,P8,P9,', 'P4,', 'P1,P2,P3,P4,', 'P5,', '99473177322717184', '002', '60201', '2021-11-27 07:48:48'),
(2385, '1', '2021-02-26', 'Dwi Agustia', 'P1,P2,P4,P5,P6,P7,P8,P9,', 'P1,P2,P3,P4,P5,P6,', 'P2,P3,P4,', 'P2,P3,P4,P5,', '99473177322717184', '011', '44201', '2021-11-27 07:48:48'),
(2386, '1', '2021-02-26', 'M', 'P1,P2,P4,P5,P9,', 'P1,P3,P4,P7,', 'P2,P4,', 'P4,', '99473177322717184', '008', '88103', '2021-11-27 07:48:48'),
(2387, '1', '2021-02-26', 'Aini', 'P1,P2,P3,P4,P6,P7,P8,P9,', 'P4,P5,P6,', 'P2,P4,', 'P5,', '99473177322717184', '002', '60201', '2021-11-27 07:48:48'),
(2388, '1', '2021-02-26', 'Herti Herliani', 'P1,P2,P4,P5,P7,P8,P9,', 'P1,P2,P3,P7,', 'P2,P3,', 'P5,', '99473177322717184', '002', '62201', '2021-11-27 07:48:48'),
(2389, '1', '2021-02-26', 'Kharisma L R', 'P1,P2,P4,P5,', 'P7,', 'P4,', 'P2,P3,P5,', '99473177322717184', '002', '60201', '2021-11-27 07:48:48'),
(2390, '1', '2021-02-26', 'Moh noviyan tandago', 'P1,P2,P4,P5,P9,', 'P1,P2,P3,P4,P5,P7,', 'P1,P3,', 'P2,P5,', '99473177322717184', '002', '60201', '2021-11-27 07:48:48'),
(2391, '1', '2021-02-26', 'Roy', 'P1,P2,P3,P4,P5,P7,P9,', 'P1,P2,P3,P4,P5,P6,P7,', 'P3,', 'P5,', '99473177322717184', '009', '55201', '2021-11-27 07:48:48'),
(2392, '1', '2021-02-26', 'L', 'P1,P2,P4,P5,P7,P8,P9,', 'P1,P2,P3,P4,P5,P6,P7,', 'P2,P3,P4,', 'P6,', '99473177322717184', '008', '84205', '2021-11-27 07:48:48'),
(2393, '1', '2021-02-26', 'Nafa Naili Fauziah', 'P1,P2,P3,P4,P5,P6,P7,P8,P9,', 'P1,P2,P3,P4,P5,P6,P7,', 'P3,P4,', 'P3,P4,P6,', '99473177322717184', '008', '84205', '2021-11-27 07:48:48'),
(2394, '1', '2021-02-26', 'D', 'P1,P2,P3,P4,P5,P7,P8,P9,', 'P1,P2,P4,P5,P6,P7,', 'P3,', 'P5,', '99473177322717184', '008', '84205', '2021-11-27 07:48:48'),
(2395, '1', '2021-02-26', 'Indra Subakir', 'P1,P2,P3,P4,P5,P7,P9,', 'P4,P7,', 'P2,P3,P4,', 'P2,P3,P5,', '99473177322717184', '007', '13211', '2021-11-27 07:48:48'),
(2396, '1', '2021-02-26', 'Alifia', 'P1,P2,P7,P9,', 'P2,P3,P5,P6,P7,', 'P3,', 'P5,', '99473177322717184', '008', '84205', '2021-11-27 07:48:48'),
(2397, '1', '2021-02-26', 'Ym', 'P1,P2,P7,P8,P9,', 'P6,', 'P3,', 'P2,P3,P5,', '99473177322717184', '007', '13211', '2021-11-27 07:48:48'),
(2398, '1', '2021-02-26', 'Ram F', 'P1,P2,P4,P7,P9,', 'P7,', 'P2,P3,', 'P5,', '99473177322717184', '007', '13211', '2021-11-27 07:48:48'),
(2399, '1', '2021-02-26', 'Siti Najah Ghoida ', 'P1,P2,P4,P5,', 'P5,', 'P1,P3,', 'P2,P6,', '99473177322717184', '008', '84205', '2021-11-27 07:48:48'),
(2400, '1', '2021-02-26', 'N', 'P1,P2,P4,P6,P7,P8,P9,', 'P4,P5,P6,P7,', 'P1,P2,P3,P4,', 'P2,P3,', '99473177322717184', '007', '13211', '2021-11-27 07:48:48'),
(2401, '1', '2021-02-26', 'Karmila Yanti', 'P1,P2,P4,P5,P7,P9,', 'P1,', 'P3,', 'P4,', '99473177322717184', '008', '84205', '2021-11-27 07:48:49'),
(2402, '1', '2021-02-26', 'Gadis', 'P1,P2,P4,P5,P7,P8,P9,', 'P1,P2,P3,P4,P5,P6,P7,', 'P4,', 'P5,', '99473177322717184', '007', '13211', '2021-11-27 07:48:49'),
(2403, '1', '2021-02-26', 'Lutfiana', 'P1,P2,P5,P9,', 'P1,P2,P3,P4,P5,P6,P7,', 'P3,', 'P4,', '99473177322717184', '008', '84205', '2021-11-27 07:48:49'),
(2404, '1', '2021-02-26', 'Ram F', 'P1,P2,P4,P7,P9,', 'P7,', 'P2,P3,', 'P5,', '99473177322717184', '007', '13211', '2021-11-27 07:48:49'),
(2405, '1', '2021-02-26', 'A', 'P1,P2,P4,P5,P6,P7,P8,P9,', 'P1,P2,P3,P6,P7,', 'P3,', 'P5,', '99473177322717184', '008', '84205', '2021-11-27 07:48:49'),
(2406, '1', '2021-02-26', 'Windari Dwi Cahyani', 'P1,P2,P4,P5,P6,P9,', 'P4,', 'P2,P3,P4,', 'P5,', '99473177322717184', '008', '84205', '2021-11-27 07:48:49'),
(2407, '1', '2021-02-26', 'A', 'P1,P2,P4,P5,P7,P8,P9,', 'P1,P2,P7,', 'P3,P4,', 'P5,', '99473177322717184', '008', '84205', '2021-11-27 07:48:49'),
(2408, '1', '2021-02-26', 'Monica Milliani Rizky', 'P1,P2,P4,P5,P6,P7,P8,P9,', 'P1,P2,P3,P4,P5,P6,P7,', 'P2,P3,', 'P5,', '99473177322717184', '008', '84205', '2021-11-27 07:48:49'),
(2409, '1', '2021-02-26', 'Melati Sukma Negari', 'P1,P2,P3,P4,P5,P7,P8,P9,', 'P3,P4,P7,', 'P3,', 'P5,', '99473177322717184', '008', '84205', '2021-11-27 07:48:49'),
(2410, '1', '2021-02-26', 'FAA', 'P1,', 'P1,P2,P3,P4,P5,P7,', 'P1,P2,P3,', 'P5,', '99473177322717184', '008', '84205', '2021-11-27 07:48:49'),
(2411, '1', '2021-02-26', 'Kalika Azra Zainina ', 'P1,P2,P4,P5,P6,P7,P8,P9,', 'P1,P2,P3,P5,P6,P7,', 'P3,', 'P5,', '99473177322717184', '008', '84205', '2021-11-27 07:48:49'),
(2412, '1', '2021-02-26', 'Evie Nur Sofhiya', 'P1,P2,P4,P6,P7,P8,P9,', 'P1,P2,', 'P3,', 'P4,', '99473177322717184', '008', '84205', '2021-11-27 07:48:49'),
(2413, '1', '2021-02-25', 'EKA', 'P1,P2,P4,P7,P9,', 'P1,P2,P4,P6,P7,', 'P2,P3,P4,', 'P6,', '99473177322717184', '008', '86201', '2021-11-27 07:48:49'),
(2414, '1', '2021-02-25', 'Ainun', 'P1,P2,P4,P5,P6,P7,P8,P9,', 'P1,P2,P6,P7,', 'P3,', 'P5,', '99473177322717184', '008', '86201', '2021-11-27 07:48:49'),
(2415, '1', '2021-02-25', 'ZK', 'P6,P8,', 'P1,P2,P3,P4,P5,', 'P2,P3,P4,', 'P2,P3,P4,P6,', '99473177322717184', '008', '86201', '2021-11-27 07:48:49'),
(2416, '1', '2021-02-25', 'Indah', 'P1,P2,P4,P5,P6,P7,P8,P9,', 'P7,', 'P2,P3,', 'P5,', '99473177322717184', '007', '13201', '2021-11-27 07:48:49'),
(2417, '1', '2021-02-25', 'I', 'P1,P2,P4,P5,P6,P7,P8,P9,', 'P4,', 'P3,P4,', 'P4,', '99473177322717184', '005', '48101', '2021-11-27 07:48:49'),
(2418, '1', '2021-02-25', 'Habib Aulia Aminuddin (HAA)', 'P1,P2,P7,P9,', 'P4,P5,P7,', 'P1,P2,P3,P4,', 'P5,', '99473177322717184', '008', '87205', '2021-11-27 07:48:49'),
(2419, '1', '2021-02-25', 'D', 'P1,P2,P4,P5,P6,P7,P8,P9,', 'P1,P2,P3,P6,', 'P2,P4,', 'P5,', '99473177322717184', '005', '48101', '2021-11-27 07:48:49'),
(2420, '1', '2021-02-25', 'Intan Nur Ainnisa', 'P1,P2,P4,P5,P7,P9,', 'P1,P2,P5,P6,P7,', 'P1,P3,', 'P5,', '99473177322717184', '008', '87205', '2021-11-27 07:48:49'),
(2421, '1', '2021-02-25', 'IR', 'P1,P2,P4,P5,P6,P7,P8,P9,', 'P1,P2,P3,P4,P5,P6,P7,', 'P2,P3,', 'P2,', '99473177322717184', '005', '48101', '2021-11-27 07:48:49'),
(2422, '1', '2021-02-25', 'T', 'P1,P2,P5,P6,P7,P8,P9,', 'P2,P5,', 'P3,', 'P3,P5,', '99473177322717184', '005', '48101', '2021-11-27 07:48:49'),
(2423, '1', '2021-02-25', 'Nahnuriyah ', 'P1,P2,P4,P7,P9,', 'P1,P2,P3,P5,P6,P7,', 'P1,P4,', 'P5,', '99473177322717184', '002', '62201', '2021-11-27 07:48:49'),
(2424, '1', '2021-02-25', 'Gani', 'P1,P2,P3,P4,P5,P6,P7,P8,P9,', 'P1,P2,P3,P4,P6,P7,', 'P1,P2,P3,P4,', 'P2,P3,P4,P5,P6,', '99473177322717184', '001', '76231', '2021-11-27 07:48:49'),
(2425, '1', '2021-02-25', 'Karunia Ratna Pandewi', 'P1,P2,P4,P5,P7,P8,P9,', 'P4,', 'P3,', 'P3,P4,', '99473177322717184', '008', '86206', '2021-11-27 07:48:49'),
(2426, '1', '2021-02-25', 'Dwi lestari', 'P1,P2,P3,P4,P5,P6,P7,P8,P9,', 'P1,P2,P3,P4,P5,P6,P7,', 'P1,P2,P3,P4,', 'P2,P3,P4,P5,P6,', '99473177322717184', '008', '86206', '2021-11-27 07:48:49'),
(2427, '1', '2021-02-25', 'S', 'P1,P2,P4,P5,P7,P8,P9,', 'P1,P2,P3,', 'P1,P2,', 'P5,', '99473177322717184', '009', '24201', '2021-11-27 07:48:49'),
(2428, '1', '2021-02-24', 'MOHAMMAD KUNTOWIJOYO', 'P1,P2,P4,P5,P6,P7,P8,P9,', 'P1,P2,P3,P5,P6,P7,', 'P1,P3,', 'P5,', '99473177322717184', '005', '48101', '2021-11-27 07:48:49'),
(2429, '1', '2021-02-24', 'Putri Wulandari ', 'P1,P2,P4,P5,P7,P8,P9,', 'P1,P2,P3,P4,P7,', 'P2,P3,P4,', 'P5,', '99473177322717184', '008', '86201', '2021-11-27 07:48:49'),
(2430, '1', '2021-02-24', 'Bintang', 'P1,P2,P4,P5,P7,P8,P9,', 'P1,P2,P4,', 'P1,P2,P3,P4,', 'P2,P5,P6,', '99473177322717184', '005', '48101', '2021-11-27 07:48:49'),
(2431, '1', '2021-02-24', 'AYU PRATIWI', 'P1,P2,P4,P5,P8,P9,', 'P4,P7,', 'P3,', 'P3,P5,', '99473177322717184', '008', '86201', '2021-11-27 07:48:49'),
(2432, '1', '2021-02-24', 'F', 'P1,P2,P4,P6,P7,P8,P9,', 'P1,P2,P3,P4,P5,P6,P7,', 'P4,', 'P5,', '99473177322717184', '008', '86201', '2021-11-27 07:48:49'),
(2433, '1', '2021-02-24', 'Inp', 'P1,P2,P4,P5,P6,P7,P8,P9,', 'P1,P2,P6,', 'P3,', 'P6,', '99473177322717184', '005', '48101', '2021-11-27 07:48:49'),
(2434, '1', '2021-02-24', 'alifa', 'P1,P2,P4,P5,P6,P7,P8,P9,', 'P1,P2,P3,P4,P6,P7,', 'P2,P3,', 'P5,', '99473177322717184', '001', '76231', '2021-11-27 07:48:49'),
(2435, '1', '2021-02-24', 'KARINA', 'P1,P2,P4,P5,P7,P8,P9,', 'P1,P2,P5,P6,', 'P1,P2,P3,P4,', 'P2,P4,', '99473177322717184', '001', '76231', '2021-11-27 07:48:49'),
(2436, '1', '2021-02-24', 'Naria', 'P1,P2,P4,P6,P7,P8,P9,', 'P4,P5,P6,P7,', 'P3,', 'P5,', '99473177322717184', '005', '48101', '2021-11-27 07:48:49'),
(2437, '1', '2021-02-24', 'Amanita muscaria putri', 'P1,P2,P4,P6,P7,P8,P9,', 'P1,P2,P3,P4,P5,P6,P7,', 'P3,', 'P5,', '99473177322717184', '005', '48101', '2021-11-27 07:48:49'),
(2438, '1', '2021-02-24', 'Fa\'izatur Rofidah', 'P1,P2,P4,P5,P6,P7,P9,', 'P1,P2,P3,P4,P5,P6,P7,', 'P2,P3,', 'P4,', '99473177322717184', '008', '84202', '2021-11-27 07:48:49'),
(2439, '1', '2021-02-24', 'Wd', 'P1,P2,P4,P5,P8,P9,', 'P1,P2,P3,P4,P5,P6,P7,', 'P3,', 'P2,P3,', '99473177322717184', '005', '48101', '2021-11-27 07:48:49'),
(2440, '1', '2021-02-24', 'Erlang Bagus ', 'P1,P2,P5,P7,P8,P9,', 'P1,P2,P3,P4,P5,P6,P7,', 'P1,P2,P3,P4,', 'P2,', '99473177322717184', '003', '74201', '2021-11-27 07:48:49'),
(2441, '1', '2021-02-24', 'fcf', 'P1,P2,P4,P5,P6,P7,P8,P9,', 'P1,P2,P3,P5,P6,', 'P2,', 'P2,P4,', '99473177322717184', '005', '48101', '2021-11-27 07:48:49'),
(2442, '1', '2021-02-24', 'Ayu', 'P1,P2,P4,P5,P9,', 'P1,P2,P3,P4,P7,', 'P3,P4,', 'P2,P5,', '99473177322717184', '005', '48101', '2021-11-27 07:48:49'),
(2443, '1', '2021-02-24', 'Nuuraa', 'P1,P2,P4,P5,P7,P9,', 'P6,', 'P2,P3,P4,', 'P4,P5,', '99473177322717184', '008', '88103', '2021-11-27 07:48:49'),
(2444, '1', '2021-02-24', 'KML', 'P1,P2,P4,P5,P7,P8,P9,', 'P3,P7,', 'P2,P3,P4,', 'P2,P3,P4,', '99473177322717184', '008', '87205', '2021-11-27 07:48:49'),
(2445, '1', '2021-02-24', 'Yeti Dewi ', 'P1,P2,P4,P5,P7,P8,P9,', 'P1,P2,P3,P4,P6,P7,', 'P1,P3,', 'P2,P4,', '99473177322717184', '008', '87205', '2021-11-27 07:48:49'),
(2446, '1', '2021-02-24', 'Ten', 'P1,P2,P4,P5,P6,P7,P8,P9,', 'P5,', 'P2,', 'P3,P5,', '99473177322717184', '008', '88103', '2021-11-27 07:48:49'),
(2447, '1', '2021-02-24', 'Fahri', 'P1,P2,P4,P5,P7,P8,P9,', 'P1,P3,P4,P5,P6,P7,', 'P1,P2,P3,P4,', 'P4,', '99473177322717184', '008', '87205', '2021-11-27 07:48:49'),
(2448, '1', '2021-02-24', 'DFR', 'P1,P2,P5,P6,P7,P8,P9,', 'P3,', 'P2,P3,P4,', 'P5,', '99473177322717184', '008', '88103', '2021-11-27 07:48:49'),
(2449, '1', '2021-02-24', 'Ema Dwi Setyarini', 'P1,P2,P4,P5,P6,P8,P9,', 'P1,P2,P3,P5,P6,P7,', 'P2,P3,P4,', 'P3,', '99473177322717184', '008', '87205', '2021-11-27 07:48:49'),
(2450, '1', '2021-02-24', 'Iqbal Huda', 'P1,P2,P4,P9,', 'P1,P2,P4,P5,P7,', 'P1,P2,P3,P4,', 'P4,P5,', '99473177322717184', '008', '87205', '2021-11-27 07:48:49'),
(2451, '1', '2021-02-24', 'Nadiya', 'P1,P2,P3,P4,P5,P7,P9,', 'P1,P2,P3,P5,P6,', 'P3,', 'P2,P3,P4,P6,', '99473177322717184', '008', '88103', '2021-11-27 07:48:49'),
(2452, '1', '2021-02-24', 'Alifia Almaida Gisananda', 'P1,P2,P3,P4,P5,P6,P7,P8,P9,', 'P1,P2,P3,P5,P6,P7,', 'P2,', 'P5,', '99473177322717184', '008', '88103', '2021-11-27 07:48:49'),
(2453, '1', '2021-02-24', 'Pikacu', 'P1,P2,P4,P6,P7,P8,P9,', 'P3,P5,', 'P2,P3,P4,', 'P2,P3,P5,P6,', '99473177322717184', '008', '88103', '2021-11-27 07:48:49'),
(2454, '1', '2021-02-24', 'WAA', 'P1,P2,P4,P5,P6,P7,P8,P9,', 'P1,', 'P1,P2,P3,P4,', 'P2,P3,P4,P5,P6,', '99473177322717184', '008', '88103', '2021-11-27 07:48:49'),
(2455, '1', '2021-02-24', 'Salsabila safitri', 'P1,P2,P4,P5,P6,P7,P8,P9,', 'P1,P2,P3,P5,P6,P7,', 'P1,P2,P3,P4,', 'P6,', '99473177322717184', '011', '46201', '2021-11-27 07:48:49'),
(2456, '1', '2021-02-24', 'Aqhila ', 'P1,P2,P4,P5,P7,P9,', 'P1,P4,P6,', 'P3,', 'P6,', '99473177322717184', '008', '86206', '2021-11-27 07:48:49'),
(2457, '1', '2021-02-24', 'Yayat Fahturrahman Labanu ', 'P1,P2,P5,P8,P9,', 'P4,P7,', 'P1,P3,', 'P5,', '99473177322717184', '009', '26201', '2021-11-27 07:48:49'),
(2458, '1', '2021-02-24', 'Pikacu', 'P1,P2,P4,P6,P7,P8,P9,', 'P3,P5,', 'P2,P3,P4,', 'P2,P3,P5,P6,', '99473177322717184', '008', '88103', '2021-11-27 07:48:49'),
(2459, '1', '2021-02-24', 'ZD', 'P1,P2,P4,P5,P7,P9,', 'P1,P2,P3,P5,P6,P7,', 'P2,P3,', 'P5,', '99473177322717184', '008', '86206', '2021-11-27 07:48:49'),
(2460, '1', '2021-02-24', 'Herawati Setiya Ningrum', 'P1,P2,P4,P5,P6,P7,P8,P9,', 'P1,P2,P3,P4,P5,P6,P7,', 'P3,', 'P5,', '99473177322717184', '008', '88103', '2021-11-27 07:48:49'),
(2461, '1', '2021-02-24', 'Sekar Ayu Kirani', 'P1,P2,P4,P5,P9,', 'P3,P6,', 'P3,', 'P5,', '99473177322717184', '008', '86206', '2021-11-27 07:48:49'),
(2462, '1', '2021-02-24', 'Aqhila ', 'P1,P2,P4,P5,P7,P9,', 'P1,P4,P6,', 'P3,', 'P6,', '99473177322717184', '008', '86206', '2021-11-27 07:48:49'),
(2463, '1', '2021-02-24', 'Wulan', 'P1,P2,P9,', 'P1,', 'P3,', 'P2,P3,', '99473177322717184', '008', '86206', '2021-11-27 07:48:49'),
(2464, '1', '2021-02-24', 'P', 'P1,P2,P4,P5,P6,P7,P8,P9,', 'P1,P2,P3,P5,', 'P3,', 'P5,', '99473177322717184', '008', '86206', '2021-11-27 07:48:49'),
(2465, '1', '2021-02-24', 'Ur', 'P1,P2,P4,P5,P6,P7,P8,P9,', 'P7,', 'P1,P4,', 'P5,', '99473177322717184', '002', '62201', '2021-11-27 07:48:49'),
(2466, '1', '2021-02-24', 'LUTFIA INDAH PALUPI', 'P1,P2,P4,P5,P7,P9,', 'P5,', 'P1,P2,P3,', 'P4,P6,', '99473177322717184', '002', '62201', '2021-11-27 07:48:49'),
(2467, '1', '2021-02-24', 'Ade Aswati', 'P1,P2,P4,P5,P7,P8,P9,', 'P1,P2,P4,P7,', 'P1,P3,', 'P2,P6,', '99473177322717184', '008', '86206', '2021-11-27 07:48:49'),
(2468, '1', '2021-02-24', 'Nadia Rita Safitri', 'P1,P2,P4,P5,P7,P8,P9,', 'P1,P2,P3,P5,P6,P7,', 'P1,P3,', 'P5,', '99473177322717184', '008', '86206', '2021-11-27 07:48:49'),
(2469, '1', '2021-02-24', 'Widya', 'P1,P2,P4,P5,P6,P7,P8,P9,', 'P1,P2,P3,P7,', 'P2,P3,P4,', 'P2,', '99473177322717184', '002', '62201', '2021-11-27 07:48:49'),
(2470, '1', '2021-02-24', 'AFA', 'P1,P2,P4,P5,P9,', 'P1,P2,P4,P5,', 'P1,P2,P3,P4,', 'P5,', '99473177322717184', '002', '62201', '2021-11-27 07:48:49'),
(2471, '1', '2021-02-24', 'EA', 'P1,P2,P3,P4,P5,P6,P7,P8,P9,', 'P1,P2,P3,P4,P5,P6,P7,', 'P1,P2,P4,', 'P4,P6,', '99473177322717184', '008', '86206', '2021-11-27 07:48:49'),
(2472, '1', '2021-02-24', 'Meity indriani', 'P1,P2,P4,P5,P7,P8,P9,', 'P1,P2,P3,P5,', 'P3,', 'P4,', '99473177322717184', '008', '86206', '2021-11-27 07:48:49'),
(2473, '1', '2021-02-24', 'Fadlia Salsabila', 'P1,P2,P4,P7,P8,P9,', 'P1,P2,P3,P5,', 'P2,P3,', 'P2,', '99473177322717184', '001', '76231', '2021-11-27 07:48:49'),
(2474, '1', '2021-02-24', 'Ndaru', 'P1,P2,', 'P6,P7,', 'P2,P3,P4,', 'P5,', '99473177322717184', '008', '84205', '2021-11-27 07:48:49'),
(2475, '1', '2021-02-24', 'Indah', 'P1,P2,P7,P8,P9,', 'P1,P2,P3,P4,P5,P7,', 'P1,P2,P3,P4,', 'P2,', '99473177322717184', '008', '86206', '2021-11-27 07:48:49'),
(2476, '1', '2021-02-24', 'MRH', 'P1,P2,P4,P5,P7,P8,', 'P1,P3,P5,', 'P1,P3,', 'P5,', '99473177322717184', '008', '86206', '2021-11-27 07:48:49'),
(2477, '1', '2021-02-24', 'HDK', 'P1,P5,P7,', 'P1,P4,', 'P1,P2,P3,', 'P5,', '99473177322717184', '008', '84205', '2021-11-27 07:48:49'),
(2478, '1', '2021-02-24', 'Ahla', 'P1,P2,P4,P5,P6,P7,P8,P9,', 'P1,P2,P3,P4,P5,P6,P7,', 'P2,P3,P4,', 'P4,', '99473177322717184', '001', '79203', '2021-11-27 07:48:49'),
(2479, '1', '2021-02-24', 'Lupi', 'P1,P2,P7,P9,', 'P1,P2,P3,P4,P5,P7,', 'P4,', 'P4,', '99473177322717184', '008', '84205', '2021-11-27 07:48:49'),
(2480, '1', '2021-02-24', 'Intan Sukesi Retnaningsih', 'P1,P2,P4,P5,P7,P9,', 'P6,', 'P1,P2,P3,P4,', 'P2,P3,P4,P5,', '99473177322717184', '008', '84205', '2021-11-27 07:48:49'),
(2481, '1', '2021-02-24', 'Amalia Nur Khasanah', 'P1,P2,P4,P5,P6,P7,P8,P9,', 'P1,P2,P3,P4,P5,P6,P7,', 'P1,P3,', 'P4,', '99473177322717184', '008', '86206', '2021-11-27 07:48:49'),
(2482, '1', '2021-02-24', 'F', 'P1,P2,P4,P5,P7,', 'P1,P2,P3,P4,P5,', 'P1,P2,P3,', 'P5,', '99473177322717184', '008', '86206', '2021-11-27 07:48:49'),
(2483, '1', '2021-02-24', 'D**i', 'P1,P2,P4,P5,P7,P8,P9,', 'P1,P2,P3,P4,P5,P6,P7,', 'P3,', 'P5,', '99473177322717184', '008', '84205', '2021-11-27 07:48:49'),
(2484, '1', '2021-02-24', 'Dwi', 'P1,P2,P3,P4,P5,P6,P7,P8,P9,', 'P1,P2,P3,P4,P5,P6,P7,', 'P1,P2,P3,P4,', 'P2,P3,P4,', '99473177322717184', '008', '86206', '2021-11-27 07:48:49'),
(2485, '1', '2021-02-24', 'Yab Yakoba P', 'P1,P2,P4,P6,P7,P8,P9,', 'P1,P2,P3,P4,P5,P6,P7,', 'P1,P3,P4,', 'P5,', '99473177322717184', '008', '84205', '2021-11-27 07:48:49'),
(2486, '1', '2021-02-24', 'jie', 'P1,P2,P5,P7,P9,', 'P6,', 'P4,', 'P2,P3,', '99473177322717184', '010', '79202', '2021-11-27 07:48:49'),
(2487, '1', '2021-02-24', 'M', 'P1,P2,P5,P8,P9,', 'P2,P3,', 'P3,', 'P6,', '99473177322717184', '008', '86201', '2021-11-27 07:48:49'),
(2488, '1', '2021-02-24', 'CC', 'P1,P2,P4,P6,P7,P9,', 'P1,P2,', 'P1,P2,P3,', 'P2,', '99473177322717184', '008', '86201', '2021-11-27 07:48:49'),
(2489, '1', '2021-02-24', 'moon', 'P1,P2,P5,P6,P7,P8,P9,', 'P1,P6,P7,', 'P1,', 'P4,', '99473177322717184', '009', '24201', '2021-11-27 07:48:49'),
(2490, '1', '2021-02-24', 'Nunung ', 'P1,P2,P4,P5,P9,', 'P1,P2,P3,', 'P3,', 'P4,', '99473177322717184', '008', '86201', '2021-11-27 07:48:49'),
(2491, '1', '2021-02-24', 'Ayu', 'P1,P2,P4,P5,P9,', 'P1,P2,P3,P4,P7,', 'P3,P4,', 'P2,P5,', '99473177322717184', '005', '48101', '2021-11-27 07:48:49'),
(2492, '1', '2021-02-24', 'Desi ratna', 'P1,P2,P4,P5,P6,P7,P8,P9,', 'P1,P2,P3,P4,P5,P6,P7,', 'P1,P3,', 'P5,', '99473177322717184', '008', '86201', '2021-11-27 07:48:49'),
(2493, '1', '2021-02-24', 'DEF', 'P1,P2,P3,P5,P6,P7,P8,P9,', 'P1,P2,P3,P4,P5,P6,P7,', 'P1,P2,P3,P4,', 'P2,P3,P4,P5,P6,', '99473177322717184', '008', '86201', '2021-11-27 07:48:49'),
(2494, '1', '2021-02-24', 'Via', 'P1,P2,P4,P5,P6,P7,P8,P9,', 'P1,P2,P3,P5,P6,P7,', 'P1,P2,P3,P4,', 'P3,', '99473177322717184', '005', '48101', '2021-11-27 07:48:49'),
(2495, '1', '2021-02-24', 'F', 'P1,P2,P4,P5,P7,P8,P9,', 'P1,P2,P7,', 'P1,P2,P3,', 'P4,', '99473177322717184', '008', '86201', '2021-11-27 07:48:49'),
(2496, '1', '2021-02-24', 'Faishal Umar', 'P1,P2,P5,P6,P7,P8,P9,', 'P1,P2,P3,P5,', 'P3,', 'P5,', '99473177322717184', '011', '57201', '2021-11-27 07:48:49'),
(2497, '1', '2021-02-24', 'Gita', 'P1,P2,P4,P7,P8,P9,', 'P1,P2,P3,P5,P6,P7,', 'P3,', 'P5,', '99473177322717184', '011', '57201', '2021-11-27 07:48:49'),
(2498, '1', '2021-02-24', 'Aulia Jannah', 'P1,P4,P5,', 'P5,P6,', 'P3,', 'P2,P4,P5,', '99473177322717184', '008', '86201', '2021-11-27 07:48:49'),
(2499, '1', '2021-02-24', 'Rowhah Naqiyyah ', 'P1,P2,P4,P5,P6,P7,P8,P9,', 'P1,P2,P3,P5,P6,', 'P1,P2,P4,', 'P5,', '99473177322717184', '005', '48101', '2021-11-27 07:48:49'),
(2500, '1', '2021-02-24', 'Fauzia balqis mujilestari', 'P1,P2,P4,P5,P7,P8,P9,', 'P4,P5,', 'P3,', 'P2,P3,P5,', '99473177322717184', '009', '24201', '2021-11-27 07:48:49'),
(2501, '1', '2021-02-24', 'Wakhid Mirzaq R', 'P1,P2,P4,P5,P6,P7,P8,P9,', 'P3,P4,P5,P7,', 'P2,P3,P4,', 'P5,', '99473177322717184', '008', '86201', '2021-11-27 07:48:49'),
(2502, '1', '2021-02-24', 'IN', 'P1,P2,P5,P6,P7,P8,P9,', 'P1,P2,P3,P4,P5,P6,P7,', 'P2,P3,P4,', 'P5,', '99473177322717184', '009', '24201', '2021-11-27 07:48:49'),
(2503, '1', '2021-02-24', 'Fadhila Kiranasari', 'P1,P2,P4,P5,P7,P8,P9,', 'P1,P4,P7,', 'P1,P2,P3,P4,', 'P6,', '99473177322717184', '008', '86201', '2021-11-27 07:48:49'),
(2504, '1', '2021-02-24', 'Hana Mufida', 'P1,P2,P4,P6,P7,P8,P9,', 'P5,P7,', 'P2,', 'P3,', '99473177322717184', '005', '48101', '2021-11-27 07:48:49'),
(2505, '1', '2021-02-24', 'BER BUDI BOWO LAKSANA', 'P1,P2,P9,', 'P1,P4,P5,', 'P3,P4,', 'P5,', '99473177322717184', '008', '86201', '2021-11-27 07:48:49'),
(2506, '1', '2021-02-24', 'RNR', 'P1,P2,P4,P5,P7,P9,', 'P1,P3,P5,P6,', 'P4,', 'P5,', '99473177322717184', '008', '86201', '2021-11-27 07:48:49'),
(2507, '1', '2021-02-24', 'Anan', 'P1,P2,P4,P5,P7,P9,', 'P1,P2,P3,P4,P5,P6,P7,', 'P3,P4,', 'P2,P4,', '99473177322717184', '005', '48101', '2021-11-27 07:48:49'),
(2508, '1', '2021-02-24', 'S', 'P1,P2,P4,P5,P7,P8,P9,', 'P1,', 'P1,P2,', 'P3,P5,', '99473177322717184', '009', '24201', '2021-11-27 07:48:49'),
(2509, '1', '2021-02-24', 'S', 'P1,P2,P4,P5,P7,P8,P9,', 'P1,P2,P3,', 'P1,P2,', 'P5,', '99473177322717184', '009', '24201', '2021-11-27 07:48:49'),
(2510, '1', '2021-02-24', 'Indriati', 'P1,P2,P4,P5,P6,P7,P8,P9,', 'P1,P2,P3,P5,P6,', 'P3,', 'P4,', '99473177322717184', '005', '48101', '2021-11-27 07:48:49'),
(2511, '1', '2021-02-24', 'Auliya ', 'P1,P2,P4,P5,P7,P8,P9,', 'P1,P2,P5,P7,', 'P1,P2,P3,', 'P6,', '99473177322717184', '009', '24201', '2021-11-27 07:48:49'),
(2512, '1', '2021-02-24', 'Masita', 'P1,P2,P4,P5,P6,P7,P8,P9,', 'P7,', 'P2,P3,P4,', 'P2,P3,P5,P6,', '99473177322717184', '009', '20201', '2021-11-27 07:48:49'),
(2513, '1', '2021-02-24', 'Ami', 'P1,P2,P4,P6,P7,P8,P9,', 'P1,P3,P4,P5,P6,P7,', 'P3,', 'P4,', '99473177322717184', '009', '24201', '2021-11-27 07:48:49'),
(2514, '1', '2021-02-24', 'Zain Immania Eliasa Amri', 'P1,P2,P4,P5,P9,', 'P2,P3,P4,P5,P6,P7,', 'P3,', 'P5,', '99473177322717184', '008', '86201', '2021-11-27 07:48:49'),
(2515, '1', '2021-02-24', 'RBS', 'P1,P2,P6,P7,P8,P9,', 'P1,P2,P3,P5,P7,', 'P3,', 'P6,', '99473177322717184', '008', '86201', '2021-11-27 07:48:49'),
(2516, '1', '2021-02-24', 'Atikah', 'P1,P2,P5,P6,P7,P8,P9,', 'P1,P2,P3,P4,P5,P6,P7,', 'P1,P2,P3,P4,', 'P5,', '99473177322717184', '009', '20201', '2021-11-27 07:48:49'),
(2517, '1', '2021-02-24', 'shinta', 'P1,P2,P5,P7,P9,', 'P1,P4,P5,P7,', 'P2,P3,P4,', 'P5,', '99473177322717184', '009', '20201', '2021-11-27 07:48:49'),
(2518, '1', '2021-02-24', 'Zain Immania Eliasa Amri', 'P1,P2,P4,P5,P9,', 'P2,P3,P4,P5,P6,P7,', 'P3,', 'P5,', '99473177322717184', '008', '86201', '2021-11-27 07:48:49'),
(2519, '1', '2021-02-24', 'Nirmala Aprizia', 'P1,P2,P4,P5,P7,P8,P9,', 'P1,P2,P3,P4,P5,P6,P7,', 'P2,P3,P4,', 'P5,', '99473177322717184', '005', '48101', '2021-11-27 07:48:49'),
(2520, '1', '2021-02-24', 'AHF', 'P1,P2,P4,P5,P6,P7,P8,P9,', 'P7,', 'P3,', 'P5,', '99473177322717184', '005', '48101', '2021-11-27 07:48:49'),
(2521, '1', '2021-02-24', 'Isal', 'P7,P8,', 'P3,P4,', 'P3,P4,', 'P5,', '99473177322717184', '005', '48101', '2021-11-27 07:48:49'),
(2522, '1', '2021-02-24', 'Oxi Hornavan Valiant As Shidiq', 'P1,P2,P3,P4,P5,P6,P7,P8,P9,', 'P1,P2,P3,P4,P5,P6,P7,', 'P1,P2,P3,P4,', 'P2,P3,P4,P5,P6,', '99473177322717184', '009', '20201', '2021-11-27 07:48:49'),
(2523, '1', '2021-02-23', 'Yusup Rahmad Romadhon', 'P1,P2,P4,P5,P6,P7,P8,P9,', 'P1,P2,P3,P4,P5,P6,', 'P1,', 'P4,', '99473177322717184', '008', '86206', '2021-11-27 07:48:49'),
(2524, '1', '2021-02-23', 'P', 'P1,P2,P4,P8,P9,', 'P1,P2,P3,P4,P5,P6,P7,', 'P3,P4,', 'P2,P4,', '99473177322717184', '008', '86206', '2021-11-27 07:48:49'),
(2525, '1', '2021-02-23', 'M', 'P1,P2,P4,P5,P9,', 'P1,P2,P4,P5,P6,P7,', 'P3,', 'P5,', '99473177322717184', '004', '73201', '2021-11-27 07:48:49'),
(2526, '1', '2021-02-23', 'T I', 'P1,P2,P4,P5,P6,P7,P8,P9,', 'P4,P6,P7,', 'P1,P2,P3,P4,', 'P6,', '99473177322717184', '001', '76231', '2021-11-27 07:48:49'),
(2527, '1', '2021-02-23', 'Roro ayu ', 'P1,P2,P4,P6,P7,P9,', 'P4,P7,', 'P2,P3,P4,', 'P5,', '99473177322717184', '008', '86206', '2021-11-27 07:48:49'),
(2528, '1', '2021-02-23', 'kathleen', 'P1,P2,P5,P8,P9,', 'P2,P3,P5,P7,', 'P2,P3,', 'P2,P6,', '99473177322717184', '008', '86206', '2021-11-27 07:48:49'),
(2529, '1', '2021-02-23', 'Yumna Hasibah ', 'P1,P2,P4,P5,P6,P7,P9,', 'P1,P2,P3,P4,', 'P3,', 'P5,', '99473177322717184', '007', '13201', '2021-11-27 07:48:49'),
(2530, '1', '2021-02-23', 'Indah ', 'P1,P4,P6,P7,P8,P9,', 'P1,P2,P3,P4,P5,P6,P7,', 'P1,P2,P3,P4,', 'P4,P5,', '99473177322717184', '008', '86206', '2021-11-27 07:48:49'),
(2531, '1', '2021-02-23', 'ARS', 'P1,P2,P4,P5,P7,', 'P2,P3,', 'P1,P3,', 'P5,', '99473177322717184', '007', '13201', '2021-11-27 07:48:49'),
(2532, '1', '2021-02-23', 'Ersan Firdaus', 'P1,P2,P5,P6,P7,P8,P9,', 'P4,P6,P7,', 'P3,', 'P6,', '99473177322717184', '008', '86206', '2021-11-27 07:48:49'),
(2533, '1', '2021-02-23', 'Nando', 'P3,P4,P7,P9,', 'P4,P7,', 'P2,P3,P4,', 'P5,', '99473177322717184', '004', '73201', '2021-11-27 07:48:49'),
(2534, '1', '2021-02-23', 'P', 'P1,P2,P4,P5,P7,P8,P9,', 'P1,P2,P3,P5,P7,', 'P1,', 'P2,P6,', '99473177322717184', '007', '13201', '2021-11-27 07:48:49'),
(2535, '1', '2021-02-23', 'Nafila ', 'P1,P2,P5,P9,', 'P1,P2,P3,P5,P6,P7,', 'P1,P2,P4,', 'P5,P6,', '99473177322717184', '007', '13201', '2021-11-27 07:48:49'),
(2536, '1', '2021-02-23', 'Aisyah Putri Muharami', 'P1,P2,P4,P5,P6,P7,P8,P9,', 'P1,P2,P3,P4,P5,P6,P7,', 'P3,', 'P5,', '99473177322717184', '009', '41221', '2021-11-27 07:48:49'),
(2537, '1', '2021-02-23', 'Reza', 'P1,P2,P5,P7,P8,P9,', 'P2,P3,P4,P5,P7,', 'P1,P2,P3,', 'P5,', '99473177322717184', '008', '86206', '2021-11-27 07:48:49'),
(2538, '1', '2021-02-23', 'Aqhila ', 'P1,P2,P4,P5,P7,P9,', 'P1,P4,P6,', 'P3,', 'P6,', '99473177322717184', '008', '86206', '2021-11-27 07:48:49'),
(2539, '1', '2021-02-23', 'Aqhila ', 'P1,P2,P4,P5,P7,P9,', 'P1,P4,P6,', 'P3,', 'P6,', '99473177322717184', '008', '86206', '2021-11-27 07:48:49'),
(2540, '1', '2021-02-23', 'Wulan ', 'P1,P2,P4,P5,P7,P9,', 'P1,P2,P3,P4,P5,P6,P7,', 'P1,P2,P3,P4,', 'P4,', '99473177322717184', '008', '86206', '2021-11-27 07:48:49'),
(2541, '1', '2021-02-23', 'Amirul Hazji Hasibuan', 'P1,P2,P5,P8,P9,', 'P5,P7,', 'P2,P4,', 'P4,', '99473177322717184', '009', '26201', '2021-11-27 07:48:49'),
(2542, '1', '2021-02-23', 'Kholis ', 'P1,P2,P4,P5,P9,', 'P1,P2,P3,P4,P5,P6,P7,', 'P3,P4,', 'P4,P5,', '99473177322717184', '002', '61101', '2021-11-27 07:48:49'),
(2543, '1', '2021-02-23', 'Fadlan ', 'P1,P2,P7,P8,P9,', 'P1,P2,P3,P5,P6,', 'P2,P3,P4,', 'P5,', '99473177322717184', '002', '61101', '2021-11-27 07:48:49'),
(2544, '1', '2021-02-23', 'a', 'P1,P2,P4,P5,P6,P7,P9,', 'P1,P2,P3,P5,P6,P7,', 'P3,', 'P5,', '99473177322717184', '002', '61101', '2021-11-27 07:48:49'),
(2545, '1', '2021-02-23', 'u', 'P1,P2,P4,P5,P6,P7,P8,P9,', 'P1,P3,P4,P5,P7,', 'P1,P2,', 'P2,', '99473177322717184', '002', '61101', '2021-11-27 07:48:49'),
(2546, '1', '2021-02-23', 's', 'P1,P2,P4,P6,P7,P8,P9,', 'P2,P4,P5,P6,', 'P1,P2,P3,', 'P3,P4,P5,P6,', '99473177322717184', '002', '93312', '2021-11-27 07:48:49'),
(2547, '1', '2021-02-23', 'Lio', 'P1,P2,P4,P5,P9,', 'P1,P2,P3,P4,P6,P7,', 'P1,P2,P3,P4,', 'P4,', '99473177322717184', '002', '61101', '2021-11-27 07:48:49'),
(2548, '1', '2021-02-23', 'Leni', 'P1,P2,P4,P5,P7,P8,P9,', 'P3,P4,P5,P6,P7,', 'P3,', 'P2,P3,P4,', '99473177322717184', '001', '76231', '2021-11-27 07:48:49'),
(2549, '1', '2021-02-23', 'Putri', 'P1,P2,P4,P5,P6,P7,P8,P9,', 'P1,P2,P3,P4,P5,P6,P7,', 'P1,P2,P3,P4,', 'P5,', '99473177322717184', '001', '79203', '2021-11-27 07:48:49'),
(2550, '1', '2021-02-23', 'S', 'P1,P2,P4,P7,P9,', 'P1,P2,P3,P4,P5,P7,', 'P1,P2,P4,', 'P2,', '99473177322717184', '010', '79202', '2021-11-27 07:48:49'),
(2551, '1', '2021-02-23', 'Cipa', 'P2,', 'P1,', 'P2,P4,', 'P4,', '99473177322717184', '010', '79202', '2021-11-27 07:48:49'),
(2552, '1', '2021-02-23', 'Oktamidanta', 'P1,P2,P4,P5,P7,P8,P9,', 'P1,P2,P3,P4,P5,P6,P7,', 'P1,P2,P3,P4,', 'P4,', '99473177322717184', '010', '70201', '2021-11-27 07:48:49'),
(2553, '1', '2021-02-23', 'Dedi', 'P1,P2,P5,P9,', 'P4,P7,', 'P3,', 'P2,P4,P5,', '99473177322717184', '010', '70201', '2021-11-27 07:48:49'),
(2554, '1', '2021-02-23', 'NURWAHIDA HARMIN', 'P1,P2,P3,P4,P5,P6,P7,P8,P9,', 'P1,P2,P3,P4,P5,P6,P7,', 'P1,P2,P3,P4,', 'P2,P3,P4,P5,P6,', '99473177322717184', '007', '13211', '2021-11-27 07:48:49'),
(2555, '1', '2021-02-23', 'YN', 'P1,P2,P4,P5,P6,P7,P8,P9,', 'P1,P2,P3,P4,P5,P6,P7,', 'P3,', 'P5,', '99473177322717184', '005', '48101', '2021-11-27 07:48:49'),
(2556, '1', '2021-02-23', 'YN', 'P1,P2,P4,P5,P6,P7,P8,P9,', 'P1,P2,P3,P4,P5,P6,P7,', 'P3,', 'P5,', '99473177322717184', '005', '48101', '2021-11-27 07:48:49'),
(2557, '1', '2021-02-23', 'M.A.M.R', 'P1,P2,P4,P5,P6,P7,P8,P9,', 'P1,P2,P3,P4,P7,', 'P3,', 'P2,', '99473177322717184', '011', '57201', '2021-11-27 07:48:49'),
(2558, '1', '2021-02-23', 'Af', 'P1,P2,P4,P5,P7,P8,P9,', 'P6,P7,', 'P3,', 'P4,P5,', '99473177322717184', '001', '76231', '2021-11-27 07:48:49'),
(2559, '1', '2021-02-22', 'Reka Apriyani', 'P1,P2,P4,P5,P7,P8,P9,', 'P1,P2,P3,P4,P6,P7,', 'P1,P3,', 'P4,P5,', '99473177322717184', '007', '13201', '2021-11-27 07:48:49'),
(2560, '1', '2021-02-22', 'EP', 'P1,P2,P3,P4,P5,P6,P7,P8,P9,', 'P1,P2,P3,P4,P5,P6,P7,', 'P1,P2,P3,', 'P3,', '99473177322717184', '008', '86206', '2021-11-27 07:48:49'),
(2561, '1', '2021-02-22', 'S', 'P1,P2,P5,P9,', 'P3,P5,', 'P3,', 'P5,', '99473177322717184', '004', '73201', '2021-11-27 07:48:49'),
(2562, '1', '2021-02-22', 'SWP', 'P1,P2,P4,P6,P7,P8,P9,', 'P1,P3,P5,P7,', 'P2,P3,P4,', 'P5,', '99473177322717184', '008', '84202', '2021-11-27 07:48:49'),
(2563, '1', '2021-02-22', 'Jasmine', 'P1,P2,P4,P5,P6,P7,P8,P9,', 'P1,P2,P3,P4,P5,P6,P7,', 'P1,P3,', 'P2,P5,', '99473177322717184', '007', '13201', '2021-11-27 07:48:49'),
(2564, '1', '2021-02-22', 'Purwadiantoro', 'P1,P2,P3,P4,P5,P7,P9,', 'P4,P7,', 'P2,P3,P4,', 'P5,', '99473177322717184', '004', '73201', '2021-11-27 07:48:49'),
(2565, '1', '2021-02-22', 'Yuli', 'P1,P2,P3,P4,P5,P7,P9,', 'P1,P2,P3,P5,P6,P7,', 'P1,P3,', 'P5,', '99473177322717184', '008', '86206', '2021-11-27 07:48:49'),
(2566, '1', '2021-02-22', 'MW', 'P1,P2,P4,P5,P7,P8,P9,', 'P1,P2,P3,P4,P5,P6,P7,', 'P1,P2,', 'P4,P6,', '99473177322717184', '008', '84202', '2021-11-27 07:48:49'),
(2567, '1', '2021-02-22', 'Maulidya', 'P1,P2,P4,P5,P6,P7,P8,P9,', 'P1,P2,P3,P4,P5,P6,P7,', 'P3,P4,', 'P4,', '99473177322717184', '007', '13201', '2021-11-27 07:48:49'),
(2568, '1', '2021-02-22', 'S', 'P1,P2,P5,P9,', 'P3,P5,', 'P3,', 'P5,', '99473177322717184', '004', '73201', '2021-11-27 07:48:49'),
(2569, '1', '2021-02-22', 'Galuh tri utami', 'P1,P2,P4,P5,P9,', 'P1,P2,P3,P6,P7,', 'P2,P3,', 'P5,', '99473177322717184', '008', '86206', '2021-11-27 07:48:49'),
(2570, '1', '2021-02-22', 'Mainis Aqmar Zakirah', 'P1,P2,P4,P5,P6,P7,P8,P9,', 'P1,P2,P3,P4,P5,P7,', 'P1,P2,P3,', 'P5,', '99473177322717184', '008', '84202', '2021-11-27 07:48:49'),
(2571, '1', '2021-02-22', 'DA IMATANNUR', 'P1,P2,P4,P5,P9,', 'P1,P4,', 'P1,P3,', 'P3,P4,P5,P6,', '99473177322717184', '008', '84202', '2021-11-27 07:48:49'),
(2572, '1', '2021-02-22', 'Syahni', 'P1,P2,P4,P5,P6,P8,P9,', 'P4,', 'P1,P3,', 'P5,', '99473177322717184', '004', '73201', '2021-11-27 07:48:49'),
(2573, '1', '2021-02-22', 'Nafa Arazila', 'P1,P2,P4,P5,P6,P7,P8,P9,', 'P1,', 'P2,P3,', 'P2,P3,P5,', '99473177322717184', '008', '84202', '2021-11-27 07:48:49'),
(2574, '1', '2021-02-22', 'AW', 'P1,P2,P5,P7,P9,', 'P1,', 'P3,', 'P2,P3,P5,', '99473177322717184', '004', '73201', '2021-11-27 07:48:49'),
(2575, '1', '2021-02-22', 'S', 'P1,P2,P5,P9,', 'P3,P5,', 'P3,', 'P5,', '99473177322717184', '004', '73201', '2021-11-27 07:48:49'),
(2576, '1', '2021-02-22', 'Amanda ', 'P1,P2,P4,P5,P6,P7,P8,P9,', 'P1,P2,P3,P4,P5,P6,P7,', 'P2,P3,P4,', 'P5,', '99473177322717184', '008', '84202', '2021-11-27 07:48:49'),
(2577, '1', '2021-02-22', 'N', 'P1,P2,P5,P7,P8,P9,', 'P1,', 'P3,', 'P5,', '99473177322717184', '004', '73201', '2021-11-27 07:48:49'),
(2578, '1', '2021-02-22', 'S', 'P1,P2,P9,', 'P1,P2,P4,P5,P6,P7,', 'P2,P3,', 'P2,', '99473177322717184', '004', '73201', '2021-11-27 07:48:49'),
(2579, '1', '2021-02-22', 'Mfd', 'P1,P2,P4,P5,P6,P7,P8,P9,', 'P1,P2,P4,P5,P7,', 'P1,P2,P3,P4,', 'P5,', '99473177322717184', '007', '13201', '2021-11-27 07:48:49'),
(2580, '1', '2021-02-22', 'DH', 'P1,P2,P4,P5,P7,P8,P9,', 'P1,P2,P4,P6,P7,', 'P1,P2,P3,P4,', 'P5,', '99473177322717184', '001', '76231', '2021-11-27 07:48:49'),
(2581, '1', '2021-02-22', 'Muhammad Syafrizal Pahlevi', 'P1,P2,P4,P5,P6,P7,P8,P9,', 'P1,P2,P3,P4,', 'P1,P2,P3,P4,', 'P5,', '99473177322717184', '001', '76231', '2021-11-27 07:48:49'),
(2582, '1', '2021-02-22', 'Ade tiara', 'P1,P2,P5,P7,P8,P9,', 'P1,P2,P3,P5,P7,', 'P3,', 'P4,P5,P6,', '99473177322717184', '007', '13201', '2021-11-27 07:48:49'),
(2583, '1', '2021-02-22', 'Nissa', 'P1,P2,P4,P5,P6,P7,P8,P9,', 'P1,P2,P3,P6,P7,', 'P1,P3,', 'P5,', '99473177322717184', '001', '76231', '2021-11-27 07:48:49'),
(2584, '1', '2021-02-22', 'Fatma Putri Ambika', 'P1,P2,P4,P5,P6,P7,P8,P9,', 'P2,P3,P5,P7,', 'P1,P3,', 'P2,P3,P5,', '99473177322717184', '007', '13201', '2021-11-27 07:48:49'),
(2585, '1', '2021-02-22', 'MN', 'P1,P2,P4,P5,P6,P7,P8,P9,', 'P6,', 'P2,P3,', 'P5,', '99473177322717184', '008', '84203', '2021-11-27 07:48:49'),
(2586, '1', '2021-02-22', 'S', 'P1,P2,P4,P5,P6,P7,P8,P9,', 'P1,P2,P3,P4,P5,P7,', 'P1,P2,P3,P4,', 'P2,P5,P6,', '99473177322717184', '008', '87205', '2021-11-27 07:48:49'),
(2587, '1', '2021-02-22', 'Idlal khalish Sulthan', 'P1,P2,P4,P5,P6,P7,P8,P9,', 'P1,P2,P6,P7,', 'P1,P2,P3,P4,', 'P2,', '99473177322717184', '009', '26201', '2021-11-27 07:48:49'),
(2588, '1', '2021-02-22', 'AY', 'P1,P2,P3,P4,P5,P7,P8,P9,', 'P1,P2,P3,P4,P5,P6,P7,', 'P3,P4,', 'P6,', '99473177322717184', '008', '87205', '2021-11-27 07:48:49'),
(2589, '1', '2021-02-22', 'Annisa Nabilla Awalin ', 'P1,P2,P4,P9,', 'P3,P7,', 'P3,', 'P2,P5,P6,', '99473177322717184', '008', '84203', '2021-11-27 07:48:49'),
(2590, '1', '2021-02-22', 'Ayu ramadhani', 'P1,P2,P8,', 'P1,P6,', 'P3,', 'P5,', '99473177322717184', '008', '87205', '2021-11-27 07:48:49'),
(2591, '1', '2021-02-22', 'Anggun S.S', 'P1,P2,P4,P5,P6,P7,P9,', 'P1,P2,P3,P4,P7,', 'P1,P2,P3,P4,', 'P5,', '99473177322717184', '001', '76231', '2021-11-27 07:48:49'),
(2592, '1', '2021-02-22', 'Saffa Ellok Aditiyas', 'P1,P2,P4,P5,P6,P7,P8,P9,', 'P6,P7,', 'P1,P2,P3,', 'P5,', '99473177322717184', '008', '84203', '2021-11-27 07:48:49'),
(2593, '1', '2021-02-22', 'Toing', 'P1,P2,P8,', 'P1,P2,P3,P4,', 'P1,P2,', 'P3,P5,', '99473177322717184', '009', '26201', '2021-11-27 07:48:49'),
(2594, '1', '2021-02-22', 'Mrg', 'P1,P2,P5,P7,P9,', 'P4,P5,', 'P1,P2,P3,', 'P6,', '99473177322717184', '009', '26201', '2021-11-27 07:48:49'),
(2595, '1', '2021-02-22', 'Unge', 'P1,P2,P4,P5,P6,P7,P8,', 'P4,P7,', 'P1,P2,P3,P4,', 'P3,P4,', '99473177322717184', '009', '26201', '2021-11-27 07:48:49'),
(2596, '1', '2021-02-22', 'N', 'P1,P2,P4,P5,P6,P7,P8,P9,', 'P1,P3,P4,P5,P6,P7,', 'P1,P2,P3,', 'P6,', '99473177322717184', '008', '86207', '2021-11-27 07:48:49'),
(2597, '1', '2021-02-22', 'Sva', 'P1,P2,P4,P5,P6,P7,P8,P9,', 'P2,P3,P5,P7,', 'P3,P4,', 'P3,P4,P5,P6,', '99473177322717184', '011', '46201', '2021-11-27 07:48:49'),
(2598, '1', '2021-02-22', 'gabrillian', 'P1,P2,P5,P6,P7,P8,P9,', 'P1,P2,P3,P4,P5,P7,', 'P1,P3,P4,', 'P5,', '99473177322717184', '002', '93312', '2021-11-27 07:48:49'),
(2599, '1', '2021-02-22', 'Bila', 'P1,P2,P4,P5,P6,P7,P8,P9,', 'P1,P2,P3,P4,P7,', 'P2,P3,', 'P4,', '99473177322717184', '008', '86206', '2021-11-27 07:48:49'),
(2600, '1', '2021-02-22', 'NS', 'P1,P2,P4,P5,P6,P7,P8,P9,', 'P1,P2,P3,P4,P5,P6,', 'P3,P4,', 'P6,', '99473177322717184', '001', '76231', '2021-11-27 07:48:49'),
(2601, '1', '2021-02-22', 'Winda Safitri', 'P1,P2,P4,P5,P7,P8,P9,', 'P1,P2,P3,P4,P5,P6,P7,', 'P1,P2,P3,', 'P5,', '99473177322717184', '001', '76231', '2021-11-27 07:48:49'),
(2602, '1', '2021-02-22', 'gabrillian', 'P1,P2,P5,P6,P7,P8,P9,', 'P1,P2,P3,P4,P5,P7,', 'P1,P3,P4,', 'P5,', '99473177322717184', '002', '93312', '2021-11-27 07:48:49'),
(2603, '1', '2021-02-22', 'NR', 'P1,P2,P4,P5,P6,P7,P8,P9,', 'P1,P3,P5,P7,', 'P3,', 'P4,', '99473177322717184', '008', '86206', '2021-11-27 07:48:49'),
(2604, '1', '2021-02-22', 'AR', 'P1,P2,P4,P5,P6,P7,P8,P9,', 'P1,P3,P4,P5,P6,', 'P2,', 'P3,', '99473177322717184', '010', '79202', '2021-11-27 07:48:49'),
(2605, '1', '2021-02-22', 'Dimas Ompu Berlian', 'P1,P2,P3,P4,P5,P6,P7,P8,P9,', 'P1,P4,P6,P7,', 'P2,P3,P4,', 'P2,P3,', '99473177322717184', '010', '79202', '2021-11-27 07:48:49'),
(2606, '1', '2021-02-22', 'Galang', 'P1,P2,P4,P5,P9,', 'P1,P3,', 'P1,P2,P3,P4,', 'P5,', '99473177322717184', '001', '76231', '2021-11-27 07:48:49'),
(2607, '1', '2021-02-22', 'Regi', 'P1,P2,P5,P7,P8,P9,', 'P4,P5,P7,', 'P2,P3,P4,', 'P4,', '99473177322717184', '001', '76231', '2021-11-27 07:48:49'),
(2608, '1', '2021-02-22', 'Mutiara Astuti', 'P1,P2,P4,P7,P9,', 'P1,P7,', 'P3,', 'P4,', '99473177322717184', '008', '86206', '2021-11-27 07:48:49'),
(2609, '1', '2021-02-22', 'Eci trisnawati', 'P1,P2,P4,P5,P6,P7,P8,P9,', 'P1,P2,P3,P4,P5,P6,P7,', 'P1,P2,P3,P4,', 'P3,', '99473177322717184', '001', '76231', '2021-11-27 07:48:49'),
(2610, '1', '2021-02-22', 'Shella', 'P1,P2,P7,P8,P9,', 'P1,P2,P3,P4,P5,P6,', 'P2,P3,', 'P5,', '99473177322717184', '009', '55201', '2021-11-27 07:48:49'),
(2611, '1', '2021-02-22', 'Muhammad zulfahmi', 'P1,P2,P4,P5,P8,P9,', 'P1,P4,P6,P7,', 'P2,P3,P4,', 'P5,', '99473177322717184', '001', '76231', '2021-11-27 07:48:49'),
(2612, '1', '2021-02-22', 'Muhammad zulfahmi', 'P1,P2,P4,P5,P8,P9,', 'P1,P4,P6,P7,', 'P2,P3,P4,', 'P5,', '99473177322717184', '001', '76231', '2021-11-27 07:48:49'),
(2613, '1', '2021-02-22', 'Azzakiy ', 'P1,P2,P5,P6,P7,P8,P9,', 'P1,P3,P4,', 'P3,', 'P5,', '99473177322717184', '001', '79203', '2021-11-27 07:48:49'),
(2614, '1', '2021-02-22', 'Gita Riana', 'P1,P2,P5,', 'P4,P7,', 'P2,P4,', 'P2,P3,P4,', '99473177322717184', '010', '79202', '2021-11-27 07:48:49'),
(2615, '1', '2021-02-22', 'Gita Riana', 'P1,P2,P5,', 'P4,P7,', 'P2,P4,', 'P2,P3,P4,', '99473177322717184', '010', '79202', '2021-11-27 07:48:49'),
(2616, '1', '2021-02-22', 'S', 'P1,P2,P6,P7,P8,P9,', 'P6,P7,', 'P1,P2,P3,P4,', 'P5,P6,', '99473177322717184', '001', '79203', '2021-11-27 07:48:49'),
(2617, '1', '2021-02-22', 'Nuryan Ristita Anjani', 'P1,P2,', 'P4,', 'P2,P4,', 'P2,P4,', '99473177322717184', '010', '70201', '2021-11-27 07:48:49'),
(2618, '1', '2021-02-22', 'Bellinda', 'P1,P2,P4,P7,P8,P9,', 'P5,P6,', 'P2,P3,', 'P5,', '99473177322717184', '010', '79202', '2021-11-27 07:48:49'),
(2619, '1', '2021-02-22', 'Muhammad Arrosyiid', 'P1,P2,P4,P5,P6,P7,P8,P9,', 'P2,P4,P7,', 'P1,P2,P4,', 'P3,P6,', '99473177322717184', '010', '79202', '2021-11-27 07:48:49'),
(2620, '1', '2021-02-22', 'Dian Prameswari', 'P1,P2,P4,P5,P6,P7,P8,P9,', 'P1,P2,P4,P5,P6,P7,', 'P1,P2,P4,', 'P6,', '99473177322717184', '010', '70201', '2021-11-27 07:48:49'),
(2621, '1', '2021-02-22', 'Ahsan', 'P1,P2,P6,P7,P8,P9,', 'P1,P2,P3,P4,P5,P7,', 'P2,P4,', 'P5,', '99473177322717184', '001', '76231', '2021-11-27 07:48:49'),
(2622, '1', '2021-02-22', 'Bagas', 'P1,P2,P4,P5,P7,P8,P9,', 'P1,P2,P3,P4,P5,P7,', 'P1,P2,P3,P4,', 'P5,', '99473177322717184', '001', '79203', '2021-11-27 07:48:49'),
(2623, '1', '2021-02-22', 'ILLA FERIYATI', 'P1,P2,P5,P6,', 'P1,P5,P6,P7,', 'P1,P3,', 'P5,', '99473177322717184', '010', '70201', '2021-11-27 07:48:49'),
(2624, '1', '2021-02-22', 'Faisal abbas', 'P1,P2,P3,P4,P5,P6,P7,P8,P9,', 'P1,P2,P3,P4,P5,P6,P7,', 'P1,P2,P4,', 'P6,', '99473177322717184', '001', '79203', '2021-11-27 07:48:49'),
(2625, '1', '2021-02-22', 'Ta', 'P1,P2,', 'P1,P3,P5,P6,P7,', 'P3,', 'P4,', '99473177322717184', '010', '70201', '2021-11-27 07:48:49'),
(2626, '1', '2021-02-22', 'Adi Wijayanto', 'P1,P2,P4,P5,P7,P9,', 'P1,P4,P7,', 'P1,P2,P3,', 'P5,', '99473177322717184', '008', '86206', '2021-11-27 07:48:49'),
(2627, '1', '2021-02-22', 'DA', 'P1,P2,P3,P4,P5,P7,P9,', 'P4,P7,', 'P1,P2,P3,P4,', 'P5,', '99473177322717184', '001', '79203', '2021-11-27 07:48:49'),
(2628, '1', '2021-02-22', 'Ulfa', 'P1,P2,P4,P5,P6,P7,P8,P9,', 'P1,', 'P1,P2,P3,', 'P4,P5,P6,', '99473177322717184', '011', '45201', '2021-11-27 07:48:49'),
(2629, '1', '2021-02-22', 'Diana Hasni Marfu\'ah', 'P1,P2,P4,P5,P7,P9,', 'P1,P5,P7,', 'P1,', 'P5,', '99473177322717184', '001', '76231', '2021-11-27 07:48:49'),
(2630, '1', '2021-02-22', 'Fatihah Al Mutamaddinah', 'P1,P2,P4,P5,P6,P7,P8,P9,', 'P4,P6,P7,', 'P2,P3,P4,', 'P3,P5,', '99473177322717184', '001', '76231', '2021-11-27 07:48:49'),
(2631, '1', '2021-02-22', 'Nabilah', 'P1,P2,P3,P9,', 'P4,P7,', 'P1,P2,P3,P4,', 'P2,P3,P4,P5,', '99473177322717184', '008', '86206', '2021-11-27 07:48:49'),
(2632, '1', '2021-02-22', 'FU', 'P1,P2,P4,P5,P7,P9,', 'P1,P2,P3,P4,P5,P6,P7,', 'P1,P2,P3,P4,', 'P5,', '99473177322717184', '001', '76231', '2021-11-27 07:48:49'),
(2633, '1', '2021-02-22', 'Azzam', 'P1,P2,P3,P5,P9,', 'P1,P2,P3,P4,P5,P7,', 'P1,P2,P3,P4,', 'P2,P3,P5,P6,', '99473177322717184', '001', '76231', '2021-11-27 07:48:49');
INSERT INTO `tbl_dataset` (`id_dataset`, `itemset_dataset`, `datetime_dataset`, `subyek_dataset`, `params1_dataset`, `params2_dataset`, `params3_dataset`, `params4_dataset`, `author_dataset`, `id_fakultas`, `id_prodi`, `created_dataset`) VALUES
(2634, '1', '2021-02-22', 'Ahmad wahyudi ', 'P1,P2,P4,P5,P6,P7,P8,P9,', 'P4,', 'P2,P3,', 'P3,', '99473177322717184', '010', '79202', '2021-11-27 07:48:49'),
(2635, '1', '2021-02-22', 'Firda', 'P1,P2,P4,P5,P6,P7,P8,P9,', 'P1,P2,P3,P4,P5,P7,', 'P3,', 'P4,', '99473177322717184', '010', '70201', '2021-11-27 07:48:49'),
(2636, '1', '2021-02-22', 'Ahmad wahyudi ', 'P1,P2,P4,P5,P6,P7,P8,P9,', 'P4,', 'P2,P3,', 'P3,', '99473177322717184', '010', '79202', '2021-11-27 07:48:49'),
(2637, '1', '2021-02-22', 'Rini', 'P1,P2,P4,P5,P7,P9,', 'P1,P4,P6,P7,', 'P2,P3,', 'P3,', '99473177322717184', '010', '70201', '2021-11-27 07:48:49'),
(2638, '1', '2021-02-22', 'Ahmad shiddiq ', 'P1,P2,P4,P5,P6,P7,P8,P9,', 'P1,P2,P3,P4,P5,P6,P7,', 'P1,P2,P3,P4,', 'P4,', '99473177322717184', '001', '76231', '2021-11-27 07:48:49'),
(2639, '1', '2021-02-22', 'Elisa', 'P1,P2,P4,P5,P6,P7,P8,P9,', 'P1,P2,P3,P4,P5,P6,P7,', 'P3,', 'P2,', '99473177322717184', '001', '76231', '2021-11-27 07:48:49'),
(2640, '1', '2021-02-22', 'Kiranti', 'P1,P2,P4,P5,P8,P9,', 'P1,P2,P3,P5,P6,P7,', 'P3,P4,', 'P5,', '99473177322717184', '008', '86206', '2021-11-27 07:48:49'),
(2641, '1', '2021-02-22', 'P', 'P1,P2,P4,P5,P6,P7,P9,', 'P2,P3,P7,', 'P2,P3,', 'P2,P3,P4,P6,', '99473177322717184', '007', '13211', '2021-11-27 07:48:49'),
(2642, '1', '2021-02-22', 'Mamat', 'P1,P2,P4,P9,', 'P1,P2,P3,P4,P6,P7,', 'P2,P3,P4,', 'P5,', '99473177322717184', '010', '70201', '2021-11-27 07:48:49'),
(2643, '1', '2021-02-22', 'A', 'P1,P2,P4,P7,P8,P9,', 'P4,', 'P2,', 'P4,P6,', '99473177322717184', '001', '76231', '2021-11-27 07:48:49'),
(2644, '1', '2021-02-22', 'Hana Rasyidah', 'P1,P2,P4,P5,P6,P7,P8,P9,', 'P1,P2,P3,P5,P6,P7,', 'P3,P4,', 'P2,P5,', '99473177322717184', '001', '76231', '2021-11-27 07:48:49'),
(2645, '1', '2021-02-22', 'naadiaphy_', 'P1,P2,P5,P6,P7,P9,', 'P1,P2,P3,P6,P7,', 'P1,', 'P4,', '99473177322717184', '008', '86206', '2021-11-27 07:48:49'),
(2646, '1', '2021-02-22', 'Riviana', 'P1,P2,P4,P5,P7,P8,P9,', 'P1,', 'P3,P4,', 'P5,', '99473177322717184', '010', '70201', '2021-11-27 07:48:49'),
(2647, '1', '2021-02-22', 'NURWAHIDA HARMIN', 'P1,P2,P3,P4,P5,P6,P7,P8,P9,', 'P1,P2,P3,P4,P5,P6,P7,', 'P1,P2,P3,P4,', 'P2,P3,P4,P5,P6,', '99473177322717184', '007', '13211', '2021-11-27 07:48:49'),
(2648, '1', '2021-02-22', 'Yosi Darma Sagita', 'P1,P2,P4,P5,P6,P8,', 'P1,P2,P4,P7,', 'P1,P2,P3,P4,', 'P6,', '99473177322717184', '010', '70201', '2021-11-27 07:48:49'),
(2649, '1', '2021-02-22', 'Habib Basyanur Murdi', 'P1,P2,P4,P5,P6,P7,P8,P9,', 'P1,P2,P4,P5,P7,', 'P3,', 'P4,', '99473177322717184', '005', '48101', '2021-11-27 07:48:49'),
(2650, '1', '2021-02-22', 'Viona Aghda Ramadhani', 'P1,P2,P4,P5,P6,P7,P8,P9,', 'P1,P2,P3,P4,P5,P6,P7,', 'P4,', 'P2,P3,P5,', '99473177322717184', '005', '48101', '2021-11-27 07:48:49'),
(2651, '1', '2021-02-22', 'Primas Nika Ambarani', 'P1,P2,P4,P5,P6,P7,P8,P9,', 'P2,P7,', 'P3,', 'P5,', '99473177322717184', '005', '48101', '2021-11-27 07:48:49'),
(2652, '1', '2021-02-22', 'Nuraini', 'P1,P2,P3,P4,P5,P6,P7,P8,P9,', 'P1,P2,P3,P4,P5,P6,P7,', 'P2,P3,P4,', 'P6,', '99473177322717184', '001', '76231', '2021-11-27 07:48:49'),
(2653, '1', '2021-02-22', 'Sitta Rachmah Aurelia', 'P1,P2,P4,P5,P9,', 'P4,P6,P7,', 'P3,', 'P5,', '99473177322717184', '007', '13211', '2021-11-27 07:48:49'),
(2654, '1', '2021-02-22', 'M', 'P1,P2,P4,P5,P6,P7,P8,P9,', 'P1,P2,P3,P4,P5,P6,P7,', 'P1,P2,P3,', 'P4,P5,', '99473177322717184', '005', '48101', '2021-11-27 07:48:49'),
(2655, '1', '2021-02-22', 'Aslamia', 'P1,P2,P4,P5,P6,P7,P9,', 'P1,P4,P5,P6,P7,', 'P1,P2,P3,P4,', 'P6,', '99473177322717184', '007', '13211', '2021-11-27 07:48:49'),
(2656, '1', '2021-02-22', 'E', 'P1,P2,P4,P5,P7,P9,', 'P1,P2,P5,P7,', 'P4,', 'P5,', '99473177322717184', '005', '48101', '2021-11-27 07:48:49'),
(2657, '1', '2021-02-22', 'D F A', 'P1,P2,P5,P7,P8,', 'P3,P5,P6,P7,', 'P1,P2,P3,P4,', 'P5,', '99473177322717184', '001', '76231', '2021-11-27 07:48:49'),
(2658, '1', '2021-02-22', 'U', 'P1,P2,P6,P7,P8,', 'P2,', 'P3,', 'P2,', '99473177322717184', '009', '24201', '2021-11-27 07:48:49'),
(2659, '1', '2021-02-22', 'E', 'P1,P2,P4,P5,P7,P9,', 'P1,P2,P5,P7,', 'P4,', 'P5,', '99473177322717184', '005', '48101', '2021-11-27 07:48:49'),
(2660, '1', '2021-02-22', 'Gita', 'P1,P2,P4,P7,P8,P9,', 'P1,P2,P3,P5,P6,P7,', 'P3,', 'P5,', '99473177322717184', '011', '57201', '2021-11-27 07:48:49'),
(2661, '1', '2021-02-22', 'Dts', 'P1,P2,P4,P5,P7,P8,P9,', 'P4,', 'P1,P2,P3,P4,', 'P6,', '99473177322717184', '011', '57201', '2021-11-27 07:48:49'),
(2662, '1', '2021-02-22', 'Syafiq Muhammad Nabil', 'P1,P2,P4,P5,P7,P8,P9,', 'P1,P2,P3,P4,P5,P6,P7,', 'P1,P2,P3,', 'P3,', '99473177322717184', '001', '76231', '2021-11-27 07:48:49'),
(2663, '1', '2021-02-22', 'ACM', 'P1,P2,P4,P5,P6,P7,P9,', 'P1,P2,P3,P4,P5,P6,P7,', 'P2,P3,P4,', 'P6,', '99473177322717184', '008', '86206', '2021-11-27 07:48:49'),
(2664, '1', '2021-02-22', 'ATA', 'P1,P2,P4,P5,P6,P7,P8,P9,', 'P1,P2,P3,', 'P1,P3,', 'P4,', '99473177322717184', '005', '48101', '2021-11-27 07:48:49'),
(2665, '1', '2021-02-22', 'Matchapics', 'P1,P2,P5,P6,P7,P8,P9,', 'P2,P5,P6,', 'P1,P3,', 'P5,', '99473177322717184', '011', '57201', '2021-11-27 07:48:49'),
(2666, '1', '2021-02-22', 'Zahra', 'P1,P2,P4,P7,P9,', 'P1,P3,P4,P5,', 'P1,', 'P4,P5,', '99473177322717184', '001', '76231', '2021-11-27 07:48:49'),
(2667, '1', '2021-02-22', 'Devaldi Caliesta Octadiani', 'P1,P2,P4,P5,P9,', 'P1,P6,', 'P2,P3,', 'P5,', '99473177322717184', '011', '57201', '2021-11-27 07:48:49'),
(2668, '1', '2021-02-22', 'H', 'P1,P2,P4,P6,P7,P8,P9,', 'P1,P2,P3,P4,P5,P7,', 'P2,P3,P4,', 'P5,', '99473177322717184', '001', '76231', '2021-11-27 07:48:49'),
(2669, '1', '2021-02-22', 'NK', 'P1,P2,P5,P6,P7,P8,P9,', 'P1,P5,P6,P7,', 'P1,P3,P4,', 'P5,', '99473177322717184', '001', '76231', '2021-11-27 07:48:49'),
(2670, '1', '2021-02-22', 'Naila S', 'P1,P2,P4,P7,P8,P9,', 'P1,P2,P3,P4,P5,P6,P7,', 'P1,', 'P5,', '99473177322717184', '006', '11201', '2021-11-27 07:48:49'),
(2671, '1', '2021-02-22', 'Alfia', 'P1,P2,P4,P5,P6,P7,P9,', 'P4,P5,', 'P1,P2,P3,P4,', 'P5,', '99473177322717184', '008', '86206', '2021-11-27 07:48:49'),
(2672, '1', '2021-02-22', 'Neno', 'P1,P2,P4,P5,P6,P7,P8,P9,', 'P1,P4,P7,', 'P3,', 'P4,', '99473177322717184', '008', '86206', '2021-11-27 07:48:49'),
(2673, '1', '2021-02-22', 'Yuyun', 'P1,P2,P4,P5,P6,P7,P8,P9,', 'P1,P2,P3,P5,P6,P7,', 'P3,', 'P2,', '99473177322717184', '001', '76231', '2021-11-27 07:48:49'),
(2674, '1', '2021-02-22', 'Sherin Dwi Utami ', 'P1,P2,P3,P4,P5,P6,P7,P8,P9,', 'P1,P2,P5,P6,P7,', 'P2,P3,P4,', 'P6,', '99473177322717184', '001', '76231', '2021-11-27 07:48:49'),
(2675, '1', '2021-02-22', 'Zulhijayanto', 'P1,P2,P8,P9,', 'P1,P3,P5,P6,', 'P1,P2,P3,P4,', 'P2,', '99473177322717184', '009', '20201', '2021-11-27 07:48:49'),
(2676, '1', '2021-02-22', 'Rosdianti', 'P1,P2,P4,P5,P6,P7,P8,P9,', 'P1,P5,', 'P3,', 'P5,P6,', '99473177322717184', '001', '76231', '2021-11-27 07:48:49'),
(2677, '1', '2021-02-22', 'K', 'P1,P2,P4,P5,P6,P7,P8,P9,', 'P1,P2,P3,P4,P5,P6,P7,', 'P3,', 'P4,', '99473177322717184', '009', '20201', '2021-11-27 07:48:49'),
(2678, '1', '2021-02-22', 'Ikhsan Dego Pranata', 'P1,P2,P4,P5,P6,P7,P8,P9,', 'P1,P3,', 'P1,P3,', 'P6,', '99473177322717184', '008', '86206', '2021-11-27 07:48:49'),
(2679, '1', '2021-02-22', 'Adelia ', 'P1,P2,P7,', 'P1,P3,P5,P7,', 'P2,P4,', 'P5,', '99473177322717184', '004', '73201', '2021-11-27 07:48:49'),
(2680, '1', '2021-02-22', 'Nin', 'P1,P2,P4,P5,P6,P7,P8,P9,', 'P1,P2,P5,P6,', 'P2,', 'P4,', '99473177322717184', '001', '76231', '2021-11-27 07:48:49'),
(2681, '1', '2021-02-22', 'A', 'P1,P2,P4,P5,P7,P8,P9,', 'P1,P2,P4,', 'P1,P2,P4,', 'P2,P3,P4,P6,', '99473177322717184', '004', '73201', '2021-11-27 07:48:49'),
(2682, '1', '2021-02-22', 'EP', 'P1,P2,P3,P4,P5,P6,P7,P8,P9,', 'P1,P2,P3,P4,P5,P6,P7,', 'P1,P2,P3,', 'P3,', '99473177322717184', '008', '86206', '2021-11-27 07:48:49'),
(2683, '1', '2021-02-22', 'Ima', 'P1,P2,P5,P8,P9,', 'P1,P4,P7,', 'P1,P2,P3,P4,', 'P5,P6,', '99473177322717184', '008', '86206', '2021-11-27 07:48:49'),
(2684, '1', '2021-02-22', 'Zine', 'P1,P2,P4,P6,P7,P8,P9,', 'P1,P2,P6,P7,', 'P3,', 'P5,', '99473177322717184', '001', '76231', '2021-11-27 07:48:49'),
(2685, '1', '2021-02-22', 'DA', 'P1,P2,P4,P5,P8,P9,', 'P1,P3,P4,P5,P6,P7,', 'P1,P2,', 'P4,', '99473177322717184', '008', '86206', '2021-11-27 07:48:49'),
(2686, '1', '2021-02-22', 'Taufiq', 'P1,P2,P3,P4,P5,P6,P7,P8,P9,', 'P1,P2,P3,P4,P5,P6,P7,', 'P1,P2,P3,', 'P5,P6,', '99473177322717184', '001', '76231', '2021-11-27 07:48:49'),
(2687, '1', '2021-02-22', 'Avila', 'P1,P2,P4,P6,P7,P9,', 'P1,P2,P3,P4,P5,P6,P7,', 'P3,P4,', 'P5,', '99473177322717184', '007', '13201', '2021-11-27 07:48:49'),
(2688, '1', '2021-02-22', 'Maisya', 'P1,P2,P4,P5,P7,P9,', 'P1,P2,P3,P5,P6,P7,', 'P3,', 'P4,', '99473177322717184', '007', '13201', '2021-11-27 07:48:49'),
(2689, '1', '2021-02-22', 'AT', 'P1,P2,P4,P6,P7,P8,P9,', 'P6,', 'P2,P3,P4,', 'P4,', '99473177322717184', '008', '86206', '2021-11-27 07:48:49'),
(2690, '1', '2021-02-22', 'Ayu', 'P1,P2,P5,P8,P9,', 'P2,P3,P4,P7,', 'P1,', 'P4,', '99473177322717184', '004', '73201', '2021-11-27 07:48:49'),
(2691, '1', '2021-02-22', 'Oktavianti nendra utami', 'P1,P2,P4,P7,P8,P9,', 'P1,P2,P5,', 'P1,', 'P5,', '99473177322717184', '001', '76231', '2021-11-27 07:48:49'),
(2692, '1', '2021-02-22', 'Ari setiawan', 'P1,P2,P4,P5,P6,P7,P9,', 'P4,P5,P6,P7,', 'P2,', 'P5,', '99473177322717184', '007', '13201', '2021-11-27 07:48:49'),
(2693, '1', '2021-02-22', 'Ice', 'P1,P2,P5,P8,P9,', 'P4,P7,', 'P2,P3,', 'P5,', '99473177322717184', '008', '84202', '2021-11-27 07:48:49'),
(2694, '1', '2021-02-22', 'R', 'P1,P2,P4,P5,P6,P7,P8,P9,', 'P1,P2,P3,', 'P1,P2,P3,P4,', 'P5,', '99473177322717184', '001', '76231', '2021-11-27 07:48:49'),
(2695, '1', '2021-02-22', 'Kaisar', 'P1,P2,P6,P7,P8,', 'P4,P5,P7,', 'P1,P3,', 'P3,', '99473177322717184', '008', '84202', '2021-11-27 07:48:49'),
(2696, '1', '2021-02-22', 'Zahfira', 'P1,P2,P5,P6,P7,P9,', 'P1,P2,', 'P3,', 'P5,', '99473177322717184', '004', '73201', '2021-11-27 07:48:49'),
(2697, '1', '2021-02-22', 'Lestari', 'P1,P2,P4,P5,P6,P7,P8,P9,', 'P1,P2,P3,P5,P6,P7,', 'P1,P2,P3,P4,', 'P5,', '99473177322717184', '004', '73201', '2021-11-27 07:48:49'),
(2698, '1', '2021-02-22', 'Kin', 'P1,P2,P4,P8,P9,', 'P1,P2,P3,P5,P6,P7,', 'P3,', 'P5,', '99473177322717184', '008', '86206', '2021-11-27 07:48:49'),
(2699, '1', '2021-02-22', 'Haidar', 'P1,P2,P4,P5,P8,P9,', 'P1,P2,P3,P4,P5,P6,P7,', 'P1,P2,P3,P4,', 'P5,P6,', '99473177322717184', '004', '73201', '2021-11-27 07:48:49'),
(2700, '1', '2021-02-22', 'Auril', 'P1,P2,P3,P4,P5,P9,', 'P1,P5,P6,P7,', 'P4,', 'P2,P4,P6,', '99473177322717184', '004', '73201', '2021-11-27 07:48:49'),
(2701, '1', '2021-02-21', 'Nida', 'P1,P2,P4,P5,P7,P8,P9,', 'P1,P3,', 'P1,P2,P3,', 'P4,', '99473177322717184', '009', '41221', '2021-11-27 07:48:49'),
(2702, '1', '2021-02-21', 'Oriza Abidharma', 'P1,P2,P4,P9,', 'P1,P2,P3,P4,P5,', 'P1,P2,P3,', 'P4,', '99473177322717184', '009', '41221', '2021-11-27 07:48:49'),
(2703, '1', '2021-02-21', 'Rini Nursanti', 'P1,P2,P4,P7,', 'P2,P3,P5,', 'P1,P2,P3,P4,', 'P5,', '99473177322717184', '009', '26201', '2021-11-27 07:48:49'),
(2704, '1', '2021-02-21', 'Nabila', 'P1,P2,P4,P5,P6,P7,P8,P9,', 'P1,P2,P5,P6,P7,', 'P1,', 'P4,', '99473177322717184', '009', '41221', '2021-11-27 07:48:49'),
(2705, '1', '2021-02-21', 'F', 'P1,P2,P5,P8,P9,', 'P1,P2,P4,P6,P7,', 'P1,P2,P3,P4,', 'P5,', '99473177322717184', '009', '26201', '2021-11-27 07:48:49'),
(2706, '1', '2021-02-21', 'Adinda', 'P1,P2,P4,P5,P8,P9,', 'P1,P2,P3,P6,P7,', 'P3,', 'P5,', '99473177322717184', '009', '41221', '2021-11-27 07:48:49'),
(2707, '1', '2021-02-21', 'Rasyid', 'P1,P2,P5,P8,P9,', 'P1,P2,P3,P5,P6,P7,', 'P2,P3,P4,', 'P2,', '99473177322717184', '009', '41221', '2021-11-27 07:48:49'),
(2708, '1', '2021-02-21', 'Agum', 'P1,P2,P8,P9,', 'P1,P2,P3,P4,P5,P6,', 'P3,P4,', 'P5,', '99473177322717184', '009', '41221', '2021-11-27 07:48:49'),
(2709, '1', '2021-02-21', 'Helsi Yanti Handayani', 'P1,P2,P4,P5,P9,', 'P1,P2,P3,P4,P5,P6,P7,', 'P3,', 'P5,', '99473177322717184', '003', '74201', '2021-11-27 07:48:49'),
(2710, '1', '2021-02-21', 'alul', 'P1,P2,P3,P4,P6,P7,P8,P9,', 'P4,P7,', 'P4,', 'P2,P3,P4,P5,', '99473177322717184', '009', '26201', '2021-11-27 07:48:49'),
(2711, '1', '2021-02-21', 'Rasyid', 'P1,P2,P5,P8,P9,', 'P1,P2,P3,P5,P6,P7,', 'P2,P3,P4,', 'P2,', '99473177322717184', '009', '41221', '2021-11-27 07:48:49'),
(2712, '1', '2021-02-21', 'Rido Ramadhan', 'P1,P2,P4,P5,', 'P1,P2,', 'P2,P3,P4,', 'P2,P6,', '99473177322717184', '003', '74201', '2021-11-27 07:48:49'),
(2713, '1', '2021-02-21', 'Nabila', 'P1,P2,P4,P5,P6,P7,P8,P9,', 'P1,P2,P5,P6,P7,', 'P1,', 'P4,', '99473177322717184', '009', '41221', '2021-11-27 07:48:49'),
(2714, '1', '2021-02-21', 'I', 'P1,P2,P4,P5,P7,P9,', 'P1,P2,P3,P4,P6,P7,', 'P1,P2,P4,', 'P2,P4,', '99473177322717184', '009', '26201', '2021-11-27 07:48:49'),
(2715, '1', '2021-02-21', 'Fzzhrr', 'P1,P2,P4,P5,P7,P8,P9,', 'P1,P2,P3,P5,P6,', 'P2,P3,', 'P5,', '99473177322717184', '003', '74201', '2021-11-27 07:48:49'),
(2716, '1', '2021-02-21', 'Isman', 'P1,P2,P3,P5,P9,', 'P7,', 'P1,P3,', 'P2,P4,P5,P6,', '99473177322717184', '009', '41221', '2021-11-27 07:48:49'),
(2717, '1', '2021-02-21', 'FAA', 'P1,P2,P4,P5,P6,P9,', 'P1,P2,P3,P4,P5,P7,', 'P1,P3,', 'P2,P5,', '99473177322717184', '009', '26201', '2021-11-27 07:48:49'),
(2718, '1', '2021-02-21', 'Alviando', 'P1,P2,P7,P8,P9,', 'P4,P7,', 'P3,', 'P5,', '99473177322717184', '009', '26201', '2021-11-27 07:48:49'),
(2719, '1', '2021-02-21', 'Dwiky Sayfudin Huda', 'P1,P2,P4,P5,P6,P7,P8,P9,', 'P1,P2,P3,P4,P5,P6,P7,', 'P2,', 'P4,', '99473177322717184', '009', '26201', '2021-11-27 07:48:49'),
(2720, '1', '2021-02-21', 'Chairunisa Nindy Aqila ', 'P1,P2,P4,P5,P7,P8,P9,', 'P6,', 'P3,', 'P2,P4,P5,', '99473177322717184', '009', '41221', '2021-11-27 07:48:49'),
(2721, '1', '2021-02-21', 'Khairunnisa Indah Safitri', 'P1,P2,P4,P5,P6,P7,P8,P9,', 'P1,', 'P2,', 'P2,P3,P5,P6,', '99473177322717184', '009', '41221', '2021-11-27 07:48:49'),
(2722, '1', '2021-02-21', 'Rina Fatmawati', 'P1,P2,P4,P5,P7,P9,', 'P6,P7,', 'P3,P4,', 'P4,P6,', '99473177322717184', '009', '26201', '2021-11-27 07:48:49'),
(2723, '1', '2021-02-21', 'Arda Rospita Dewi', 'P1,P2,P4,P5,P6,P7,P8,P9,', 'P1,P2,P3,P6,P7,', 'P3,', 'P5,', '99473177322717184', '009', '41221', '2021-11-27 07:48:49'),
(2724, '1', '2021-02-21', 'Yayat Fahturrahman Labanu ', 'P1,P2,P5,P8,P9,', 'P4,P7,', 'P1,P3,', 'P5,', '99473177322717184', '009', '26201', '2021-11-27 07:48:49'),
(2725, '1', '2021-02-21', 'W', 'P1,P2,P4,P5,P6,P7,P8,P9,', 'P1,P2,P4,P7,', 'P1,P2,P3,P4,', 'P2,P3,P4,P5,P6,', '99473177322717184', '011', '46201', '2021-11-27 07:48:49'),
(2726, '1', '2021-02-21', 'CFU', 'P1,P2,P4,P5,P6,P7,P8,P9,', 'P1,P2,P3,P4,P5,P6,P7,', 'P3,', 'P5,', '99473177322717184', '008', '86207', '2021-11-27 07:48:49'),
(2727, '1', '2021-02-21', 'NW', 'P1,P2,P4,P5,P7,P9,', 'P1,P6,P7,', 'P2,P3,P4,', 'P4,', '99473177322717184', '011', '46201', '2021-11-27 07:48:49'),
(2728, '1', '2021-02-21', 'NW', 'P1,P2,P4,P5,P7,P9,', 'P1,P6,P7,', 'P2,P3,P4,', 'P4,', '99473177322717184', '011', '46201', '2021-11-27 07:48:49'),
(2729, '1', '2021-02-21', 'A', 'P1,P2,P4,P5,P7,P8,P9,', 'P2,P3,P4,P7,', 'P3,P4,', 'P3,', '99473177322717184', '011', '46201', '2021-11-27 07:48:49'),
(2730, '1', '2021-02-21', 'Ulan', 'P1,P2,P4,P5,P9,', 'P3,P4,P7,', 'P3,P4,', 'P2,P4,', '99473177322717184', '008', '86207', '2021-11-27 07:48:49'),
(2731, '1', '2021-02-21', 'Icha ayu viawati narizkia', 'P1,P2,P4,P6,P7,P8,P9,', 'P1,P2,P3,P4,P6,P7,', 'P1,P2,P3,', 'P3,P5,P6,', '99473177322717184', '011', '46201', '2021-11-27 07:48:49'),
(2732, '1', '2021-02-21', 'Rima Putri Cania', 'P1,P2,P4,P5,P7,P8,P9,', 'P1,P2,P3,P5,', 'P3,', 'P4,', '99473177322717184', '011', '46201', '2021-11-27 07:48:49'),
(2733, '1', '2021-02-21', 'Alfiatul Laila', 'P1,P2,P4,P5,P6,P7,P8,P9,', 'P1,P2,P3,P5,P6,P7,', 'P2,P3,', 'P5,', '99473177322717184', '011', '46201', '2021-11-27 07:48:49'),
(2734, '1', '2021-02-21', 'Sadam Risqi Ramdani', 'P1,P2,P4,P5,P7,P9,', 'P1,P2,P3,P4,P5,P6,P7,', 'P2,', 'P6,', '99473177322717184', '002', '93312', '2021-11-27 07:48:49'),
(2735, '1', '2021-02-21', 'Tafep', 'P1,P2,P4,P5,P9,', 'P6,P7,', 'P2,', 'P2,P3,P5,', '99473177322717184', '002', '93312', '2021-11-27 07:48:49'),
(2736, '1', '2021-02-21', 'Kumbang Arya Gumelar', 'P1,P2,P4,P5,P7,P8,P9,', 'P1,P2,P3,P4,P5,P6,P7,', 'P2,P3,P4,', 'P2,', '99473177322717184', '010', '79201', '2021-11-27 07:48:49'),
(2737, '1', '2021-02-21', 'Diandari', 'P1,P2,P4,P5,P6,P7,P8,', 'P1,P2,P4,P6,P7,', 'P3,P4,', 'P6,', '99473177322717184', '010', '79201', '2021-11-27 07:48:49'),
(2738, '1', '2021-02-21', 'Hertin', 'P1,P2,P4,P5,P7,P8,P9,', 'P1,P2,P3,P4,P5,P6,', 'P2,P3,P4,', 'P4,P5,', '99473177322717184', '002', '61101', '2021-11-27 07:48:49'),
(2739, '1', '2021-02-21', 'Pandu', 'P1,P2,P4,P9,', 'P1,', 'P2,P3,', 'P2,P4,', '99473177322717184', '010', '79201', '2021-11-27 07:48:49'),
(2740, '1', '2021-02-21', 'Riza aulia rahman ', 'P1,P2,P5,P9,', 'P1,P6,', 'P1,P2,P4,', 'P4,', '99473177322717184', '010', '79201', '2021-11-27 07:48:49'),
(2741, '1', '2021-02-21', 'Gilangin', 'P1,P2,P5,P6,P7,P8,P9,', 'P2,P3,P4,P5,P7,', 'P1,P2,P3,P4,', 'P2,', '99473177322717184', '010', '70201', '2021-11-27 07:48:49'),
(2742, '1', '2021-02-21', 'W', 'P1,P2,P4,P5,P6,P7,P8,P9,', 'P1,P2,', 'P1,', 'P6,', '99473177322717184', '010', '70201', '2021-11-27 07:48:49'),
(2743, '1', '2021-02-21', 'Shella', 'P1,P2,P7,P8,P9,', 'P1,P2,P3,P4,P5,P6,', 'P2,P3,', 'P5,', '99473177322717184', '009', '55201', '2021-11-27 07:48:49'),
(2744, '1', '2021-02-21', 'Rio', 'P1,P2,P4,P5,P6,P7,P8,P9,', 'P1,P2,P3,P4,P5,P6,P7,', 'P1,P2,P3,', 'P6,', '99473177322717184', '009', '55201', '2021-11-27 07:48:49'),
(2745, '1', '2021-02-21', 'Farid Athallah', 'P1,P2,P4,P5,P7,P8,P9,', 'P1,P2,P4,P5,P6,P7,', 'P2,P3,P4,', 'P3,', '99473177322717184', '009', '55201', '2021-11-27 07:48:49'),
(2746, '1', '2021-02-21', 'Dhea', 'P1,P2,P8,P9,', 'P3,P4,P5,P6,P7,', 'P3,', 'P5,', '99473177322717184', '010', '70201', '2021-11-27 07:48:49'),
(2747, '1', '2021-02-21', 'Kurnia', 'P1,P2,P7,P8,P9,', 'P1,P4,P7,', 'P1,P3,', 'P4,', '99473177322717184', '009', '55201', '2021-11-27 07:48:49'),
(2748, '1', '2021-02-21', 'Alda', 'P1,P2,P4,P5,P7,P8,P9,', 'P1,P2,P3,P5,P6,P7,', 'P1,P2,P3,P4,', 'P2,P6,', '99473177322717184', '010', '70201', '2021-11-27 07:48:49'),
(2749, '1', '2021-02-21', 'Ariyan', 'P1,P2,P5,P6,P7,P8,P9,', 'P1,P2,P3,P5,P7,', 'P1,P2,P3,P4,', 'P4,', '99473177322717184', '009', '55201', '2021-11-27 07:48:49'),
(2750, '1', '2021-02-21', 'Endah Herminarimawati ', 'P1,P2,P4,P6,P7,P8,P9,', 'P1,P3,', 'P3,', 'P5,P6,', '99473177322717184', '009', '55201', '2021-11-27 07:48:49'),
(2751, '1', '2021-02-21', 'nadhili', 'P1,P2,P4,P5,P6,P7,P8,P9,', 'P1,P2,P3,P4,P6,P7,', 'P2,P3,P4,', 'P3,P5,', '99473177322717184', '009', '55201', '2021-11-27 07:48:49'),
(2752, '1', '2021-02-21', 'Kartika puspita', 'P1,P2,P4,P5,P8,', 'P4,P5,P6,P7,', 'P2,P3,P4,', 'P5,', '99473177322717184', '010', '70201', '2021-11-27 07:48:49'),
(2753, '1', '2021-02-21', 'Alfu', 'P1,P2,P4,P5,P7,P8,P9,', 'P1,', 'P1,P2,P3,P4,', 'P5,P6,', '99473177322717184', '010', '70201', '2021-11-27 07:48:49'),
(2754, '1', '2021-02-21', 'Dwi nvt ', 'P1,P2,P3,P4,P5,', 'P1,P2,', 'P1,P2,P3,P4,', 'P5,P6,', '99473177322717184', '010', '70201', '2021-11-27 07:48:49'),
(2755, '1', '2021-02-21', 'Sherly', 'P1,P2,P4,P5,P7,P8,P9,', 'P2,P3,', 'P1,P2,P3,', 'P5,P6,', '99473177322717184', '010', '70201', '2021-11-27 07:48:49'),
(2756, '1', '2021-02-21', 'DAPU', 'P1,P2,P4,P5,P6,P7,P8,P9,', 'P4,', 'P2,P3,P4,', 'P2,P6,', '99473177322717184', '001', '76231', '2021-11-27 07:48:49'),
(2757, '1', '2021-02-21', 'Tasya ', 'P1,P2,P4,P5,P7,P8,P9,', 'P1,P3,P5,P6,', 'P1,P3,', 'P2,P3,P5,', '99473177322717184', '004', '73201', '2021-11-27 07:48:49'),
(2758, '1', '2021-02-21', 'Astrid', 'P1,P2,P4,P9,', 'P1,P2,P3,P6,P7,', 'P1,P2,P3,P4,', 'P4,P6,', '99473177322717184', '009', '24201', '2021-11-27 07:48:49'),
(2759, '1', '2021-02-21', 'E', 'P1,P2,P4,P5,P7,P8,P9,', 'P1,P2,P3,P6,', 'P1,P3,', 'P5,', '99473177322717184', '004', '73201', '2021-11-27 07:48:49'),
(2760, '1', '2021-02-21', 'Rofina Febriani Salma', 'P1,P2,P4,P5,P7,P9,', 'P1,P2,P5,P7,', 'P2,P3,', 'P6,', '99473177322717184', '004', '73201', '2021-11-27 07:48:49'),
(2761, '1', '2021-02-21', 'Nana', 'P1,P2,P4,P5,P7,P8,P9,', 'P1,P4,P6,P7,', 'P1,P2,P3,P4,', 'P5,', '99473177322717184', '009', '24201', '2021-11-27 07:48:49'),
(2762, '1', '2021-02-21', 'J', 'P1,P2,P4,P5,P7,P8,P9,', 'P1,P2,P3,P5,P7,', 'P3,', 'P2,P6,', '99473177322717184', '004', '73201', '2021-11-27 07:48:49'),
(2763, '1', '2021-02-21', 'Tasya ', 'P1,P2,P4,P5,P7,P8,P9,', 'P1,P3,P5,P6,', 'P1,P3,', 'P2,P3,P5,', '99473177322717184', '004', '73201', '2021-11-27 07:48:49'),
(2764, '1', '2021-02-21', 'Gdd', 'P1,P2,P5,P7,P9,', 'P3,P5,P7,', 'P2,P3,P4,', 'P4,', '99473177322717184', '004', '73201', '2021-11-27 07:48:49'),
(2765, '1', '2021-02-21', 'Melvy Septria', 'P1,P2,P4,P5,P7,P8,P9,', 'P1,P5,P6,P7,', 'P4,', 'P2,', '99473177322717184', '004', '73201', '2021-11-27 07:48:49'),
(2766, '1', '2021-02-21', 'RAN', 'P1,P2,P3,', 'P7,', 'P1,', 'P3,P5,', '99473177322717184', '004', '73201', '2021-11-27 07:48:49'),
(2767, '1', '2021-02-21', 'Nurul', 'P1,P2,P9,', 'P1,P3,P4,P5,P7,', 'P1,', 'P5,', '99473177322717184', '004', '73201', '2021-11-27 07:48:49'),
(2768, '1', '2021-02-21', 'Hays', 'P1,P2,P5,P6,P7,P8,P9,', 'P7,', 'P1,P2,', 'P4,P5,', '99473177322717184', '004', '73201', '2021-11-27 07:48:49'),
(2769, '1', '2021-02-21', 'Aditya Santa ', 'P1,P2,P4,P5,P6,P7,P8,P9,', 'P1,P4,P6,P7,', 'P3,', 'P2,P4,P6,', '99473177322717184', '009', '20201', '2021-11-27 07:48:50'),
(2770, '1', '2021-02-21', 'Nafila ', 'P1,P2,P5,P9,', 'P1,P2,P3,P5,P6,P7,', 'P1,P2,P4,', 'P5,P6,', '99473177322717184', '007', '13201', '2021-11-27 07:48:50'),
(2771, '1', '2021-02-21', 'ARS', 'P1,P2,P4,P5,P7,', 'P2,P3,', 'P1,P3,', 'P5,', '99473177322717184', '007', '13201', '2021-11-27 07:48:50'),
(2772, '1', '2021-02-20', 'Ir', 'P1,P2,P9,', 'P7,', 'P1,P2,P3,P4,', 'P2,P3,P4,P5,P6,', '99473177322717184', '003', '74201', '2021-11-27 07:48:50'),
(2773, '1', '2021-02-20', 'Naufal', 'P1,P2,P4,P5,P8,P9,', 'P1,P2,P3,P4,P5,P7,', 'P2,P4,', 'P5,', '99473177322717184', '003', '74201', '2021-11-27 07:48:50'),
(2774, '1', '2021-02-20', 'Erlang Bagus ', 'P1,P2,P5,P7,P8,P9,', 'P1,P2,P3,P4,P5,P6,P7,', 'P1,P2,P3,P4,', 'P2,', '99473177322717184', '003', '74201', '2021-11-27 07:48:50'),
(2775, '1', '2021-02-20', 'Ian', 'P1,P2,P4,P5,P9,', 'P2,P3,P4,P5,P6,P7,', 'P1,P2,P3,P4,', 'P3,', '99473177322717184', '010', '70201', '2021-11-27 07:48:50'),
(2776, '1', '2021-02-20', 'Ibrahim ', 'P1,P2,P4,P5,P7,P8,P9,', 'P2,P4,P5,P6,P7,', 'P2,P4,', 'P5,', '99473177322717184', '006', '11201', '2021-11-27 07:48:50'),
(2777, '1', '2021-02-20', 'Anggit Reza Pahlevi Ajmal Tsani', 'P1,P2,P4,P5,P7,P8,P9,', 'P1,P2,P3,P4,P5,P6,P7,', 'P2,P4,', 'P4,', '99473177322717184', '006', '11201', '2021-11-27 07:48:50'),
(2778, '1', '2021-02-20', 'Zz', 'P1,P2,P4,P6,P7,P8,P9,', 'P7,', 'P2,', 'P3,', '99473177322717184', '003', '74201', '2021-11-27 07:48:50'),
(2779, '1', '2021-02-20', 'MZM', 'P3,', 'P7,', 'P2,P3,P4,', 'P2,P3,P5,', '99473177322717184', '003', '74201', '2021-11-27 07:48:50'),
(2780, '1', '2021-01-26', 'CC', 'P1,P2,P4,P5,P7,P9,', 'P1,P2,P5,P6,P7,', 'P1,', 'P2,', '99473177322717184', '008', '86201', '2021-11-27 07:48:50'),
(2781, NULL, '2021-12-04', 'Junaedi Subekti', 'P1,P2,P4,P5', 'P1,P2,P4,P5', 'P1,P2,P5', 'P3', 'RwaonytrANmGlI7F1xWz9KXbvSh4B6', '003', '74201', '2021-12-04 05:54:59'),
(2782, NULL, '2021-12-04', 'Junaedi Subekti', 'P1,P2,P4,P5', 'P1,P2,P4,P5', 'P1,P2,P5', 'P3', 'RwaonytrANmGlI7F1xWz9KXbvSh4B6', '003', '74201', '2021-12-04 05:58:30'),
(2783, NULL, '2021-12-04', 'Junaedi Subekti', 'P1,P2,P4,P5', 'P1,P2,P4,P5', 'P1,P2,P5', 'P3', 'RwaonytrANmGlI7F1xWz9KXbvSh4B6', '003', '74201', '2021-12-04 05:58:38'),
(2784, NULL, '2021-12-04', 'Junaedi Subekti', 'P1,P2,P4,P5', 'P1,P2,P4,P5', 'P1,P2,P5', 'P3', 'RwaonytrANmGlI7F1xWz9KXbvSh4B6', '003', '74201', '2021-12-04 05:59:06'),
(2785, NULL, '2021-12-04', 'Junaedi Subekti', 'P1,P2,P4,P5', 'P1,P2,P4,P5', 'P1,P2,P5', 'P3', 'RwaonytrANmGlI7F1xWz9KXbvSh4B6', '003', '74201', '2021-12-04 05:59:11'),
(2786, NULL, '2021-12-04', 'Junaedi Subekti', 'P1,P2,P4,P5', 'P1,P2,P4,P5', 'P1,P2,P5', 'P3', 'RwaonytrANmGlI7F1xWz9KXbvSh4B6', '003', '74201', '2021-12-04 06:02:29');

-- --------------------------------------------------------

--
-- Struktur dari tabel `tbl_dataset_transit`
--

CREATE TABLE `tbl_dataset_transit` (
  `id_dataset` int(11) NOT NULL,
  `datetime_dataset` date DEFAULT NULL,
  `subyek_dataset` varchar(255) NOT NULL,
  `params1_dataset` text NOT NULL,
  `params2_dataset` text NOT NULL,
  `params3_dataset` text NOT NULL,
  `params4_dataset` text NOT NULL,
  `author_dataset` varchar(255) NOT NULL,
  `id_fakultas` varchar(50) DEFAULT NULL,
  `id_prodi` varchar(50) DEFAULT NULL,
  `created_dataset` timestamp NOT NULL DEFAULT current_timestamp()
) ENGINE=InnoDB DEFAULT CHARSET=utf8mb4;

-- --------------------------------------------------------

--
-- Struktur dari tabel `tbl_itemset1`
--

CREATE TABLE `tbl_itemset1` (
  `id_itemset1` int(11) NOT NULL,
  `id_proses` varchar(255) NOT NULL,
  `id_fakultas` varchar(50) DEFAULT NULL,
  `atribut` varchar(200) DEFAULT NULL,
  `jumlah` varchar(100) DEFAULT NULL,
  `support` varchar(100) DEFAULT NULL,
  `lolos` varchar(100) DEFAULT NULL
) ENGINE=InnoDB DEFAULT CHARSET=latin1;

-- --------------------------------------------------------

--
-- Struktur dari tabel `tbl_itemset2`
--

CREATE TABLE `tbl_itemset2` (
  `id_itemset2` int(11) NOT NULL,
  `id_proses` varchar(100) NOT NULL,
  `id_fakultas` varchar(50) DEFAULT NULL,
  `atribut1` varchar(200) DEFAULT NULL,
  `atribut2` varchar(200) DEFAULT NULL,
  `jumlah` int(11) DEFAULT NULL,
  `support` double DEFAULT NULL,
  `lolos` tinyint(4) DEFAULT NULL
) ENGINE=InnoDB DEFAULT CHARSET=latin1;

-- --------------------------------------------------------

--
-- Struktur dari tabel `tbl_itemset3`
--

CREATE TABLE `tbl_itemset3` (
  `id_itemset3` int(11) NOT NULL,
  `id_proses` varchar(100) NOT NULL,
  `id_fakultas` varchar(50) DEFAULT NULL,
  `atribut1` varchar(200) DEFAULT NULL,
  `atribut2` varchar(200) DEFAULT NULL,
  `atribut3` varchar(200) DEFAULT NULL,
  `jumlah` int(11) DEFAULT NULL,
  `support` varchar(100) DEFAULT NULL,
  `lolos` int(1) DEFAULT NULL
) ENGINE=InnoDB DEFAULT CHARSET=latin1;

-- --------------------------------------------------------

--
-- Struktur dari tabel `tbl_konsultasi`
--

CREATE TABLE `tbl_konsultasi` (
  `id_konsultasi` varchar(255) NOT NULL,
  `subyek_konsultasi` varchar(255) NOT NULL,
  `params1_konsultasi` text DEFAULT NULL,
  `params2_konsultasi` text DEFAULT NULL,
  `params3_konsultasi` text DEFAULT NULL,
  `params4_konsultasi` text DEFAULT NULL,
  `author_konsultasi` varchar(255) NOT NULL,
  `status_konsultasi` int(1) NOT NULL,
  `created_konsultasi` timestamp NOT NULL DEFAULT current_timestamp()
) ENGINE=InnoDB DEFAULT CHARSET=utf8mb4;

-- --------------------------------------------------------

--
-- Struktur dari tabel `tbl_konsultasi_hasil`
--

CREATE TABLE `tbl_konsultasi_hasil` (
  `id_proses_hasil` int(11) NOT NULL,
  `id_proses` varchar(100) NOT NULL,
  `kombinasi1` varchar(255) DEFAULT NULL,
  `kombinasi2` varchar(255) DEFAULT NULL,
  `support_xUy` double DEFAULT NULL,
  `support_x` double DEFAULT NULL,
  `confidence` double DEFAULT NULL,
  `jumlah_a` int(11) DEFAULT NULL,
  `jumlah_b` int(11) DEFAULT NULL,
  `jumlah_ab` int(11) DEFAULT NULL,
  `px` double DEFAULT NULL,
  `py` double DEFAULT NULL,
  `pxuy` double DEFAULT NULL,
  `uji_lift` double DEFAULT NULL,
  `aturan_korelasi` varchar(255) NOT NULL,
  `iterasi` int(11) DEFAULT NULL COMMENT 'dari itemset 2/3',
  `lolos_proses_hasil` int(11) NOT NULL
) ENGINE=MyISAM DEFAULT CHARSET=latin1;

-- --------------------------------------------------------

--
-- Struktur dari tabel `tbl_konsultasi_log`
--

CREATE TABLE `tbl_konsultasi_log` (
  `id_proses` varchar(255) NOT NULL,
  `id_konsultasi` varchar(255) NOT NULL,
  `min_support` int(11) NOT NULL,
  `min_confident` int(11) NOT NULL,
  `author_proses` varchar(255) NOT NULL,
  `status_proses` int(11) NOT NULL,
  `created_proses` timestamp NOT NULL DEFAULT current_timestamp()
) ENGINE=InnoDB DEFAULT CHARSET=utf8mb4;

-- --------------------------------------------------------

--
-- Struktur dari tabel `tbl_proses_analitik`
--

CREATE TABLE `tbl_proses_analitik` (
  `id_analitik` int(11) NOT NULL,
  `id_proses` varchar(50) NOT NULL,
  `id_fakultas` varchar(50) NOT NULL,
  `conf_analitik` varchar(50) NOT NULL,
  `predikat_analitik` varchar(5) NOT NULL,
  `created_analitik` timestamp NOT NULL DEFAULT current_timestamp()
) ENGINE=InnoDB DEFAULT CHARSET=utf8mb4;

--
-- Dumping data untuk tabel `tbl_proses_analitik`
--

INSERT INTO `tbl_proses_analitik` (`id_analitik`, `id_proses`, `id_fakultas`, `conf_analitik`, `predikat_analitik`, `created_analitik`) VALUES
(1, '940765183', '001', '0', 'A', '2021-12-02 23:27:38'),
(2, '940765183', '002', '58', 'C', '2021-12-02 23:27:38'),
(3, '940765183', '003', '0', 'A', '2021-12-02 23:27:38'),
(4, '940765183', '004', '0', 'A', '2021-12-02 23:27:38'),
(5, '940765183', '005', '62', 'D', '2021-12-02 23:27:38'),
(6, '940765183', '006', '73', 'D', '2021-12-02 23:27:38'),
(7, '940765183', '007', '74', 'D', '2021-12-02 23:27:38'),
(8, '940765183', '008', '62', 'D', '2021-12-02 23:27:38'),
(9, '940765183', '009', '58', 'C', '2021-12-02 23:27:38'),
(10, '940765183', '010', '63', 'D', '2021-12-02 23:27:38'),
(11, '940765183', '011', '72', 'D', '2021-12-02 23:27:38'),
(12, '983625714', '001', '60', 'C', '2021-12-04 05:33:27'),
(13, '983625714', '002', '67', 'D', '2021-12-04 05:33:27'),
(14, '983625714', '003', '0', 'A', '2021-12-04 05:33:27'),
(15, '983625714', '004', '73', 'D', '2021-12-04 05:33:27'),
(16, '983625714', '005', '74', 'D', '2021-12-04 05:33:27'),
(17, '983625714', '006', '100', 'E', '2021-12-04 05:33:27'),
(18, '983625714', '007', '58', 'C', '2021-12-04 05:33:27'),
(19, '983625714', '008', '63', 'D', '2021-12-04 05:33:27'),
(20, '983625714', '009', '73', 'D', '2021-12-04 05:33:27'),
(21, '983625714', '010', '73', 'D', '2021-12-04 05:33:27'),
(22, '983625714', '011', '73', 'D', '2021-12-04 05:33:27');

-- --------------------------------------------------------

--
-- Struktur dari tabel `tbl_proses_hasil`
--

CREATE TABLE `tbl_proses_hasil` (
  `id_proses_hasil` int(11) NOT NULL,
  `id_proses` int(11) NOT NULL,
  `id_fakultas` varchar(50) DEFAULT NULL,
  `kombinasi1` varchar(255) DEFAULT NULL,
  `kombinasi2` varchar(255) DEFAULT NULL,
  `support_xUy` double DEFAULT NULL,
  `support_x` double DEFAULT NULL,
  `confidence` double DEFAULT NULL,
  `jumlah_a` int(11) DEFAULT NULL,
  `jumlah_b` int(11) DEFAULT NULL,
  `jumlah_ab` int(11) DEFAULT NULL,
  `px` double DEFAULT NULL,
  `py` double DEFAULT NULL,
  `pxuy` double DEFAULT NULL,
  `uji_lift` double DEFAULT NULL,
  `aturan_korelasi` varchar(255) NOT NULL,
  `iterasi` int(11) DEFAULT NULL COMMENT 'dari itemset 2/3',
  `lolos_proses_hasil` int(11) NOT NULL
) ENGINE=MyISAM DEFAULT CHARSET=latin1;

-- --------------------------------------------------------

--
-- Struktur dari tabel `tbl_proses_log`
--

CREATE TABLE `tbl_proses_log` (
  `id_proses` int(9) NOT NULL,
  `date_first` date NOT NULL,
  `date_last` date NOT NULL,
  `min_support` varchar(255) NOT NULL,
  `min_confident` varchar(255) NOT NULL,
  `kriteria_proses` int(1) NOT NULL,
  `status_proses` int(1) NOT NULL,
  `author_proses` varchar(255) NOT NULL,
  `created_proses` timestamp NOT NULL DEFAULT current_timestamp()
) ENGINE=InnoDB DEFAULT CHARSET=utf8mb4;

-- --------------------------------------------------------

--
-- Struktur dari tabel `tbl_sistem`
--

CREATE TABLE `tbl_sistem` (
  `id_sistem` int(11) NOT NULL,
  `nama_sistem` varchar(255) NOT NULL,
  `email_sistem` varchar(255) NOT NULL,
  `pass_email_sistem` varchar(255) NOT NULL,
  `status_sistem` int(1) NOT NULL,
  `logo_sistem` varchar(255) DEFAULT NULL,
  `admin_sistem` varchar(255) NOT NULL,
  `updated_sistem` timestamp NULL DEFAULT NULL
) ENGINE=InnoDB DEFAULT CHARSET=utf8mb4;

--
-- Dumping data untuk tabel `tbl_sistem`
--

INSERT INTO `tbl_sistem` (`id_sistem`, `nama_sistem`, `email_sistem`, `pass_email_sistem`, `status_sistem`, `logo_sistem`, `admin_sistem`, `updated_sistem`) VALUES
(1, 'Sistem Pemetaan Perilaku Mahasiswa Universitas Ahmad Dahlan', 'mabes.develover@gmail.com', 'mabes@group17', 1, NULL, '99473177322717184', '2021-11-28 08:32:08');

-- --------------------------------------------------------

--
-- Struktur dari tabel `tbl_user`
--

CREATE TABLE `tbl_user` (
  `id_user` varchar(50) NOT NULL,
  `id_prodi` varchar(100) DEFAULT NULL,
  `id_fakultas` varchar(100) DEFAULT NULL,
  `email_user` varchar(255) NOT NULL,
  `nim_user` varchar(100) DEFAULT NULL,
  `nama_user` varchar(255) NOT NULL,
  `username_user` varchar(255) NOT NULL,
  `password_user` varchar(255) NOT NULL,
  `level_user` int(1) NOT NULL,
  `status_user` int(1) NOT NULL,
  `image_user` varchar(255) DEFAULT NULL,
  `created_user` timestamp NOT NULL DEFAULT current_timestamp()
) ENGINE=InnoDB DEFAULT CHARSET=utf8mb4;

--
-- Dumping data untuk tabel `tbl_user`
--

INSERT INTO `tbl_user` (`id_user`, `id_prodi`, `id_fakultas`, `email_user`, `nim_user`, `nama_user`, `username_user`, `password_user`, `level_user`, `status_user`, `image_user`, `created_user`) VALUES
('819765yh2Do0pCF61jQTK5a3vxMrw7', '55201', '009', 'tiara@gmail.com', '1700018174', 'Tiara Anggraini', 'user', '40bd001563085fc35165329ea1ff5c5ecbdbbeef', 2, 1, NULL, '2021-10-22 05:50:47'),
('948057SjkdyNnrsWzPiAUw78b2t4Hc', NULL, NULL, 'user@gmail.com', NULL, 'Ervin Fikot M.', 'user14', '8cb2237d0679ca88db6464eac60da96345513964', 1, 1, NULL, '2021-10-20 01:31:43'),
('970138k9utzvJYlde7xEsDVT2pMR5P', '74201', '003', 'ervinfm14@gmail.com', '1701010100', 'Mukhaimin Samudra', 'user100', '40bd001563085fc35165329ea1ff5c5ecbdbbeef', 2, 1, NULL, '2021-11-24 14:48:25'),
('99473177322717184', NULL, NULL, 'tiaraagaib@gmail.com', NULL, 'Tiara Anggraini Gaib', 'admin', 'd033e22ae348aeb5660fc2140aec35850c4da997', 1, 1, 'user-JCgGbja9n0zAQUHP1M6lyxNIswVt5X.png', '2021-10-13 05:29:10'),
('RwaonytrANmGlI7F1xWz9KXbvSh4B6', '74201', '003', 'jun.sub@gmail.com', '1700066201', 'Junaedi Subekti', 'user11', '40bd001563085fc35165329ea1ff5c5ecbdbbeef', 2, 1, NULL, '2021-11-24 12:50:48');

-- --------------------------------------------------------

--
-- Struktur dari tabel `tbl_user_log`
--

CREATE TABLE `tbl_user_log` (
  `id_user_log` int(11) NOT NULL,
  `id_user` varchar(255) NOT NULL,
  `target_user_log` varchar(255) DEFAULT NULL,
  `device_user_log` varchar(255) NOT NULL,
  `created_user_log` timestamp NOT NULL DEFAULT current_timestamp()
) ENGINE=InnoDB DEFAULT CHARSET=utf8mb4;

-- --------------------------------------------------------

--
-- Struktur dari tabel `tb_fakultas`
--

CREATE TABLE `tb_fakultas` (
  `id_fakultas` varchar(50) NOT NULL,
  `nama_fakultas` varchar(255) NOT NULL,
  `created_fakultas` timestamp NOT NULL DEFAULT current_timestamp()
) ENGINE=InnoDB DEFAULT CHARSET=utf8mb4;

--
-- Dumping data untuk tabel `tb_fakultas`
--

INSERT INTO `tb_fakultas` (`id_fakultas`, `nama_fakultas`, `created_fakultas`) VALUES
('001', 'Fakultas Agama Islam', '2021-11-23 20:23:00'),
('002', 'Fakultas Ekonomi dan Bisnis', '2021-11-23 20:23:00'),
('003', 'Fakultas Hukum', '2021-11-23 20:23:00'),
('004', 'Fakultas Psikolgi', '2021-11-23 20:23:00'),
('005', 'Fakultas Farmasi', '2021-11-23 20:23:00'),
('006', 'Fakultas Kedokteran', '2021-11-23 20:23:00'),
('007', 'Fakultas Kesehatan Masyarakat', '2021-11-23 20:23:00'),
('008', 'Fakultas Keguruan dan Ilmu Pendidikan', '2021-11-23 20:23:00'),
('009', 'Fakultas Teknologi Industri', '2021-11-23 20:21:33'),
('010', 'Fakultas Sastra Budaya dan Komunikasi', '2021-11-23 20:23:28'),
('011', 'Fakultas Sains dan Teknologi Terapan', '2021-11-23 20:23:28');

-- --------------------------------------------------------

--
-- Struktur dari tabel `tb_prodi`
--

CREATE TABLE `tb_prodi` (
  `id_prodi` varchar(50) NOT NULL,
  `id_fakultas` varchar(50) NOT NULL,
  `nama_prodi` varchar(255) NOT NULL,
  `created_prodi` timestamp NOT NULL DEFAULT current_timestamp()
) ENGINE=InnoDB DEFAULT CHARSET=utf8mb4;

--
-- Dumping data untuk tabel `tb_prodi`
--

INSERT INTO `tb_prodi` (`id_prodi`, `id_fakultas`, `nama_prodi`, `created_prodi`) VALUES
('11201', '006', 'Kedokteran', '2021-11-23 22:39:32'),
('13201', '007', 'Kesehatan Masyarakat', '2021-11-23 22:41:49'),
('13211', '007', 'Gizi', '2021-11-23 22:42:26'),
('20201', '009', 'Teknik Elektro', '2021-11-23 20:56:44'),
('24201', '009', 'Teknik Kimia', '2021-11-23 22:48:18'),
('26201', '009', 'Teknik Industri', '2021-11-23 22:47:52'),
('41221', '009', 'Teknologi Pangan', '2021-11-23 22:48:32'),
('44201', '011', 'Matematika', '2021-11-23 22:59:42'),
('45201', '011', 'Fisika', '2021-11-23 22:58:54'),
('46201', '011', 'Biologi', '2021-11-23 22:59:10'),
('48101', '005', 'Farmasi', '2021-11-23 22:38:12'),
('55201', '009', 'Teknik Informatika', '2021-11-23 20:21:14'),
('57201', '011', 'Sistem Informasi\r\n', '2021-11-23 20:27:06'),
('60201', '002', 'Ekonomi Pembangunan', '2021-11-23 22:31:29'),
('61101', '002', 'Manajemen', '2021-11-23 22:25:32'),
('61206', '001', 'Perbankan Syari\'ah', '2021-11-23 22:22:11'),
('62201', '002', 'Akuntansi', '2021-11-23 22:29:44'),
('70201', '010', 'Ilmu Komunikasi', '2021-11-23 22:52:49'),
('70234', '001', 'Pend. Agama Islam', '2021-11-23 22:21:44'),
('73201', '004', 'Psikologi', '2021-11-23 22:35:21'),
('74201', '003', 'Ilmu Hukum', '2021-11-23 22:34:59'),
('76231', '001', 'Ilmu Hadis', '2021-11-23 22:33:01'),
('79201', '010', 'Sastra Indonesia', '2021-11-23 22:51:53'),
('79202', '010', 'Sastra Inggris', '2021-11-23 22:52:09'),
('79203', '001', 'Bahasa dan Sastra Arab', '2021-11-23 20:27:06'),
('84202', '008', 'Pend. Matematika', '2021-11-23 22:44:31'),
('84203', '008', ' Pend. Fisika', '2021-11-23 22:44:49'),
('84205', '008', 'Pend. Biologi', '2021-11-23 20:27:06'),
('86201', '008', 'Bimbingan dan Konseling', '2021-11-23 22:43:38'),
('86206', '008', ' Pend. Guru Sekolah Dasar', '2021-11-23 22:45:27'),
('86207', '008', 'Pend. Guru PAUD', '2021-11-23 22:46:27'),
('87205', '008', ' Pend. Pancasila dan Kewarganegaraan', '2021-11-23 22:45:04'),
('88103', '008', ' Pend. Bahasa Inggris', '2021-11-23 22:43:59'),
('88201', '008', ' Pend. Sastra Indonesia', '2021-11-23 22:44:15'),
('93312', '002', 'Bisnis Jasa Makanan', '2021-11-23 22:31:00');

-- --------------------------------------------------------

--
-- Struktur dari tabel `tb_rekomendasi`
--

CREATE TABLE `tb_rekomendasi` (
  `id_rekomendasi` int(11) NOT NULL,
  `keriteria_rekomendasi` varchar(25) NOT NULL,
  `isi_rekomendasi` text NOT NULL,
  `level_rekomendasi` varchar(255) NOT NULL,
  `min_rekomendasi` varchar(20) NOT NULL,
  `max_rekomendasi` varchar(20) NOT NULL,
  `updated_rekomendasi` datetime DEFAULT current_timestamp()
) ENGINE=InnoDB DEFAULT CHARSET=utf8mb4;

--
-- Dumping data untuk tabel `tb_rekomendasi`
--

INSERT INTO `tb_rekomendasi` (`id_rekomendasi`, `keriteria_rekomendasi`, `isi_rekomendasi`, `level_rekomendasi`, `min_rekomendasi`, `max_rekomendasi`, `updated_rekomendasi`) VALUES
(1, '1', 'Lorem ipsum dolor sit amet consectetur adipisicing elit. Delectus fuga molestias ullam animi incidunt aspernatur iusto nihil ad laborum. Omnis, veniam laboriosam labore ea ipsum quae vitae laborum atque pariatur!', '1', '0', '0', '2021-12-04 10:44:30'),
(2, '2', 'Lorem ipsum dolor, sit amet consectetur adipisicing elit. Nihil saepe ullam suscipit nobis voluptas deserunt eveniet blanditiis illo illum maiores excepturi debitis perferendis pariatur sunt culpa vero, quidem provident facere!\r\n', '1', '0', '0', '2021-12-04 10:49:20'),
(3, '3', 'Lorem ipsum dolor sit amet consectetur adipisicing elit. Amet accusantium optio fugiat perferendis doloribus, alias explicabo, enim eaque cum repellendus quidem eligendi est repellat. Quisquam libero doloribus nobis esse facilis.', '1', '0', '0', '2021-12-04 10:49:20'),
(4, '4', 'gfgdfgfdgfdg', '1', '0', '0', '2021-12-04 10:44:30'),
(5, '0', '<p><em><strong>Lorem ipsum dolor sit amet consectetur, adipisicing elit. Illo minima, voluptatum nesciunt facere tenetur optio quo sed reprehenderit quae reiciendis enim commodi sint repudiandae fuga omnis vero, incidunt modi et?</strong></em></p>\r\n', '2', '0', '25', '2021-12-04 10:44:30'),
(6, '0', '<p><strong><s><em>Lorem ipsum dolor sit amet consectetur adipisicing elit. </em></s></strong></p>\r\n\r\n<p><strong><s><em>Maiores alias nesciunt saepe! Incidunt assumenda architecto maiores ab. </em></s></strong></p>\r\n\r\n<p><strong><s><em>Nihil culpa temporibus ex quam soluta quisquam, porro mollitia alias, amet autem animi?</em></s></strong></p>\r\n', '2', '26', '50', '2021-12-04 10:49:20'),
(7, '0', '<p>lorem</p>\r\n', '2', '51', '75', '2021-12-04 10:49:20'),
(8, '0', '<p>lorem ipsum</p>\r\n', '2', '76', '100', '2021-12-04 10:44:30');

--
-- Indexes for dumped tables
--

--
-- Indeks untuk tabel `tbl_dataset`
--
ALTER TABLE `tbl_dataset`
  ADD PRIMARY KEY (`id_dataset`);

--
-- Indeks untuk tabel `tbl_dataset_transit`
--
ALTER TABLE `tbl_dataset_transit`
  ADD PRIMARY KEY (`id_dataset`);

--
-- Indeks untuk tabel `tbl_itemset1`
--
ALTER TABLE `tbl_itemset1`
  ADD PRIMARY KEY (`id_itemset1`);

--
-- Indeks untuk tabel `tbl_itemset2`
--
ALTER TABLE `tbl_itemset2`
  ADD PRIMARY KEY (`id_itemset2`);

--
-- Indeks untuk tabel `tbl_itemset3`
--
ALTER TABLE `tbl_itemset3`
  ADD PRIMARY KEY (`id_itemset3`);

--
-- Indeks untuk tabel `tbl_konsultasi`
--
ALTER TABLE `tbl_konsultasi`
  ADD PRIMARY KEY (`id_konsultasi`);

--
-- Indeks untuk tabel `tbl_konsultasi_hasil`
--
ALTER TABLE `tbl_konsultasi_hasil`
  ADD PRIMARY KEY (`id_proses_hasil`);

--
-- Indeks untuk tabel `tbl_konsultasi_log`
--
ALTER TABLE `tbl_konsultasi_log`
  ADD PRIMARY KEY (`id_proses`);

--
-- Indeks untuk tabel `tbl_proses_analitik`
--
ALTER TABLE `tbl_proses_analitik`
  ADD PRIMARY KEY (`id_analitik`);

--
-- Indeks untuk tabel `tbl_proses_hasil`
--
ALTER TABLE `tbl_proses_hasil`
  ADD PRIMARY KEY (`id_proses_hasil`);

--
-- Indeks untuk tabel `tbl_proses_log`
--
ALTER TABLE `tbl_proses_log`
  ADD PRIMARY KEY (`id_proses`);

--
-- Indeks untuk tabel `tbl_sistem`
--
ALTER TABLE `tbl_sistem`
  ADD PRIMARY KEY (`id_sistem`);

--
-- Indeks untuk tabel `tbl_user`
--
ALTER TABLE `tbl_user`
  ADD PRIMARY KEY (`id_user`),
  ADD UNIQUE KEY `email_user` (`email_user`),
  ADD UNIQUE KEY `username_user` (`username_user`);

--
-- Indeks untuk tabel `tbl_user_log`
--
ALTER TABLE `tbl_user_log`
  ADD PRIMARY KEY (`id_user_log`);

--
-- Indeks untuk tabel `tb_fakultas`
--
ALTER TABLE `tb_fakultas`
  ADD PRIMARY KEY (`id_fakultas`);

--
-- Indeks untuk tabel `tb_prodi`
--
ALTER TABLE `tb_prodi`
  ADD PRIMARY KEY (`id_prodi`),
  ADD KEY `id_fakultas` (`id_fakultas`);

--
-- Indeks untuk tabel `tb_rekomendasi`
--
ALTER TABLE `tb_rekomendasi`
  ADD PRIMARY KEY (`id_rekomendasi`);

--
-- AUTO_INCREMENT untuk tabel yang dibuang
--

--
-- AUTO_INCREMENT untuk tabel `tbl_dataset`
--
ALTER TABLE `tbl_dataset`
  MODIFY `id_dataset` int(11) NOT NULL AUTO_INCREMENT, AUTO_INCREMENT=2787;

--
-- AUTO_INCREMENT untuk tabel `tbl_dataset_transit`
--
ALTER TABLE `tbl_dataset_transit`
  MODIFY `id_dataset` int(11) NOT NULL AUTO_INCREMENT, AUTO_INCREMENT=20804;

--
-- AUTO_INCREMENT untuk tabel `tbl_itemset1`
--
ALTER TABLE `tbl_itemset1`
  MODIFY `id_itemset1` int(11) NOT NULL AUTO_INCREMENT;

--
-- AUTO_INCREMENT untuk tabel `tbl_itemset2`
--
ALTER TABLE `tbl_itemset2`
  MODIFY `id_itemset2` int(11) NOT NULL AUTO_INCREMENT;

--
-- AUTO_INCREMENT untuk tabel `tbl_itemset3`
--
ALTER TABLE `tbl_itemset3`
  MODIFY `id_itemset3` int(11) NOT NULL AUTO_INCREMENT;

--
-- AUTO_INCREMENT untuk tabel `tbl_konsultasi_hasil`
--
ALTER TABLE `tbl_konsultasi_hasil`
  MODIFY `id_proses_hasil` int(11) NOT NULL AUTO_INCREMENT;

--
-- AUTO_INCREMENT untuk tabel `tbl_proses_analitik`
--
ALTER TABLE `tbl_proses_analitik`
  MODIFY `id_analitik` int(11) NOT NULL AUTO_INCREMENT, AUTO_INCREMENT=23;

--
-- AUTO_INCREMENT untuk tabel `tbl_proses_hasil`
--
ALTER TABLE `tbl_proses_hasil`
  MODIFY `id_proses_hasil` int(11) NOT NULL AUTO_INCREMENT;

--
-- AUTO_INCREMENT untuk tabel `tbl_sistem`
--
ALTER TABLE `tbl_sistem`
  MODIFY `id_sistem` int(11) NOT NULL AUTO_INCREMENT, AUTO_INCREMENT=2;

--
-- AUTO_INCREMENT untuk tabel `tbl_user_log`
--
ALTER TABLE `tbl_user_log`
  MODIFY `id_user_log` int(11) NOT NULL AUTO_INCREMENT;

--
-- AUTO_INCREMENT untuk tabel `tb_rekomendasi`
--
ALTER TABLE `tb_rekomendasi`
  MODIFY `id_rekomendasi` int(11) NOT NULL AUTO_INCREMENT, AUTO_INCREMENT=9;
COMMIT;

/*!40101 SET CHARACTER_SET_CLIENT=@OLD_CHARACTER_SET_CLIENT */;
/*!40101 SET CHARACTER_SET_RESULTS=@OLD_CHARACTER_SET_RESULTS */;
/*!40101 SET COLLATION_CONNECTION=@OLD_COLLATION_CONNECTION */;
