-- phpMyAdmin SQL Dump
-- version 5.0.4
-- https://www.phpmyadmin.net/
--
-- Host: 127.0.0.1
-- Waktu pembuatan: 25 Nov 2021 pada 12.39
-- Versi server: 10.4.16-MariaDB
-- Versi PHP: 7.4.12

SET SQL_MODE = "NO_AUTO_VALUE_ON_ZERO";
START TRANSACTION;
SET time_zone = "+00:00";


/*!40101 SET @OLD_CHARACTER_SET_CLIENT=@@CHARACTER_SET_CLIENT */;
/*!40101 SET @OLD_CHARACTER_SET_RESULTS=@@CHARACTER_SET_RESULTS */;
/*!40101 SET @OLD_COLLATION_CONNECTION=@@COLLATION_CONNECTION */;
/*!40101 SET NAMES utf8mb4 */;

--
-- Database: `db_prilaku`
--

-- --------------------------------------------------------

--
-- Struktur dari tabel `tbl_dataset`
--

CREATE TABLE `tbl_dataset` (
  `id_dataset` int(11) NOT NULL,
  `itemset_dataset` varchar(255) DEFAULT NULL,
  `datetime_dataset` date NOT NULL,
  `subyek_dataset` varchar(255) NOT NULL,
  `params1_dataset` text DEFAULT NULL,
  `params2_dataset` text DEFAULT NULL,
  `params3_dataset` text DEFAULT NULL,
  `params4_dataset` text DEFAULT NULL,
  `author_dataset` varchar(255) NOT NULL,
  `id_fakultas` varchar(50) DEFAULT NULL,
  `created_dataset` timestamp NOT NULL DEFAULT current_timestamp()
) ENGINE=InnoDB DEFAULT CHARSET=utf8mb4;

--
-- Dumping data untuk tabel `tbl_dataset`
--

INSERT INTO `tbl_dataset` (`id_dataset`, `itemset_dataset`, `datetime_dataset`, `subyek_dataset`, `params1_dataset`, `params2_dataset`, `params3_dataset`, `params4_dataset`, `author_dataset`, `id_fakultas`, `created_dataset`) VALUES
(448, '1', '2021-11-11', 'AFA', 'P1,P2,P4,P5,P9,', 'P1,P2,P4,P5,', 'P1,P2,P3,P4,', 'P4,', '99473177322717184', NULL, '2021-11-11 11:18:09'),
(449, '1', '2021-11-11', 'Nahnuriyah ', 'P1,P2,P4,P7,P9,', 'P1,P2,P3,P5,P6,P7,', 'P1,P4,', 'P4,', '99473177322717184', NULL, '2021-11-11 11:18:09'),
(450, '1', '2021-11-11', 'Azzakiy ', 'P1,P2,P5,P6,P7,P8,P9,', 'P1,P3,P4,', 'P3,', 'P4,', '99473177322717184', NULL, '2021-11-11 11:18:09'),
(451, NULL, '2021-11-24', 'Mukhaimin Samudra', 'P1,P2,P4,P5', 'P1,P2,P4,P5', 'P1,P2,P3,P4,P5', 'P3,P4', '970138k9utzvJYlde7xEsDVT2pMR5P', '003', '2021-11-24 15:22:16'),
(452, '2', '2021-02-28', 'AM', 'P1,P2,P5,P7,P9,', 'P1,P2,P3,P4,P6,P7,', 'P3,', 'P5,', '99473177322717184', NULL, '2021-11-25 11:29:26'),
(453, '2', '2021-02-28', 'Yasifa amila sani', 'P1,P2,P5,P7,P8,P9,', 'P2,P3,P5,P6,P7,', 'P2,P3,', 'P4,P6,', '99473177322717184', NULL, '2021-11-25 11:29:26'),
(454, '2', '2021-02-28', 'Yasifa amila sani', 'P1,P2,P5,P7,P8,P9,', 'P2,P3,P5,P6,P7,', 'P2,P3,', 'P4,P6,', '99473177322717184', NULL, '2021-11-25 11:29:26'),
(455, '2', '2021-02-28', 'Hanum', 'P1,P2,P4,P5,P7,P8,P9,', 'P1,P2,P3,P4,P5,P6,P7,', 'P2,P3,P4,', 'P4,', '99473177322717184', NULL, '2021-11-25 11:29:26'),
(456, '2', '2021-02-28', 'Cindy', 'P1,P2,P4,P5,P7,P8,P9,', 'P3,P4,P5,P7,', 'P2,P3,', 'P3,P4,P5,', '99473177322717184', '004', '2021-11-25 11:29:26'),
(457, '2', '2021-02-28', 'Affan', 'P1,P2,P5,P6,P8,P9,', 'P3,P4,P5,P6,P7,', 'P1,P3,', 'P3,P5,', '99473177322717184', '004', '2021-11-25 11:29:26'),
(458, '2', '2021-02-28', 'C', 'P1,P2,P4,P7,P8,P9,', 'P1,P2,P3,P4,P5,P6,P7,', 'P1,P2,P3,P4,', 'P5,', '99473177322717184', '007', '2021-11-25 11:29:26'),
(459, '2', '2021-02-28', 'FS', 'P1,P2,P4,P5,P7,P8,P9,', 'P1,P4,P5,P6,', 'P2,', 'P5,', '99473177322717184', '004', '2021-11-25 11:29:26'),
(460, '2', '2021-02-28', 'Triana Aprilyta Annisa', 'P1,P4,P5,P7,P8,P9,', 'P1,P3,P4,P5,P6,P7,', 'P1,P2,', 'P5,', '99473177322717184', '007', '2021-11-25 11:29:26'),
(461, '2', '2021-02-28', 'Nonik ifana', 'P1,P2,P7,P9,', 'P4,', 'P2,P3,P4,', 'P3,', '99473177322717184', NULL, '2021-11-25 11:29:26'),
(462, '2', '2021-02-28', 'Yuni', 'P1,P2,P4,P5,P7,P9,', 'P6,P7,', 'P3,P4,', 'P2,P3,P4,P5,', '99473177322717184', '003', '2021-11-25 11:29:26'),
(463, '2', '2021-02-28', 'RA', 'P1,P2,P4,P5,P7,P9,', 'P7,', 'P1,P2,P3,', 'P2,P3,P4,P5,', '99473177322717184', '005', '2021-11-25 11:29:26'),
(464, '2', '2021-02-28', 'Ronggo ', 'P1,P2,P5,P6,P7,P8,P9,', 'P4,P5,P6,P7,', 'P2,P3,P4,', 'P5,', '99473177322717184', '009', '2021-11-25 11:29:26'),
(465, '2', '2021-02-28', 'AM', 'P1,P2,P4,P5,P6,P7,P8,P9,', 'P1,P2,P3,P5,P7,', 'P1,P2,', 'P6,', '99473177322717184', '001', '2021-11-25 11:29:26'),
(466, '2', '2021-02-28', 'Nurul Dwi Oktavianti', 'P1,P2,P4,P5,P6,P7,P8,P9,', 'P1,P2,P4,P5,P7,', 'P3,', 'P4,', '99473177322717184', '010', '2021-11-25 11:29:26'),
(467, '2', '2021-02-28', 'Zuhra NF', 'P1,P2,P5,P7,P9,', 'P1,P2,P3,P6,P7,', 'P3,', 'P2,', '99473177322717184', '001', '2021-11-25 11:29:26'),
(468, '2', '2021-02-28', 'Alfu', 'P1,P2,P4,P5,P7,P8,P9,', 'P1,', 'P1,P2,P3,P4,', 'P5,P6,', '99473177322717184', '010', '2021-11-25 11:29:26'),
(469, '2', '2021-02-28', 'Laeli Sa\'adah', 'P1,P2,P4,P5,P6,P7,P8,P9,', 'P4,P7,', 'P1,P2,P3,P4,', 'P2,P5,', '99473177322717184', '010', '2021-11-25 11:29:26'),
(470, '2', '2021-02-28', 'Fia sabrina', 'P1,P2,P7,P9,', 'P1,P3,P4,P5,P7,', 'P3,P4,', 'P4,', '99473177322717184', '007', '2021-11-25 11:29:26'),
(471, '2', '2021-02-28', 'D', 'P1,P2,P4,P5,P6,P7,P8,P9,', 'P1,P2,P3,P4,P5,P6,P7,', 'P3,', 'P5,', '99473177322717184', '009', '2021-11-25 11:29:26'),
(472, '2', '2021-02-28', 'Muhammad Tri Laksono (Rey) ', 'P1,P2,P4,P5,P6,P7,P8,P9,', 'P1,P2,P3,P4,P5,P6,P7,', 'P4,', 'P4,', '99473177322717184', NULL, '2021-11-25 11:29:26'),
(473, '2', '2021-02-27', 'Fitri', 'P1,P2,P4,P5,P6,P7,P8,P9,', 'P4,P6,P7,', 'P2,P3,', 'P2,P4,', '99473177322717184', NULL, '2021-11-25 11:29:26'),
(474, '2', '2021-02-27', 'Istiqawaty Makaminan', 'P1,P2,P4,P5,P6,P7,P8,P9,', 'P1,P2,P3,P4,', 'P2,P3,', 'P4,', '99473177322717184', '007', '2021-11-25 11:29:26'),
(475, '2', '2021-02-27', 'Try Fujy', 'P1,P2,P5,P7,P9,', 'P3,P4,P5,', 'P3,', 'P5,', '99473177322717184', '003', '2021-11-25 11:29:26'),
(476, '2', '2021-02-27', 'Rama Khoirul Amar', 'P1,P4,P5,P9,', 'P1,P3,P5,P7,', 'P2,P3,P4,', 'P4,P5,', '99473177322717184', '003', '2021-11-25 11:29:26'),
(477, '2', '2021-02-27', 'Yuni', 'P1,P2,P4,P5,P7,P9,', 'P6,P7,', 'P3,P4,', 'P2,P3,P4,P5,', '99473177322717184', '003', '2021-11-25 11:29:26'),
(478, '2', '2021-02-27', 'Gea', 'P1,P2,P7,P9,', 'P1,P4,P7,', 'P1,', 'P3,P5,', '99473177322717184', '003', '2021-11-25 11:29:26'),
(479, '2', '2021-02-27', 'koko', 'P1,P2,P3,P4,P5,P6,P7,P8,P9,', 'P1,P2,P3,P4,P5,P6,P7,', 'P2,P3,P4,', 'P5,', '99473177322717184', '003', '2021-11-25 11:29:26'),
(480, '2', '2021-02-27', 'H G', 'P1,P2,P5,P7,P8,P9,', 'P2,P3,P4,P5,P6,P7,', 'P2,P4,', 'P2,P4,P5,', '99473177322717184', '003', '2021-11-25 11:29:26'),
(481, '2', '2021-02-27', 'Ardewa Rullytama', 'P1,P2,P3,P4,P5,P9,', 'P3,P6,P7,', 'P4,', 'P3,', '99473177322717184', '009', '2021-11-25 11:29:26'),
(482, '2', '2021-02-27', 'Nabila', 'P1,P2,P5,P7,P9,', 'P1,', 'P1,P2,', 'P5,', '99473177322717184', '005', '2021-11-25 11:29:26'),
(483, '2', '2021-02-27', 'A', 'P1,P2,', 'P7,', 'P1,P2,', 'P5,', '99473177322717184', '011', '2021-11-25 11:29:26'),
(484, '2', '2021-02-27', 'Nursilviyani', 'P1,P2,P3,P4,P5,P6,P7,P8,P9,', 'P1,P2,P3,P4,P5,', 'P1,P3,', 'P5,', '99473177322717184', NULL, '2021-11-25 11:29:26'),
(485, '2', '2021-02-27', 'IJK', 'P1,P2,P5,P7,P8,P9,', 'P3,P4,P5,P6,', 'P3,', 'P2,P3,P4,P5,', '99473177322717184', '011', '2021-11-25 11:29:26'),
(486, '2', '2021-02-27', 'Nisrina Noor Khasanah', 'P1,P2,P4,P5,P6,P7,P8,P9,', 'P1,P2,P4,P5,P6,P7,', 'P2,P4,', 'P3,P5,', '99473177322717184', '001', '2021-11-25 11:29:26'),
(487, '2', '2021-02-27', 'Aqhila ', 'P1,P2,P4,P5,P7,P9,', 'P1,P4,P6,', 'P3,', 'P6,', '99473177322717184', NULL, '2021-11-25 11:29:26'),
(488, '2', '2021-02-27', 'Ferdian Ryansyah', 'P1,P2,P4,P5,P9,', 'P1,P2,P3,P5,P6,P7,', 'P1,P2,P4,', 'P5,P6,', '99473177322717184', '011', '2021-11-25 11:29:26'),
(489, '2', '2021-02-27', 'SITI NURUL AMIMAH', 'P1,P2,P4,P6,P7,P8,P9,', 'P4,P5,', 'P3,', 'P4,', '99473177322717184', NULL, '2021-11-25 11:29:26'),
(490, '2', '2021-02-27', 'Ayu R.I', 'P1,P2,P4,P5,P7,P9,', 'P1,P2,P3,P5,P6,P7,', 'P3,', 'P4,', '99473177322717184', NULL, '2021-11-25 11:29:26'),
(491, '2', '2021-02-27', 'S', 'P1,P2,P4,P5,P6,P7,P8,P9,', 'P4,', 'P2,P3,', 'P3,', '99473177322717184', NULL, '2021-11-25 11:29:26'),
(492, '2', '2021-02-27', 'SG', 'P1,P2,P4,P5,P7,P9,', 'P2,P6,P7,', 'P2,P3,', 'P2,P3,P6,', '99473177322717184', NULL, '2021-11-25 11:29:26'),
(493, '2', '2021-02-27', 'Vira', 'P1,P2,P4,P5,P7,P8,P9,', 'P1,P2,P3,P5,P6,P7,', 'P3,', 'P4,P5,', '99473177322717184', NULL, '2021-11-25 11:29:26'),
(494, '2', '2021-02-26', 'Yoga', 'P1,P2,P4,P5,P6,P7,P8,P9,', 'P1,P4,P7,', 'P2,P3,', 'P4,', '99473177322717184', '003', '2021-11-25 11:29:26'),
(495, '2', '2021-02-26', 'Andy', 'P1,P2,P4,P7,P9,', 'P2,P5,P7,', 'P2,P3,P4,', 'P5,', '99473177322717184', '003', '2021-11-25 11:29:26'),
(496, '2', '2021-02-26', 'Nh', 'P1,P2,P4,P5,P7,P8,', 'P4,P6,', 'P1,P2,', 'P2,P3,P5,', '99473177322717184', '003', '2021-11-25 11:29:26'),
(497, '2', '2021-02-26', 'Maulina', 'P1,P2,P4,P5,P6,P7,P8,P9,', 'P1,P2,P3,P4,P5,P6,', 'P1,P2,P3,', 'P3,', '99473177322717184', '007', '2021-11-25 11:29:26'),
(498, '2', '2021-02-26', 'koko', 'P1,P2,P3,P4,P5,P6,P7,P8,P9,', 'P1,P2,P3,P4,P5,P6,P7,', 'P2,P3,P4,', 'P5,', '99473177322717184', '003', '2021-11-25 11:29:26'),
(499, '2', '2021-02-26', 'Istiqawaty Makaminan', 'P1,P2,P4,P5,P6,P7,P8,P9,', 'P1,P2,P3,P4,', 'P2,P3,', 'P4,', '99473177322717184', '007', '2021-11-25 11:29:26'),
(500, '2', '2021-02-26', 'dhcp', 'P1,P2,P4,P5,P6,P7,P8,P9,', 'P4,P7,', 'P2,P3,P4,', 'P2,P3,P6,', '99473177322717184', '003', '2021-11-25 11:29:26'),
(501, '2', '2021-02-26', 'Yuni', 'P1,P2,P4,P5,P7,P9,', 'P6,P7,', 'P3,P4,', 'P2,P3,P4,P5,', '99473177322717184', '003', '2021-11-25 11:29:26'),
(502, '2', '2021-02-26', 'DR', 'P1,P2,P3,P4,P5,P6,P7,P8,P9,', 'P3,', 'P1,', 'P6,', '99473177322717184', NULL, '2021-11-25 11:29:26'),
(503, '2', '2021-02-26', 'Nurul', 'P1,P2,P4,P5,P6,P7,P8,P9,', 'P1,P2,P3,P5,P6,P7,', 'P1,P2,P3,P4,', 'P6,', '99473177322717184', NULL, '2021-11-25 11:29:26'),
(504, '2', '2021-02-26', 'nap34', 'P1,P2,P4,P5,P6,P7,P8,P9,', 'P6,', 'P1,P2,P3,', 'P6,', '99473177322717184', '005', '2021-11-25 11:29:26'),
(505, '2', '2021-02-26', 'Naufal Hadad Fauzan', 'P1,P2,P3,P4,P5,P6,P7,P8,P9,', 'P1,P4,P5,P6,P7,', 'P1,P2,P3,', 'P5,', '99473177322717184', '009', '2021-11-25 11:29:26'),
(506, '2', '2021-02-26', 'Husnul Hakimah', 'P1,P2,P4,P5,P6,P7,P8,P9,', 'P1,', 'P1,P2,P3,P4,', 'P2,P3,P6,', '99473177322717184', '009', '2021-11-25 11:29:26'),
(507, '2', '2021-02-26', 'nap34', 'P1,P2,P4,P5,P6,P7,P8,P9,', 'P6,', 'P1,P2,P3,', 'P6,', '99473177322717184', '005', '2021-11-25 11:29:26'),
(508, '2', '2021-02-26', 'Seni', 'P1,P2,P4,P5,P6,P7,P8,P9,', 'P1,P3,P4,P6,P7,', 'P1,P2,P3,P4,', 'P4,', '99473177322717184', '005', '2021-11-25 11:29:26'),
(509, '2', '2021-02-26', 'Qianxi', 'P1,P2,P5,P6,P7,P8,P9,', 'P4,', 'P1,P2,P3,P4,', 'P5,', '99473177322717184', '002', '2021-11-25 11:29:26'),
(510, '2', '2021-02-26', 'Dwi Agustia', 'P1,P2,P4,P5,P6,P7,P8,P9,', 'P1,P2,P3,P4,P5,P6,', 'P2,P3,P4,', 'P2,P3,P4,P5,', '99473177322717184', '011', '2021-11-25 11:29:26'),
(511, '2', '2021-02-26', 'M', 'P1,P2,P4,P5,P9,', 'P1,P3,P4,P7,', 'P2,P4,', 'P4,', '99473177322717184', NULL, '2021-11-25 11:29:26'),
(512, '2', '2021-02-26', 'Aini', 'P1,P2,P3,P4,P6,P7,P8,P9,', 'P4,P5,P6,', 'P2,P4,', 'P5,', '99473177322717184', '002', '2021-11-25 11:29:26'),
(513, '2', '2021-02-26', 'Herti Herliani', 'P1,P2,P4,P5,P7,P8,P9,', 'P1,P2,P3,P7,', 'P2,P3,', 'P5,', '99473177322717184', '002', '2021-11-25 11:29:26'),
(514, '2', '2021-02-26', 'Kharisma L R', 'P1,P2,P4,P5,', 'P7,', 'P4,', 'P2,P3,P5,', '99473177322717184', '002', '2021-11-25 11:29:26'),
(515, '2', '2021-02-26', 'Moh noviyan tandago', 'P1,P2,P4,P5,P9,', 'P1,P2,P3,P4,P5,P7,', 'P1,P3,', 'P2,P5,', '99473177322717184', '002', '2021-11-25 11:29:26'),
(516, '2', '2021-02-26', 'Roy', 'P1,P2,P3,P4,P5,P7,P9,', 'P1,P2,P3,P4,P5,P6,P7,', 'P3,', 'P5,', '99473177322717184', '009', '2021-11-25 11:29:26'),
(517, '2', '2021-02-26', 'L', 'P1,P2,P4,P5,P7,P8,P9,', 'P1,P2,P3,P4,P5,P6,P7,', 'P2,P3,P4,', 'P6,', '99473177322717184', NULL, '2021-11-25 11:29:26'),
(518, '2', '2021-02-26', 'Nafa Naili Fauziah', 'P1,P2,P3,P4,P5,P6,P7,P8,P9,', 'P1,P2,P3,P4,P5,P6,P7,', 'P3,P4,', 'P3,P4,P6,', '99473177322717184', NULL, '2021-11-25 11:29:26'),
(519, '2', '2021-02-26', 'D', 'P1,P2,P3,P4,P5,P7,P8,P9,', 'P1,P2,P4,P5,P6,P7,', 'P3,', 'P5,', '99473177322717184', NULL, '2021-11-25 11:29:26'),
(520, '2', '2021-02-26', 'Indra Subakir', 'P1,P2,P3,P4,P5,P7,P9,', 'P4,P7,', 'P2,P3,P4,', 'P2,P3,P5,', '99473177322717184', '007', '2021-11-25 11:29:26'),
(521, '2', '2021-02-26', 'Alifia', 'P1,P2,P7,P9,', 'P2,P3,P5,P6,P7,', 'P3,', 'P5,', '99473177322717184', NULL, '2021-11-25 11:29:26'),
(522, '2', '2021-02-26', 'Ym', 'P1,P2,P7,P8,P9,', 'P6,', 'P3,', 'P2,P3,P5,', '99473177322717184', '007', '2021-11-25 11:29:26'),
(523, '2', '2021-02-26', 'Ram F', 'P1,P2,P4,P7,P9,', 'P7,', 'P2,P3,', 'P5,', '99473177322717184', '007', '2021-11-25 11:29:26'),
(524, '2', '2021-02-26', 'Siti Najah Ghoida ', 'P1,P2,P4,P5,', 'P5,', 'P1,P3,', 'P2,P6,', '99473177322717184', NULL, '2021-11-25 11:29:26'),
(525, '2', '2021-02-26', 'N', 'P1,P2,P4,P6,P7,P8,P9,', 'P4,P5,P6,P7,', 'P1,P2,P3,P4,', 'P2,P3,', '99473177322717184', '007', '2021-11-25 11:29:26'),
(526, '2', '2021-02-26', 'Karmila Yanti', 'P1,P2,P4,P5,P7,P9,', 'P1,', 'P3,', 'P4,', '99473177322717184', NULL, '2021-11-25 11:29:26'),
(527, '2', '2021-02-26', 'Gadis', 'P1,P2,P4,P5,P7,P8,P9,', 'P1,P2,P3,P4,P5,P6,P7,', 'P4,', 'P5,', '99473177322717184', '007', '2021-11-25 11:29:26'),
(528, '2', '2021-02-26', 'Lutfiana', 'P1,P2,P5,P9,', 'P1,P2,P3,P4,P5,P6,P7,', 'P3,', 'P4,', '99473177322717184', NULL, '2021-11-25 11:29:26'),
(529, '2', '2021-02-26', 'Ram F', 'P1,P2,P4,P7,P9,', 'P7,', 'P2,P3,', 'P5,', '99473177322717184', '007', '2021-11-25 11:29:26'),
(530, '2', '2021-02-26', 'A', 'P1,P2,P4,P5,P6,P7,P8,P9,', 'P1,P2,P3,P6,P7,', 'P3,', 'P5,', '99473177322717184', NULL, '2021-11-25 11:29:26'),
(531, '2', '2021-02-26', 'Windari Dwi Cahyani', 'P1,P2,P4,P5,P6,P9,', 'P4,', 'P2,P3,P4,', 'P5,', '99473177322717184', NULL, '2021-11-25 11:29:26'),
(532, '2', '2021-02-26', 'A', 'P1,P2,P4,P5,P7,P8,P9,', 'P1,P2,P7,', 'P3,P4,', 'P5,', '99473177322717184', NULL, '2021-11-25 11:29:26'),
(533, '2', '2021-02-26', 'Monica Milliani Rizky', 'P1,P2,P4,P5,P6,P7,P8,P9,', 'P1,P2,P3,P4,P5,P6,P7,', 'P2,P3,', 'P5,', '99473177322717184', NULL, '2021-11-25 11:29:26'),
(534, '2', '2021-02-26', 'Melati Sukma Negari', 'P1,P2,P3,P4,P5,P7,P8,P9,', 'P3,P4,P7,', 'P3,', 'P5,', '99473177322717184', NULL, '2021-11-25 11:29:26'),
(535, '2', '2021-02-26', 'FAA', 'P1,', 'P1,P2,P3,P4,P5,P7,', 'P1,P2,P3,', 'P5,', '99473177322717184', NULL, '2021-11-25 11:29:26'),
(536, '2', '2021-02-26', 'Kalika Azra Zainina ', 'P1,P2,P4,P5,P6,P7,P8,P9,', 'P1,P2,P3,P5,P6,P7,', 'P3,', 'P5,', '99473177322717184', NULL, '2021-11-25 11:29:26'),
(537, '2', '2021-02-26', 'Evie Nur Sofhiya', 'P1,P2,P4,P6,P7,P8,P9,', 'P1,P2,', 'P3,', 'P4,', '99473177322717184', NULL, '2021-11-25 11:29:26'),
(538, '2', '2021-02-26', 'Nina Fadia Hayya', 'P1,P2,P3,P5,P6,', 'P2,P3,P4,P7,', 'P4,', 'P5,', '99473177322717184', NULL, '2021-11-25 11:29:26'),
(539, '2', '2021-02-26', 'Fauzan', 'P1,P2,P4,P5,P7,P8,P9,', 'P1,P2,P3,P4,P5,P6,P7,', 'P3,', 'P5,', '99473177322717184', NULL, '2021-11-25 11:29:26'),
(540, '2', '2021-02-26', 'A Q', 'P1,P2,P4,P5,P9,', 'P1,P2,P3,P4,P5,P6,P7,', 'P3,', 'P5,', '99473177322717184', NULL, '2021-11-25 11:29:26'),
(541, '2', '2021-02-26', 'Opal Naufal', 'P1,P2,P4,P5,P6,P7,P8,P9,', 'P2,P3,P5,P6,P7,', 'P3,', 'P6,', '99473177322717184', NULL, '2021-11-25 11:29:26'),
(542, '2', '2021-02-26', 'Siti fatimah', 'P1,P2,P4,P5,P6,P7,P8,P9,', 'P2,P3,P4,P5,P6,P7,', 'P1,P2,P3,P4,', 'P2,P3,P4,P5,P6,', '99473177322717184', NULL, '2021-11-25 11:29:26'),
(543, '2', '2021-02-26', 'Tsabita Kemala Putri ', 'P1,P2,P4,P5,P8,P9,', 'P1,P5,P6,', 'P4,', 'P5,', '99473177322717184', '003', '2021-11-25 11:29:26'),
(544, '2', '2021-02-26', 'INR', 'P1,P2,P4,P5,P6,P7,P8,P9,', 'P1,P2,P3,P4,', 'P3,', 'P4,', '99473177322717184', NULL, '2021-11-25 11:29:26'),
(545, '2', '2021-02-26', 'Putra', 'P1,P2,P8,P9,', 'P1,P2,P3,P4,P5,P6,P7,', 'P2,P3,P4,', 'P2,', '99473177322717184', '003', '2021-11-25 11:29:26'),
(546, '2', '2021-02-26', 'Silvia', 'P1,P2,P4,P9,', 'P1,P2,P3,P4,P5,P6,P7,', 'P1,P2,', 'P2,P4,P5,', '99473177322717184', '003', '2021-11-25 11:29:26'),
(547, '2', '2021-02-26', 'Andy', 'P1,P2,P4,P7,P9,', 'P2,P5,P7,', 'P2,P3,P4,', 'P5,', '99473177322717184', '003', '2021-11-25 11:29:26'),
(548, '2', '2021-02-26', 'Putra', 'P1,P2,P8,P9,', 'P1,P2,P3,P4,P5,P6,P7,', 'P2,P3,P4,', 'P2,', '99473177322717184', '003', '2021-11-25 11:29:26'),
(549, '2', '2021-02-25', 'Indah', 'P1,P2,P4,P5,P6,P7,P8,P9,', 'P7,', 'P2,P3,', 'P5,', '99473177322717184', '007', '2021-11-25 11:29:26'),
(550, '2', '2021-02-25', 'I', 'P1,P2,P4,P5,P6,P7,P8,P9,', 'P4,', 'P3,P4,', 'P4,', '99473177322717184', '005', '2021-11-25 11:29:26'),
(551, '2', '2021-02-25', 'Habib Aulia Aminuddin (HAA)', 'P1,P2,P7,P9,', 'P4,P5,P7,', 'P1,P2,P3,P4,', 'P5,', '99473177322717184', NULL, '2021-11-25 11:29:26'),
(552, '2', '2021-02-25', 'D', 'P1,P2,P4,P5,P6,P7,P8,P9,', 'P1,P2,P3,P6,', 'P2,P4,', 'P5,', '99473177322717184', '005', '2021-11-25 11:29:26'),
(553, '2', '2021-02-25', 'Intan Nur Ainnisa', 'P1,P2,P4,P5,P7,P9,', 'P1,P2,P5,P6,P7,', 'P1,P3,', 'P5,', '99473177322717184', NULL, '2021-11-25 11:29:26'),
(554, '2', '2021-02-25', 'IR', 'P1,P2,P4,P5,P6,P7,P8,P9,', 'P1,P2,P3,P4,P5,P6,P7,', 'P2,P3,', 'P2,', '99473177322717184', '005', '2021-11-25 11:29:26'),
(555, '2', '2021-02-25', 'T', 'P1,P2,P5,P6,P7,P8,P9,', 'P2,P5,', 'P3,', 'P3,P5,', '99473177322717184', '005', '2021-11-25 11:29:26'),
(556, '2', '2021-02-25', 'Nahnuriyah ', 'P1,P2,P4,P7,P9,', 'P1,P2,P3,P5,P6,P7,', 'P1,P4,', 'P5,', '99473177322717184', '002', '2021-11-25 11:29:26'),
(557, '2', '2021-02-25', 'Gani', 'P1,P2,P3,P4,P5,P6,P7,P8,P9,', 'P1,P2,P3,P4,P6,P7,', 'P1,P2,P3,P4,', 'P2,P3,P4,P5,P6,', '99473177322717184', NULL, '2021-11-25 11:29:26'),
(558, '2', '2021-02-25', 'Karunia Ratna Pandewi', 'P1,P2,P4,P5,P7,P8,P9,', 'P4,', 'P3,', 'P3,P4,', '99473177322717184', NULL, '2021-11-25 11:29:26'),
(559, '2', '2021-02-25', 'Dwi lestari', 'P1,P2,P3,P4,P5,P6,P7,P8,P9,', 'P1,P2,P3,P4,P5,P6,P7,', 'P1,P2,P3,P4,', 'P2,P3,P4,P5,P6,', '99473177322717184', NULL, '2021-11-25 11:29:26'),
(560, '2', '2021-02-25', 'S', 'P1,P2,P4,P5,P7,P8,P9,', 'P1,P2,P3,', 'P1,P2,', 'P5,', '99473177322717184', '009', '2021-11-25 11:29:26'),
(561, '2', '2021-02-25', 'EKA', 'P1,P2,P4,P7,P9,', 'P1,P2,P4,P6,P7,', 'P2,P3,P4,', 'P6,', '99473177322717184', NULL, '2021-11-25 11:29:26'),
(562, '2', '2021-02-25', 'Ainun', 'P1,P2,P4,P5,P6,P7,P8,P9,', 'P1,P2,P6,P7,', 'P3,', 'P5,', '99473177322717184', NULL, '2021-11-25 11:29:26'),
(563, '2', '2021-02-25', 'ZK', 'P6,P8,', 'P1,P2,P3,P4,P5,', 'P2,P3,P4,', 'P2,P3,P4,P6,', '99473177322717184', NULL, '2021-11-25 11:29:26'),
(564, '2', '2021-02-24', 'Nuuraa', 'P1,P2,P4,P5,P7,P9,', 'P6,', 'P2,P3,P4,', 'P4,P5,', '99473177322717184', NULL, '2021-11-25 11:29:26'),
(565, '2', '2021-02-24', 'KML', 'P1,P2,P4,P5,P7,P8,P9,', 'P3,P7,', 'P2,P3,P4,', 'P2,P3,P4,', '99473177322717184', NULL, '2021-11-25 11:29:26'),
(566, '2', '2021-02-24', 'Yeti Dewi ', 'P1,P2,P4,P5,P7,P8,P9,', 'P1,P2,P3,P4,P6,P7,', 'P1,P3,', 'P2,P4,', '99473177322717184', NULL, '2021-11-25 11:29:26'),
(567, '2', '2021-02-24', 'Ten', 'P1,P2,P4,P5,P6,P7,P8,P9,', 'P5,', 'P2,', 'P3,P5,', '99473177322717184', NULL, '2021-11-25 11:29:26'),
(568, '2', '2021-02-24', 'Fahri', 'P1,P2,P4,P5,P7,P8,P9,', 'P1,P3,P4,P5,P6,P7,', 'P1,P2,P3,P4,', 'P4,', '99473177322717184', NULL, '2021-11-25 11:29:26'),
(569, '2', '2021-02-24', 'DFR', 'P1,P2,P5,P6,P7,P8,P9,', 'P3,', 'P2,P3,P4,', 'P5,', '99473177322717184', NULL, '2021-11-25 11:29:26'),
(570, '2', '2021-02-24', 'Ema Dwi Setyarini', 'P1,P2,P4,P5,P6,P8,P9,', 'P1,P2,P3,P5,P6,P7,', 'P2,P3,P4,', 'P3,', '99473177322717184', NULL, '2021-11-25 11:29:26'),
(571, '2', '2021-02-24', 'Iqbal Huda', 'P1,P2,P4,P9,', 'P1,P2,P4,P5,P7,', 'P1,P2,P3,P4,', 'P4,P5,', '99473177322717184', NULL, '2021-11-25 11:29:26'),
(572, '2', '2021-02-24', 'Nadiya', 'P1,P2,P3,P4,P5,P7,P9,', 'P1,P2,P3,P5,P6,', 'P3,', 'P2,P3,P4,P6,', '99473177322717184', NULL, '2021-11-25 11:29:26'),
(573, '2', '2021-02-24', 'Alifia Almaida Gisananda', 'P1,P2,P3,P4,P5,P6,P7,P8,P9,', 'P1,P2,P3,P5,P6,P7,', 'P2,', 'P5,', '99473177322717184', NULL, '2021-11-25 11:29:26'),
(574, '2', '2021-02-24', 'Pikacu', 'P1,P2,P4,P6,P7,P8,P9,', 'P3,P5,', 'P2,P3,P4,', 'P2,P3,P5,P6,', '99473177322717184', NULL, '2021-11-25 11:29:26'),
(575, '2', '2021-02-24', 'WAA', 'P1,P2,P4,P5,P6,P7,P8,P9,', 'P1,', 'P1,P2,P3,P4,', 'P2,P3,P4,P5,P6,', '99473177322717184', NULL, '2021-11-25 11:29:26'),
(576, '2', '2021-02-24', 'Salsabila safitri', 'P1,P2,P4,P5,P6,P7,P8,P9,', 'P1,P2,P3,P5,P6,P7,', 'P1,P2,P3,P4,', 'P6,', '99473177322717184', '011', '2021-11-25 11:29:26'),
(577, '2', '2021-02-24', 'Aqhila ', 'P1,P2,P4,P5,P7,P9,', 'P1,P4,P6,', 'P3,', 'P6,', '99473177322717184', NULL, '2021-11-25 11:29:26'),
(578, '2', '2021-02-24', 'Yayat Fahturrahman Labanu ', 'P1,P2,P5,P8,P9,', 'P4,P7,', 'P1,P3,', 'P5,', '99473177322717184', '009', '2021-11-25 11:29:26'),
(579, '2', '2021-02-24', 'Pikacu', 'P1,P2,P4,P6,P7,P8,P9,', 'P3,P5,', 'P2,P3,P4,', 'P2,P3,P5,P6,', '99473177322717184', NULL, '2021-11-25 11:29:26'),
(580, '2', '2021-02-24', 'ZD', 'P1,P2,P4,P5,P7,P9,', 'P1,P2,P3,P5,P6,P7,', 'P2,P3,', 'P5,', '99473177322717184', NULL, '2021-11-25 11:29:26'),
(581, '2', '2021-02-24', 'Herawati Setiya Ningrum', 'P1,P2,P4,P5,P6,P7,P8,P9,', 'P1,P2,P3,P4,P5,P6,P7,', 'P3,', 'P5,', '99473177322717184', NULL, '2021-11-25 11:29:26'),
(582, '2', '2021-02-24', 'Sekar Ayu Kirani', 'P1,P2,P4,P5,P9,', 'P3,P6,', 'P3,', 'P5,', '99473177322717184', NULL, '2021-11-25 11:29:26'),
(583, '2', '2021-02-24', 'Aqhila ', 'P1,P2,P4,P5,P7,P9,', 'P1,P4,P6,', 'P3,', 'P6,', '99473177322717184', NULL, '2021-11-25 11:29:26'),
(584, '2', '2021-02-24', 'Wulan', 'P1,P2,P9,', 'P1,', 'P3,', 'P2,P3,', '99473177322717184', NULL, '2021-11-25 11:29:26'),
(585, '2', '2021-02-24', 'P', 'P1,P2,P4,P5,P6,P7,P8,P9,', 'P1,P2,P3,P5,', 'P3,', 'P5,', '99473177322717184', NULL, '2021-11-25 11:29:26'),
(586, '2', '2021-02-24', 'Ur', 'P1,P2,P4,P5,P6,P7,P8,P9,', 'P7,', 'P1,P4,', 'P5,', '99473177322717184', '002', '2021-11-25 11:29:26'),
(587, '2', '2021-02-24', 'LUTFIA INDAH PALUPI', 'P1,P2,P4,P5,P7,P9,', 'P5,', 'P1,P2,P3,', 'P4,P6,', '99473177322717184', '002', '2021-11-25 11:29:26'),
(588, '2', '2021-02-24', 'Ade Aswati', 'P1,P2,P4,P5,P7,P8,P9,', 'P1,P2,P4,P7,', 'P1,P3,', 'P2,P6,', '99473177322717184', NULL, '2021-11-25 11:29:26'),
(589, '2', '2021-02-24', 'Nadia Rita Safitri', 'P1,P2,P4,P5,P7,P8,P9,', 'P1,P2,P3,P5,P6,P7,', 'P1,P3,', 'P5,', '99473177322717184', NULL, '2021-11-25 11:29:26'),
(590, '2', '2021-02-24', 'Widya', 'P1,P2,P4,P5,P6,P7,P8,P9,', 'P1,P2,P3,P7,', 'P2,P3,P4,', 'P2,', '99473177322717184', '002', '2021-11-25 11:29:26'),
(591, '2', '2021-02-24', 'AFA', 'P1,P2,P4,P5,P9,', 'P1,P2,P4,P5,', 'P1,P2,P3,P4,', 'P5,', '99473177322717184', '002', '2021-11-25 11:29:26'),
(592, '2', '2021-02-24', 'EA', 'P1,P2,P3,P4,P5,P6,P7,P8,P9,', 'P1,P2,P3,P4,P5,P6,P7,', 'P1,P2,P4,', 'P4,P6,', '99473177322717184', NULL, '2021-11-25 11:29:26'),
(593, '2', '2021-02-24', 'Meity indriani', 'P1,P2,P4,P5,P7,P8,P9,', 'P1,P2,P3,P5,', 'P3,', 'P4,', '99473177322717184', NULL, '2021-11-25 11:29:26'),
(594, '2', '2021-02-24', 'Fadlia Salsabila', 'P1,P2,P4,P7,P8,P9,', 'P1,P2,P3,P5,', 'P2,P3,', 'P2,', '99473177322717184', NULL, '2021-11-25 11:29:26'),
(595, '2', '2021-02-24', 'Ndaru', 'P1,P2,', 'P6,P7,', 'P2,P3,P4,', 'P5,', '99473177322717184', NULL, '2021-11-25 11:29:26'),
(596, '2', '2021-02-24', 'Indah', 'P1,P2,P7,P8,P9,', 'P1,P2,P3,P4,P5,P7,', 'P1,P2,P3,P4,', 'P2,', '99473177322717184', NULL, '2021-11-25 11:29:26'),
(597, '2', '2021-02-24', 'MRH', 'P1,P2,P4,P5,P7,P8,', 'P1,P3,P5,', 'P1,P3,', 'P5,', '99473177322717184', NULL, '2021-11-25 11:29:26'),
(598, '2', '2021-02-24', 'HDK', 'P1,P5,P7,', 'P1,P4,', 'P1,P2,P3,', 'P5,', '99473177322717184', NULL, '2021-11-25 11:29:26'),
(599, '2', '2021-02-24', 'Ahla', 'P1,P2,P4,P5,P6,P7,P8,P9,', 'P1,P2,P3,P4,P5,P6,P7,', 'P2,P3,P4,', 'P4,', '99473177322717184', '001', '2021-11-25 11:29:26'),
(600, '2', '2021-02-24', 'Lupi', 'P1,P2,P7,P9,', 'P1,P2,P3,P4,P5,P7,', 'P4,', 'P4,', '99473177322717184', NULL, '2021-11-25 11:29:26'),
(601, '2', '2021-02-24', 'Intan Sukesi Retnaningsih', 'P1,P2,P4,P5,P7,P9,', 'P6,', 'P1,P2,P3,P4,', 'P2,P3,P4,P5,', '99473177322717184', NULL, '2021-11-25 11:29:26'),
(602, '2', '2021-02-24', 'Amalia Nur Khasanah', 'P1,P2,P4,P5,P6,P7,P8,P9,', 'P1,P2,P3,P4,P5,P6,P7,', 'P1,P3,', 'P4,', '99473177322717184', NULL, '2021-11-25 11:29:26'),
(603, '2', '2021-02-24', 'F', 'P1,P2,P4,P5,P7,', 'P1,P2,P3,P4,P5,', 'P1,P2,P3,', 'P5,', '99473177322717184', NULL, '2021-11-25 11:29:26'),
(604, '2', '2021-02-24', 'D**i', 'P1,P2,P4,P5,P7,P8,P9,', 'P1,P2,P3,P4,P5,P6,P7,', 'P3,', 'P5,', '99473177322717184', NULL, '2021-11-25 11:29:26'),
(605, '2', '2021-02-24', 'Dwi', 'P1,P2,P3,P4,P5,P6,P7,P8,P9,', 'P1,P2,P3,P4,P5,P6,P7,', 'P1,P2,P3,P4,', 'P2,P3,P4,', '99473177322717184', NULL, '2021-11-25 11:29:26'),
(606, '2', '2021-02-24', 'Yab Yakoba P', 'P1,P2,P4,P6,P7,P8,P9,', 'P1,P2,P3,P4,P5,P6,P7,', 'P1,P3,P4,', 'P5,', '99473177322717184', NULL, '2021-11-25 11:29:26'),
(607, '2', '2021-02-24', 'jie', 'P1,P2,P5,P7,P9,', 'P6,', 'P4,', 'P2,P3,', '99473177322717184', '010', '2021-11-25 11:29:26'),
(608, '2', '2021-02-24', 'M', 'P1,P2,P5,P8,P9,', 'P2,P3,', 'P3,', 'P6,', '99473177322717184', NULL, '2021-11-25 11:29:26'),
(609, '2', '2021-02-24', 'CC', 'P1,P2,P4,P6,P7,P9,', 'P1,P2,', 'P1,P2,P3,', 'P2,', '99473177322717184', NULL, '2021-11-25 11:29:26'),
(610, '2', '2021-02-24', 'moon', 'P1,P2,P5,P6,P7,P8,P9,', 'P1,P6,P7,', 'P1,', 'P4,', '99473177322717184', '009', '2021-11-25 11:29:26'),
(611, '2', '2021-02-24', 'Nunung ', 'P1,P2,P4,P5,P9,', 'P1,P2,P3,', 'P3,', 'P4,', '99473177322717184', NULL, '2021-11-25 11:29:26'),
(612, '2', '2021-02-24', 'Ayu', 'P1,P2,P4,P5,P9,', 'P1,P2,P3,P4,P7,', 'P3,P4,', 'P2,P5,', '99473177322717184', '005', '2021-11-25 11:29:26'),
(613, '2', '2021-02-24', 'Desi ratna', 'P1,P2,P4,P5,P6,P7,P8,P9,', 'P1,P2,P3,P4,P5,P6,P7,', 'P1,P3,', 'P5,', '99473177322717184', NULL, '2021-11-25 11:29:26'),
(614, '2', '2021-02-24', 'DEF', 'P1,P2,P3,P5,P6,P7,P8,P9,', 'P1,P2,P3,P4,P5,P6,P7,', 'P1,P2,P3,P4,', 'P2,P3,P4,P5,P6,', '99473177322717184', NULL, '2021-11-25 11:29:26'),
(615, '2', '2021-02-24', 'Via', 'P1,P2,P4,P5,P6,P7,P8,P9,', 'P1,P2,P3,P5,P6,P7,', 'P1,P2,P3,P4,', 'P3,', '99473177322717184', '005', '2021-11-25 11:29:26'),
(616, '2', '2021-02-24', 'F', 'P1,P2,P4,P5,P7,P8,P9,', 'P1,P2,P7,', 'P1,P2,P3,', 'P4,', '99473177322717184', NULL, '2021-11-25 11:29:26'),
(617, '2', '2021-02-24', 'Faishal Umar', 'P1,P2,P5,P6,P7,P8,P9,', 'P1,P2,P3,P5,', 'P3,', 'P5,', '99473177322717184', '011', '2021-11-25 11:29:26'),
(618, '2', '2021-02-24', 'Gita', 'P1,P2,P4,P7,P8,P9,', 'P1,P2,P3,P5,P6,P7,', 'P3,', 'P5,', '99473177322717184', '011', '2021-11-25 11:29:26'),
(619, '2', '2021-02-24', 'Aulia Jannah', 'P1,P4,P5,', 'P5,P6,', 'P3,', 'P2,P4,P5,', '99473177322717184', NULL, '2021-11-25 11:29:26'),
(620, '2', '2021-02-24', 'Rowhah Naqiyyah ', 'P1,P2,P4,P5,P6,P7,P8,P9,', 'P1,P2,P3,P5,P6,', 'P1,P2,P4,', 'P5,', '99473177322717184', '005', '2021-11-25 11:29:26'),
(621, '2', '2021-02-24', 'Fauzia balqis mujilestari', 'P1,P2,P4,P5,P7,P8,P9,', 'P4,P5,', 'P3,', 'P2,P3,P5,', '99473177322717184', '009', '2021-11-25 11:29:26'),
(622, '2', '2021-02-24', 'Wakhid Mirzaq R', 'P1,P2,P4,P5,P6,P7,P8,P9,', 'P3,P4,P5,P7,', 'P2,P3,P4,', 'P5,', '99473177322717184', NULL, '2021-11-25 11:29:26'),
(623, '2', '2021-02-24', 'IN', 'P1,P2,P5,P6,P7,P8,P9,', 'P1,P2,P3,P4,P5,P6,P7,', 'P2,P3,P4,', 'P5,', '99473177322717184', '009', '2021-11-25 11:29:26'),
(624, '2', '2021-02-24', 'Fadhila Kiranasari', 'P1,P2,P4,P5,P7,P8,P9,', 'P1,P4,P7,', 'P1,P2,P3,P4,', 'P6,', '99473177322717184', NULL, '2021-11-25 11:29:26'),
(625, '2', '2021-02-24', 'Hana Mufida', 'P1,P2,P4,P6,P7,P8,P9,', 'P5,P7,', 'P2,', 'P3,', '99473177322717184', '005', '2021-11-25 11:29:26'),
(626, '2', '2021-02-24', 'BER BUDI BOWO LAKSANA', 'P1,P2,P9,', 'P1,P4,P5,', 'P3,P4,', 'P5,', '99473177322717184', NULL, '2021-11-25 11:29:26'),
(627, '2', '2021-02-24', 'RNR', 'P1,P2,P4,P5,P7,P9,', 'P1,P3,P5,P6,', 'P4,', 'P5,', '99473177322717184', NULL, '2021-11-25 11:29:26'),
(628, '2', '2021-02-24', 'Anan', 'P1,P2,P4,P5,P7,P9,', 'P1,P2,P3,P4,P5,P6,P7,', 'P3,P4,', 'P2,P4,', '99473177322717184', '005', '2021-11-25 11:29:26'),
(629, '2', '2021-02-24', 'S', 'P1,P2,P4,P5,P7,P8,P9,', 'P1,', 'P1,P2,', 'P3,P5,', '99473177322717184', '009', '2021-11-25 11:29:26'),
(630, '2', '2021-02-24', 'S', 'P1,P2,P4,P5,P7,P8,P9,', 'P1,P2,P3,', 'P1,P2,', 'P5,', '99473177322717184', '009', '2021-11-25 11:29:26'),
(631, '2', '2021-02-24', 'Indriati', 'P1,P2,P4,P5,P6,P7,P8,P9,', 'P1,P2,P3,P5,P6,', 'P3,', 'P4,', '99473177322717184', '005', '2021-11-25 11:29:26'),
(632, '2', '2021-02-24', 'Auliya ', 'P1,P2,P4,P5,P7,P8,P9,', 'P1,P2,P5,P7,', 'P1,P2,P3,', 'P6,', '99473177322717184', '009', '2021-11-25 11:29:26'),
(633, '2', '2021-02-24', 'Masita', 'P1,P2,P4,P5,P6,P7,P8,P9,', 'P7,', 'P2,P3,P4,', 'P2,P3,P5,P6,', '99473177322717184', '009', '2021-11-25 11:29:26'),
(634, '2', '2021-02-24', 'Ami', 'P1,P2,P4,P6,P7,P8,P9,', 'P1,P3,P4,P5,P6,P7,', 'P3,', 'P4,', '99473177322717184', '009', '2021-11-25 11:29:26'),
(635, '2', '2021-02-24', 'Zain Immania Eliasa Amri', 'P1,P2,P4,P5,P9,', 'P2,P3,P4,P5,P6,P7,', 'P3,', 'P5,', '99473177322717184', NULL, '2021-11-25 11:29:26'),
(636, '2', '2021-02-24', 'RBS', 'P1,P2,P6,P7,P8,P9,', 'P1,P2,P3,P5,P7,', 'P3,', 'P6,', '99473177322717184', NULL, '2021-11-25 11:29:26'),
(637, '2', '2021-02-24', 'Atikah', 'P1,P2,P5,P6,P7,P8,P9,', 'P1,P2,P3,P4,P5,P6,P7,', 'P1,P2,P3,P4,', 'P5,', '99473177322717184', '009', '2021-11-25 11:29:26'),
(638, '2', '2021-02-24', 'shinta', 'P1,P2,P5,P7,P9,', 'P1,P4,P5,P7,', 'P2,P3,P4,', 'P5,', '99473177322717184', '009', '2021-11-25 11:29:26'),
(639, '2', '2021-02-24', 'Zain Immania Eliasa Amri', 'P1,P2,P4,P5,P9,', 'P2,P3,P4,P5,P6,P7,', 'P3,', 'P5,', '99473177322717184', NULL, '2021-11-25 11:29:26'),
(640, '2', '2021-02-24', 'Nirmala Aprizia', 'P1,P2,P4,P5,P7,P8,P9,', 'P1,P2,P3,P4,P5,P6,P7,', 'P2,P3,P4,', 'P5,', '99473177322717184', '005', '2021-11-25 11:29:26'),
(641, '2', '2021-02-24', 'AHF', 'P1,P2,P4,P5,P6,P7,P8,P9,', 'P7,', 'P3,', 'P5,', '99473177322717184', '005', '2021-11-25 11:29:26'),
(642, '2', '2021-02-24', 'Isal', 'P7,P8,', 'P3,P4,', 'P3,P4,', 'P5,', '99473177322717184', '005', '2021-11-25 11:29:26'),
(643, '2', '2021-02-24', 'Oxi Hornavan Valiant As Shidiq', 'P1,P2,P3,P4,P5,P6,P7,P8,P9,', 'P1,P2,P3,P4,P5,P6,P7,', 'P1,P2,P3,P4,', 'P2,P3,P4,P5,P6,', '99473177322717184', '009', '2021-11-25 11:29:26'),
(644, '2', '2021-02-24', 'MOHAMMAD KUNTOWIJOYO', 'P1,P2,P4,P5,P6,P7,P8,P9,', 'P1,P2,P3,P5,P6,P7,', 'P1,P3,', 'P5,', '99473177322717184', '005', '2021-11-25 11:29:26'),
(645, '2', '2021-02-24', 'Putri Wulandari ', 'P1,P2,P4,P5,P7,P8,P9,', 'P1,P2,P3,P4,P7,', 'P2,P3,P4,', 'P5,', '99473177322717184', NULL, '2021-11-25 11:29:26'),
(646, '2', '2021-02-24', 'Bintang', 'P1,P2,P4,P5,P7,P8,P9,', 'P1,P2,P4,', 'P1,P2,P3,P4,', 'P2,P5,P6,', '99473177322717184', '005', '2021-11-25 11:29:26'),
(647, '2', '2021-02-24', 'AYU PRATIWI', 'P1,P2,P4,P5,P8,P9,', 'P4,P7,', 'P3,', 'P3,P5,', '99473177322717184', NULL, '2021-11-25 11:29:26'),
(648, '2', '2021-02-24', 'F', 'P1,P2,P4,P6,P7,P8,P9,', 'P1,P2,P3,P4,P5,P6,P7,', 'P4,', 'P5,', '99473177322717184', NULL, '2021-11-25 11:29:26'),
(649, '2', '2021-02-24', 'Inp', 'P1,P2,P4,P5,P6,P7,P8,P9,', 'P1,P2,P6,', 'P3,', 'P6,', '99473177322717184', '005', '2021-11-25 11:29:26'),
(650, '2', '2021-02-24', 'alifa', 'P1,P2,P4,P5,P6,P7,P8,P9,', 'P1,P2,P3,P4,P6,P7,', 'P2,P3,', 'P5,', '99473177322717184', NULL, '2021-11-25 11:29:26'),
(651, '2', '2021-02-24', 'KARINA', 'P1,P2,P4,P5,P7,P8,P9,', 'P1,P2,P5,P6,', 'P1,P2,P3,P4,', 'P2,P4,', '99473177322717184', NULL, '2021-11-25 11:29:26'),
(652, '2', '2021-02-24', 'Naria', 'P1,P2,P4,P6,P7,P8,P9,', 'P4,P5,P6,P7,', 'P3,', 'P5,', '99473177322717184', '005', '2021-11-25 11:29:26'),
(653, '2', '2021-02-24', 'Amanita muscaria putri', 'P1,P2,P4,P6,P7,P8,P9,', 'P1,P2,P3,P4,P5,P6,P7,', 'P3,', 'P5,', '99473177322717184', '005', '2021-11-25 11:29:26'),
(654, '2', '2021-02-24', 'Fa\'izatur Rofidah', 'P1,P2,P4,P5,P6,P7,P9,', 'P1,P2,P3,P4,P5,P6,P7,', 'P2,P3,', 'P4,', '99473177322717184', NULL, '2021-11-25 11:29:26'),
(655, '2', '2021-02-24', 'Wd', 'P1,P2,P4,P5,P8,P9,', 'P1,P2,P3,P4,P5,P6,P7,', 'P3,', 'P2,P3,', '99473177322717184', '005', '2021-11-25 11:29:26'),
(656, '2', '2021-02-24', 'Erlang Bagus ', 'P1,P2,P5,P7,P8,P9,', 'P1,P2,P3,P4,P5,P6,P7,', 'P1,P2,P3,P4,', 'P2,', '99473177322717184', '003', '2021-11-25 11:29:26'),
(657, '2', '2021-02-24', 'fcf', 'P1,P2,P4,P5,P6,P7,P8,P9,', 'P1,P2,P3,P5,P6,', 'P2,', 'P2,P4,', '99473177322717184', '005', '2021-11-25 11:29:26'),
(658, '2', '2021-02-24', 'Ayu', 'P1,P2,P4,P5,P9,', 'P1,P2,P3,P4,P7,', 'P3,P4,', 'P2,P5,', '99473177322717184', '005', '2021-11-25 11:29:26'),
(659, '2', '2021-02-23', 'Yumna Hasibah ', 'P1,P2,P4,P5,P6,P7,P9,', 'P1,P2,P3,P4,', 'P3,', 'P5,', '99473177322717184', '007', '2021-11-25 11:29:26'),
(660, '2', '2021-02-23', 'Indah ', 'P1,P4,P6,P7,P8,P9,', 'P1,P2,P3,P4,P5,P6,P7,', 'P1,P2,P3,P4,', 'P4,P5,', '99473177322717184', NULL, '2021-11-25 11:29:26'),
(661, '2', '2021-02-23', 'ARS', 'P1,P2,P4,P5,P7,', 'P2,P3,', 'P1,P3,', 'P5,', '99473177322717184', '007', '2021-11-25 11:29:26'),
(662, '2', '2021-02-23', 'Ersan Firdaus', 'P1,P2,P5,P6,P7,P8,P9,', 'P4,P6,P7,', 'P3,', 'P6,', '99473177322717184', NULL, '2021-11-25 11:29:26'),
(663, '2', '2021-02-23', 'Nando', 'P3,P4,P7,P9,', 'P4,P7,', 'P2,P3,P4,', 'P5,', '99473177322717184', '004', '2021-11-25 11:29:26'),
(664, '2', '2021-02-23', 'P', 'P1,P2,P4,P5,P7,P8,P9,', 'P1,P2,P3,P5,P7,', 'P1,', 'P2,P6,', '99473177322717184', '007', '2021-11-25 11:29:26'),
(665, '2', '2021-02-23', 'Nafila ', 'P1,P2,P5,P9,', 'P1,P2,P3,P5,P6,P7,', 'P1,P2,P4,', 'P5,P6,', '99473177322717184', '007', '2021-11-25 11:29:26'),
(666, '2', '2021-02-23', 'Aisyah Putri Muharami', 'P1,P2,P4,P5,P6,P7,P8,P9,', 'P1,P2,P3,P4,P5,P6,P7,', 'P3,', 'P5,', '99473177322717184', '009', '2021-11-25 11:29:26'),
(667, '2', '2021-02-23', 'Reza', 'P1,P2,P5,P7,P8,P9,', 'P2,P3,P4,P5,P7,', 'P1,P2,P3,', 'P5,', '99473177322717184', NULL, '2021-11-25 11:29:26'),
(668, '2', '2021-02-23', 'Aqhila ', 'P1,P2,P4,P5,P7,P9,', 'P1,P4,P6,', 'P3,', 'P6,', '99473177322717184', NULL, '2021-11-25 11:29:26'),
(669, '2', '2021-02-23', 'Aqhila ', 'P1,P2,P4,P5,P7,P9,', 'P1,P4,P6,', 'P3,', 'P6,', '99473177322717184', NULL, '2021-11-25 11:29:26'),
(670, '2', '2021-02-23', 'Wulan ', 'P1,P2,P4,P5,P7,P9,', 'P1,P2,P3,P4,P5,P6,P7,', 'P1,P2,P3,P4,', 'P4,', '99473177322717184', NULL, '2021-11-25 11:29:26'),
(671, '2', '2021-02-23', 'Amirul Hazji Hasibuan', 'P1,P2,P5,P8,P9,', 'P5,P7,', 'P2,P4,', 'P4,', '99473177322717184', '009', '2021-11-25 11:29:26'),
(672, '2', '2021-02-23', 'Kholis ', 'P1,P2,P4,P5,P9,', 'P1,P2,P3,P4,P5,P6,P7,', 'P3,P4,', 'P4,P5,', '99473177322717184', '002', '2021-11-25 11:29:26'),
(673, '2', '2021-02-23', 'Fadlan ', 'P1,P2,P7,P8,P9,', 'P1,P2,P3,P5,P6,', 'P2,P3,P4,', 'P5,', '99473177322717184', '002', '2021-11-25 11:29:26'),
(674, '2', '2021-02-23', 'a', 'P1,P2,P4,P5,P6,P7,P9,', 'P1,P2,P3,P5,P6,P7,', 'P3,', 'P5,', '99473177322717184', '002', '2021-11-25 11:29:26'),
(675, '2', '2021-02-23', 'u', 'P1,P2,P4,P5,P6,P7,P8,P9,', 'P1,P3,P4,P5,P7,', 'P1,P2,', 'P2,', '99473177322717184', '002', '2021-11-25 11:29:26'),
(676, '2', '2021-02-23', 's', 'P1,P2,P4,P6,P7,P8,P9,', 'P2,P4,P5,P6,', 'P1,P2,P3,', 'P3,P4,P5,P6,', '99473177322717184', '002', '2021-11-25 11:29:26'),
(677, '2', '2021-02-23', 'Lio', 'P1,P2,P4,P5,P9,', 'P1,P2,P3,P4,P6,P7,', 'P1,P2,P3,P4,', 'P4,', '99473177322717184', '002', '2021-11-25 11:29:26'),
(678, '2', '2021-02-23', 'Leni', 'P1,P2,P4,P5,P7,P8,P9,', 'P3,P4,P5,P6,P7,', 'P3,', 'P2,P3,P4,', '99473177322717184', NULL, '2021-11-25 11:29:26'),
(679, '2', '2021-02-23', 'Putri', 'P1,P2,P4,P5,P6,P7,P8,P9,', 'P1,P2,P3,P4,P5,P6,P7,', 'P1,P2,P3,P4,', 'P5,', '99473177322717184', '001', '2021-11-25 11:29:26'),
(680, '2', '2021-02-23', 'S', 'P1,P2,P4,P7,P9,', 'P1,P2,P3,P4,P5,P7,', 'P1,P2,P4,', 'P2,', '99473177322717184', '010', '2021-11-25 11:29:26'),
(681, '2', '2021-02-23', 'Cipa', 'P2,', 'P1,', 'P2,P4,', 'P4,', '99473177322717184', '010', '2021-11-25 11:29:26'),
(682, '2', '2021-02-23', 'Oktamidanta', 'P1,P2,P4,P5,P7,P8,P9,', 'P1,P2,P3,P4,P5,P6,P7,', 'P1,P2,P3,P4,', 'P4,', '99473177322717184', '010', '2021-11-25 11:29:26'),
(683, '2', '2021-02-23', 'Dedi', 'P1,P2,P5,P9,', 'P4,P7,', 'P3,', 'P2,P4,P5,', '99473177322717184', '010', '2021-11-25 11:29:26'),
(684, '2', '2021-02-23', 'NURWAHIDA HARMIN', 'P1,P2,P3,P4,P5,P6,P7,P8,P9,', 'P1,P2,P3,P4,P5,P6,P7,', 'P1,P2,P3,P4,', 'P2,P3,P4,P5,P6,', '99473177322717184', '007', '2021-11-25 11:29:26'),
(685, '2', '2021-02-23', 'YN', 'P1,P2,P4,P5,P6,P7,P8,P9,', 'P1,P2,P3,P4,P5,P6,P7,', 'P3,', 'P5,', '99473177322717184', '005', '2021-11-25 11:29:26'),
(686, '2', '2021-02-23', 'YN', 'P1,P2,P4,P5,P6,P7,P8,P9,', 'P1,P2,P3,P4,P5,P6,P7,', 'P3,', 'P5,', '99473177322717184', '005', '2021-11-25 11:29:26'),
(687, '2', '2021-02-23', 'M.A.M.R', 'P1,P2,P4,P5,P6,P7,P8,P9,', 'P1,P2,P3,P4,P7,', 'P3,', 'P2,', '99473177322717184', '011', '2021-11-25 11:29:26'),
(688, '2', '2021-02-23', 'Af', 'P1,P2,P4,P5,P7,P8,P9,', 'P6,P7,', 'P3,', 'P4,P5,', '99473177322717184', NULL, '2021-11-25 11:29:26'),
(689, '2', '2021-02-23', 'Yusup Rahmad Romadhon', 'P1,P2,P4,P5,P6,P7,P8,P9,', 'P1,P2,P3,P4,P5,P6,', 'P1,', 'P4,', '99473177322717184', NULL, '2021-11-25 11:29:26'),
(690, '2', '2021-02-23', 'P', 'P1,P2,P4,P8,P9,', 'P1,P2,P3,P4,P5,P6,P7,', 'P3,P4,', 'P2,P4,', '99473177322717184', NULL, '2021-11-25 11:29:26'),
(691, '2', '2021-02-23', 'M', 'P1,P2,P4,P5,P9,', 'P1,P2,P4,P5,P6,P7,', 'P3,', 'P5,', '99473177322717184', '004', '2021-11-25 11:29:26'),
(692, '2', '2021-02-23', 'T I', 'P1,P2,P4,P5,P6,P7,P8,P9,', 'P4,P6,P7,', 'P1,P2,P3,P4,', 'P6,', '99473177322717184', NULL, '2021-11-25 11:29:26'),
(693, '2', '2021-02-23', 'Roro ayu ', 'P1,P2,P4,P6,P7,P9,', 'P4,P7,', 'P2,P3,P4,', 'P5,', '99473177322717184', NULL, '2021-11-25 11:29:26'),
(694, '2', '2021-02-23', 'kathleen', 'P1,P2,P5,P8,P9,', 'P2,P3,P5,P7,', 'P2,P3,', 'P2,P6,', '99473177322717184', NULL, '2021-11-25 11:29:26'),
(695, '2', '2021-02-22', 'AY', 'P1,P2,P3,P4,P5,P7,P8,P9,', 'P1,P2,P3,P4,P5,P6,P7,', 'P3,P4,', 'P6,', '99473177322717184', NULL, '2021-11-25 11:29:26'),
(696, '2', '2021-02-22', 'Annisa Nabilla Awalin ', 'P1,P2,P4,P9,', 'P3,P7,', 'P3,', 'P2,P5,P6,', '99473177322717184', NULL, '2021-11-25 11:29:26'),
(697, '2', '2021-02-22', 'Ayu ramadhani', 'P1,P2,P8,', 'P1,P6,', 'P3,', 'P5,', '99473177322717184', NULL, '2021-11-25 11:29:26'),
(698, '2', '2021-02-22', 'Anggun S.S', 'P1,P2,P4,P5,P6,P7,P9,', 'P1,P2,P3,P4,P7,', 'P1,P2,P3,P4,', 'P5,', '99473177322717184', NULL, '2021-11-25 11:29:26'),
(699, '2', '2021-02-22', 'Saffa Ellok Aditiyas', 'P1,P2,P4,P5,P6,P7,P8,P9,', 'P6,P7,', 'P1,P2,P3,', 'P5,', '99473177322717184', NULL, '2021-11-25 11:29:26'),
(700, '2', '2021-02-22', 'Toing', 'P1,P2,P8,', 'P1,P2,P3,P4,', 'P1,P2,', 'P3,P5,', '99473177322717184', '009', '2021-11-25 11:29:26'),
(701, '2', '2021-02-22', 'Mrg', 'P1,P2,P5,P7,P9,', 'P4,P5,', 'P1,P2,P3,', 'P6,', '99473177322717184', '009', '2021-11-25 11:29:26'),
(702, '2', '2021-02-22', 'Unge', 'P1,P2,P4,P5,P6,P7,P8,', 'P4,P7,', 'P1,P2,P3,P4,', 'P3,P4,', '99473177322717184', '009', '2021-11-25 11:29:26'),
(703, '2', '2021-02-22', 'N', 'P1,P2,P4,P5,P6,P7,P8,P9,', 'P1,P3,P4,P5,P6,P7,', 'P1,P2,P3,', 'P6,', '99473177322717184', NULL, '2021-11-25 11:29:26'),
(704, '2', '2021-02-22', 'Sva', 'P1,P2,P4,P5,P6,P7,P8,P9,', 'P2,P3,P5,P7,', 'P3,P4,', 'P3,P4,P5,P6,', '99473177322717184', '011', '2021-11-25 11:29:26'),
(705, '2', '2021-02-22', 'gabrillian', 'P1,P2,P5,P6,P7,P8,P9,', 'P1,P2,P3,P4,P5,P7,', 'P1,P3,P4,', 'P5,', '99473177322717184', '002', '2021-11-25 11:29:26'),
(706, '2', '2021-02-22', 'Bila', 'P1,P2,P4,P5,P6,P7,P8,P9,', 'P1,P2,P3,P4,P7,', 'P2,P3,', 'P4,', '99473177322717184', NULL, '2021-11-25 11:29:26'),
(707, '2', '2021-02-22', 'NS', 'P1,P2,P4,P5,P6,P7,P8,P9,', 'P1,P2,P3,P4,P5,P6,', 'P3,P4,', 'P6,', '99473177322717184', NULL, '2021-11-25 11:29:26'),
(708, '2', '2021-02-22', 'Winda Safitri', 'P1,P2,P4,P5,P7,P8,P9,', 'P1,P2,P3,P4,P5,P6,P7,', 'P1,P2,P3,', 'P5,', '99473177322717184', NULL, '2021-11-25 11:29:26'),
(709, '2', '2021-02-22', 'gabrillian', 'P1,P2,P5,P6,P7,P8,P9,', 'P1,P2,P3,P4,P5,P7,', 'P1,P3,P4,', 'P5,', '99473177322717184', '002', '2021-11-25 11:29:26'),
(710, '2', '2021-02-22', 'NR', 'P1,P2,P4,P5,P6,P7,P8,P9,', 'P1,P3,P5,P7,', 'P3,', 'P4,', '99473177322717184', NULL, '2021-11-25 11:29:26'),
(711, '2', '2021-02-22', 'AR', 'P1,P2,P4,P5,P6,P7,P8,P9,', 'P1,P3,P4,P5,P6,', 'P2,', 'P3,', '99473177322717184', '010', '2021-11-25 11:29:26'),
(712, '2', '2021-02-22', 'Dimas Ompu Berlian', 'P1,P2,P3,P4,P5,P6,P7,P8,P9,', 'P1,P4,P6,P7,', 'P2,P3,P4,', 'P2,P3,', '99473177322717184', '010', '2021-11-25 11:29:26'),
(713, '2', '2021-02-22', 'Galang', 'P1,P2,P4,P5,P9,', 'P1,P3,', 'P1,P2,P3,P4,', 'P5,', '99473177322717184', NULL, '2021-11-25 11:29:26'),
(714, '2', '2021-02-22', 'Regi', 'P1,P2,P5,P7,P8,P9,', 'P4,P5,P7,', 'P2,P3,P4,', 'P4,', '99473177322717184', NULL, '2021-11-25 11:29:26'),
(715, '2', '2021-02-22', 'Mutiara Astuti', 'P1,P2,P4,P7,P9,', 'P1,P7,', 'P3,', 'P4,', '99473177322717184', NULL, '2021-11-25 11:29:26'),
(716, '2', '2021-02-22', 'Eci trisnawati', 'P1,P2,P4,P5,P6,P7,P8,P9,', 'P1,P2,P3,P4,P5,P6,P7,', 'P1,P2,P3,P4,', 'P3,', '99473177322717184', NULL, '2021-11-25 11:29:26'),
(717, '2', '2021-02-22', 'Shella', 'P1,P2,P7,P8,P9,', 'P1,P2,P3,P4,P5,P6,', 'P2,P3,', 'P5,', '99473177322717184', '009', '2021-11-25 11:29:26'),
(718, '2', '2021-02-22', 'Muhammad zulfahmi', 'P1,P2,P4,P5,P8,P9,', 'P1,P4,P6,P7,', 'P2,P3,P4,', 'P5,', '99473177322717184', NULL, '2021-11-25 11:29:26'),
(719, '2', '2021-02-22', 'Muhammad zulfahmi', 'P1,P2,P4,P5,P8,P9,', 'P1,P4,P6,P7,', 'P2,P3,P4,', 'P5,', '99473177322717184', NULL, '2021-11-25 11:29:26'),
(720, '2', '2021-02-22', 'Azzakiy ', 'P1,P2,P5,P6,P7,P8,P9,', 'P1,P3,P4,', 'P3,', 'P5,', '99473177322717184', '001', '2021-11-25 11:29:26'),
(721, '2', '2021-02-22', 'Gita Riana', 'P1,P2,P5,', 'P4,P7,', 'P2,P4,', 'P2,P3,P4,', '99473177322717184', '010', '2021-11-25 11:29:26'),
(722, '2', '2021-02-22', 'Gita Riana', 'P1,P2,P5,', 'P4,P7,', 'P2,P4,', 'P2,P3,P4,', '99473177322717184', '010', '2021-11-25 11:29:26'),
(723, '2', '2021-02-22', 'S', 'P1,P2,P6,P7,P8,P9,', 'P6,P7,', 'P1,P2,P3,P4,', 'P5,P6,', '99473177322717184', '001', '2021-11-25 11:29:26'),
(724, '2', '2021-02-22', 'Nuryan Ristita Anjani', 'P1,P2,', 'P4,', 'P2,P4,', 'P2,P4,', '99473177322717184', '010', '2021-11-25 11:29:26'),
(725, '2', '2021-02-22', 'Bellinda', 'P1,P2,P4,P7,P8,P9,', 'P5,P6,', 'P2,P3,', 'P5,', '99473177322717184', '010', '2021-11-25 11:29:26'),
(726, '2', '2021-02-22', 'Muhammad Arrosyiid', 'P1,P2,P4,P5,P6,P7,P8,P9,', 'P2,P4,P7,', 'P1,P2,P4,', 'P3,P6,', '99473177322717184', '010', '2021-11-25 11:29:26'),
(727, '2', '2021-02-22', 'Dian Prameswari', 'P1,P2,P4,P5,P6,P7,P8,P9,', 'P1,P2,P4,P5,P6,P7,', 'P1,P2,P4,', 'P6,', '99473177322717184', '010', '2021-11-25 11:29:26'),
(728, '2', '2021-02-22', 'Ahsan', 'P1,P2,P6,P7,P8,P9,', 'P1,P2,P3,P4,P5,P7,', 'P2,P4,', 'P5,', '99473177322717184', NULL, '2021-11-25 11:29:26'),
(729, '2', '2021-02-22', 'Bagas', 'P1,P2,P4,P5,P7,P8,P9,', 'P1,P2,P3,P4,P5,P7,', 'P1,P2,P3,P4,', 'P5,', '99473177322717184', '001', '2021-11-25 11:29:26'),
(730, '2', '2021-02-22', 'ILLA FERIYATI', 'P1,P2,P5,P6,', 'P1,P5,P6,P7,', 'P1,P3,', 'P5,', '99473177322717184', '010', '2021-11-25 11:29:26'),
(731, '2', '2021-02-22', 'Faisal abbas', 'P1,P2,P3,P4,P5,P6,P7,P8,P9,', 'P1,P2,P3,P4,P5,P6,P7,', 'P1,P2,P4,', 'P6,', '99473177322717184', '001', '2021-11-25 11:29:26'),
(732, '2', '2021-02-22', 'Ta', 'P1,P2,', 'P1,P3,P5,P6,P7,', 'P3,', 'P4,', '99473177322717184', '010', '2021-11-25 11:29:26'),
(733, '2', '2021-02-22', 'Adi Wijayanto', 'P1,P2,P4,P5,P7,P9,', 'P1,P4,P7,', 'P1,P2,P3,', 'P5,', '99473177322717184', NULL, '2021-11-25 11:29:26'),
(734, '2', '2021-02-22', 'DA', 'P1,P2,P3,P4,P5,P7,P9,', 'P4,P7,', 'P1,P2,P3,P4,', 'P5,', '99473177322717184', '001', '2021-11-25 11:29:26'),
(735, '2', '2021-02-22', 'Ulfa', 'P1,P2,P4,P5,P6,P7,P8,P9,', 'P1,', 'P1,P2,P3,', 'P4,P5,P6,', '99473177322717184', '011', '2021-11-25 11:29:26'),
(736, '2', '2021-02-22', 'Diana Hasni Marfu\'ah', 'P1,P2,P4,P5,P7,P9,', 'P1,P5,P7,', 'P1,', 'P5,', '99473177322717184', NULL, '2021-11-25 11:29:26'),
(737, '2', '2021-02-22', 'Fatihah Al Mutamaddinah', 'P1,P2,P4,P5,P6,P7,P8,P9,', 'P4,P6,P7,', 'P2,P3,P4,', 'P3,P5,', '99473177322717184', NULL, '2021-11-25 11:29:26'),
(738, '2', '2021-02-22', 'Nabilah', 'P1,P2,P3,P9,', 'P4,P7,', 'P1,P2,P3,P4,', 'P2,P3,P4,P5,', '99473177322717184', NULL, '2021-11-25 11:29:26'),
(739, '2', '2021-02-22', 'FU', 'P1,P2,P4,P5,P7,P9,', 'P1,P2,P3,P4,P5,P6,P7,', 'P1,P2,P3,P4,', 'P5,', '99473177322717184', NULL, '2021-11-25 11:29:26'),
(740, '2', '2021-02-22', 'Azzam', 'P1,P2,P3,P5,P9,', 'P1,P2,P3,P4,P5,P7,', 'P1,P2,P3,P4,', 'P2,P3,P5,P6,', '99473177322717184', NULL, '2021-11-25 11:29:26'),
(741, '2', '2021-02-22', 'Ahmad wahyudi ', 'P1,P2,P4,P5,P6,P7,P8,P9,', 'P4,', 'P2,P3,', 'P3,', '99473177322717184', '010', '2021-11-25 11:29:26'),
(742, '2', '2021-02-22', 'Firda', 'P1,P2,P4,P5,P6,P7,P8,P9,', 'P1,P2,P3,P4,P5,P7,', 'P3,', 'P4,', '99473177322717184', '010', '2021-11-25 11:29:26'),
(743, '2', '2021-02-22', 'Ahmad wahyudi ', 'P1,P2,P4,P5,P6,P7,P8,P9,', 'P4,', 'P2,P3,', 'P3,', '99473177322717184', '010', '2021-11-25 11:29:26'),
(744, '2', '2021-02-22', 'Rini', 'P1,P2,P4,P5,P7,P9,', 'P1,P4,P6,P7,', 'P2,P3,', 'P3,', '99473177322717184', '010', '2021-11-25 11:29:26'),
(745, '2', '2021-02-22', 'Ahmad shiddiq ', 'P1,P2,P4,P5,P6,P7,P8,P9,', 'P1,P2,P3,P4,P5,P6,P7,', 'P1,P2,P3,P4,', 'P4,', '99473177322717184', NULL, '2021-11-25 11:29:26'),
(746, '2', '2021-02-22', 'Elisa', 'P1,P2,P4,P5,P6,P7,P8,P9,', 'P1,P2,P3,P4,P5,P6,P7,', 'P3,', 'P2,', '99473177322717184', NULL, '2021-11-25 11:29:26'),
(747, '2', '2021-02-22', 'Kiranti', 'P1,P2,P4,P5,P8,P9,', 'P1,P2,P3,P5,P6,P7,', 'P3,P4,', 'P5,', '99473177322717184', NULL, '2021-11-25 11:29:26'),
(748, '2', '2021-02-22', 'P', 'P1,P2,P4,P5,P6,P7,P9,', 'P2,P3,P7,', 'P2,P3,', 'P2,P3,P4,P6,', '99473177322717184', '007', '2021-11-25 11:29:26'),
(749, '2', '2021-02-22', 'Mamat', 'P1,P2,P4,P9,', 'P1,P2,P3,P4,P6,P7,', 'P2,P3,P4,', 'P5,', '99473177322717184', '010', '2021-11-25 11:29:26'),
(750, '2', '2021-02-22', 'A', 'P1,P2,P4,P7,P8,P9,', 'P4,', 'P2,', 'P4,P6,', '99473177322717184', NULL, '2021-11-25 11:29:26'),
(751, '2', '2021-02-22', 'Hana Rasyidah', 'P1,P2,P4,P5,P6,P7,P8,P9,', 'P1,P2,P3,P5,P6,P7,', 'P3,P4,', 'P2,P5,', '99473177322717184', NULL, '2021-11-25 11:29:26'),
(752, '2', '2021-02-22', 'naadiaphy_', 'P1,P2,P5,P6,P7,P9,', 'P1,P2,P3,P6,P7,', 'P1,', 'P4,', '99473177322717184', NULL, '2021-11-25 11:29:26'),
(753, '2', '2021-02-22', 'Riviana', 'P1,P2,P4,P5,P7,P8,P9,', 'P1,', 'P3,P4,', 'P5,', '99473177322717184', '010', '2021-11-25 11:29:26'),
(754, '2', '2021-02-22', 'NURWAHIDA HARMIN', 'P1,P2,P3,P4,P5,P6,P7,P8,P9,', 'P1,P2,P3,P4,P5,P6,P7,', 'P1,P2,P3,P4,', 'P2,P3,P4,P5,P6,', '99473177322717184', '007', '2021-11-25 11:29:26'),
(755, '2', '2021-02-22', 'Yosi Darma Sagita', 'P1,P2,P4,P5,P6,P8,', 'P1,P2,P4,P7,', 'P1,P2,P3,P4,', 'P6,', '99473177322717184', '010', '2021-11-25 11:29:26'),
(756, '2', '2021-02-22', 'Habib Basyanur Murdi', 'P1,P2,P4,P5,P6,P7,P8,P9,', 'P1,P2,P4,P5,P7,', 'P3,', 'P4,', '99473177322717184', '005', '2021-11-25 11:29:26'),
(757, '2', '2021-02-22', 'Viona Aghda Ramadhani', 'P1,P2,P4,P5,P6,P7,P8,P9,', 'P1,P2,P3,P4,P5,P6,P7,', 'P4,', 'P2,P3,P5,', '99473177322717184', '005', '2021-11-25 11:29:26'),
(758, '2', '2021-02-22', 'Primas Nika Ambarani', 'P1,P2,P4,P5,P6,P7,P8,P9,', 'P2,P7,', 'P3,', 'P5,', '99473177322717184', '005', '2021-11-25 11:29:26'),
(759, '2', '2021-02-22', 'Nuraini', 'P1,P2,P3,P4,P5,P6,P7,P8,P9,', 'P1,P2,P3,P4,P5,P6,P7,', 'P2,P3,P4,', 'P6,', '99473177322717184', NULL, '2021-11-25 11:29:26'),
(760, '2', '2021-02-22', 'Sitta Rachmah Aurelia', 'P1,P2,P4,P5,P9,', 'P4,P6,P7,', 'P3,', 'P5,', '99473177322717184', '007', '2021-11-25 11:29:26'),
(761, '2', '2021-02-22', 'M', 'P1,P2,P4,P5,P6,P7,P8,P9,', 'P1,P2,P3,P4,P5,P6,P7,', 'P1,P2,P3,', 'P4,P5,', '99473177322717184', '005', '2021-11-25 11:29:26'),
(762, '2', '2021-02-22', 'Aslamia', 'P1,P2,P4,P5,P6,P7,P9,', 'P1,P4,P5,P6,P7,', 'P1,P2,P3,P4,', 'P6,', '99473177322717184', '007', '2021-11-25 11:29:26'),
(763, '2', '2021-02-22', 'E', 'P1,P2,P4,P5,P7,P9,', 'P1,P2,P5,P7,', 'P4,', 'P5,', '99473177322717184', '005', '2021-11-25 11:29:26'),
(764, '2', '2021-02-22', 'D F A', 'P1,P2,P5,P7,P8,', 'P3,P5,P6,P7,', 'P1,P2,P3,P4,', 'P5,', '99473177322717184', NULL, '2021-11-25 11:29:26'),
(765, '2', '2021-02-22', 'U', 'P1,P2,P6,P7,P8,', 'P2,', 'P3,', 'P2,', '99473177322717184', '009', '2021-11-25 11:29:26'),
(766, '2', '2021-02-22', 'E', 'P1,P2,P4,P5,P7,P9,', 'P1,P2,P5,P7,', 'P4,', 'P5,', '99473177322717184', '005', '2021-11-25 11:29:26'),
(767, '2', '2021-02-22', 'Gita', 'P1,P2,P4,P7,P8,P9,', 'P1,P2,P3,P5,P6,P7,', 'P3,', 'P5,', '99473177322717184', '011', '2021-11-25 11:29:26'),
(768, '2', '2021-02-22', 'Dts', 'P1,P2,P4,P5,P7,P8,P9,', 'P4,', 'P1,P2,P3,P4,', 'P6,', '99473177322717184', '011', '2021-11-25 11:29:27'),
(769, '2', '2021-02-22', 'Syafiq Muhammad Nabil', 'P1,P2,P4,P5,P7,P8,P9,', 'P1,P2,P3,P4,P5,P6,P7,', 'P1,P2,P3,', 'P3,', '99473177322717184', NULL, '2021-11-25 11:29:27'),
(770, '2', '2021-02-22', 'ACM', 'P1,P2,P4,P5,P6,P7,P9,', 'P1,P2,P3,P4,P5,P6,P7,', 'P2,P3,P4,', 'P6,', '99473177322717184', NULL, '2021-11-25 11:29:27'),
(771, '2', '2021-02-22', 'ATA', 'P1,P2,P4,P5,P6,P7,P8,P9,', 'P1,P2,P3,', 'P1,P3,', 'P4,', '99473177322717184', '005', '2021-11-25 11:29:27'),
(772, '2', '2021-02-22', 'Matchapics', 'P1,P2,P5,P6,P7,P8,P9,', 'P2,P5,P6,', 'P1,P3,', 'P5,', '99473177322717184', '011', '2021-11-25 11:29:27'),
(773, '2', '2021-02-22', 'Zahra', 'P1,P2,P4,P7,P9,', 'P1,P3,P4,P5,', 'P1,', 'P4,P5,', '99473177322717184', NULL, '2021-11-25 11:29:27'),
(774, '2', '2021-02-22', 'Devaldi Caliesta Octadiani', 'P1,P2,P4,P5,P9,', 'P1,P6,', 'P2,P3,', 'P5,', '99473177322717184', '011', '2021-11-25 11:29:27'),
(775, '2', '2021-02-22', 'H', 'P1,P2,P4,P6,P7,P8,P9,', 'P1,P2,P3,P4,P5,P7,', 'P2,P3,P4,', 'P5,', '99473177322717184', NULL, '2021-11-25 11:29:27'),
(776, '2', '2021-02-22', 'NK', 'P1,P2,P5,P6,P7,P8,P9,', 'P1,P5,P6,P7,', 'P1,P3,P4,', 'P5,', '99473177322717184', NULL, '2021-11-25 11:29:27'),
(777, '2', '2021-02-22', 'Naila S', 'P1,P2,P4,P7,P8,P9,', 'P1,P2,P3,P4,P5,P6,P7,', 'P1,', 'P5,', '99473177322717184', '006', '2021-11-25 11:29:27'),
(778, '2', '2021-02-22', 'Alfia', 'P1,P2,P4,P5,P6,P7,P9,', 'P4,P5,', 'P1,P2,P3,P4,', 'P5,', '99473177322717184', NULL, '2021-11-25 11:29:27'),
(779, '2', '2021-02-22', 'Neno', 'P1,P2,P4,P5,P6,P7,P8,P9,', 'P1,P4,P7,', 'P3,', 'P4,', '99473177322717184', NULL, '2021-11-25 11:29:27'),
(780, '2', '2021-02-22', 'Yuyun', 'P1,P2,P4,P5,P6,P7,P8,P9,', 'P1,P2,P3,P5,P6,P7,', 'P3,', 'P2,', '99473177322717184', NULL, '2021-11-25 11:29:27'),
(781, '2', '2021-02-22', 'Sherin Dwi Utami ', 'P1,P2,P3,P4,P5,P6,P7,P8,P9,', 'P1,P2,P5,P6,P7,', 'P2,P3,P4,', 'P6,', '99473177322717184', NULL, '2021-11-25 11:29:27'),
(782, '2', '2021-02-22', 'Zulhijayanto', 'P1,P2,P8,P9,', 'P1,P3,P5,P6,', 'P1,P2,P3,P4,', 'P2,', '99473177322717184', '009', '2021-11-25 11:29:27'),
(783, '2', '2021-02-22', 'Rosdianti', 'P1,P2,P4,P5,P6,P7,P8,P9,', 'P1,P5,', 'P3,', 'P5,P6,', '99473177322717184', NULL, '2021-11-25 11:29:27'),
(784, '2', '2021-02-22', 'K', 'P1,P2,P4,P5,P6,P7,P8,P9,', 'P1,P2,P3,P4,P5,P6,P7,', 'P3,', 'P4,', '99473177322717184', '009', '2021-11-25 11:29:27'),
(785, '2', '2021-02-22', 'Ikhsan Dego Pranata', 'P1,P2,P4,P5,P6,P7,P8,P9,', 'P1,P3,', 'P1,P3,', 'P6,', '99473177322717184', NULL, '2021-11-25 11:29:27'),
(786, '2', '2021-02-22', 'Adelia ', 'P1,P2,P7,', 'P1,P3,P5,P7,', 'P2,P4,', 'P5,', '99473177322717184', '004', '2021-11-25 11:29:27');
INSERT INTO `tbl_dataset` (`id_dataset`, `itemset_dataset`, `datetime_dataset`, `subyek_dataset`, `params1_dataset`, `params2_dataset`, `params3_dataset`, `params4_dataset`, `author_dataset`, `id_fakultas`, `created_dataset`) VALUES
(787, '2', '2021-02-22', 'Nin', 'P1,P2,P4,P5,P6,P7,P8,P9,', 'P1,P2,P5,P6,', 'P2,', 'P4,', '99473177322717184', NULL, '2021-11-25 11:29:27'),
(788, '2', '2021-02-22', 'A', 'P1,P2,P4,P5,P7,P8,P9,', 'P1,P2,P4,', 'P1,P2,P4,', 'P2,P3,P4,P6,', '99473177322717184', '004', '2021-11-25 11:29:27'),
(789, '2', '2021-02-22', 'EP', 'P1,P2,P3,P4,P5,P6,P7,P8,P9,', 'P1,P2,P3,P4,P5,P6,P7,', 'P1,P2,P3,', 'P3,', '99473177322717184', NULL, '2021-11-25 11:29:27'),
(790, '2', '2021-02-22', 'Ima', 'P1,P2,P5,P8,P9,', 'P1,P4,P7,', 'P1,P2,P3,P4,', 'P5,P6,', '99473177322717184', NULL, '2021-11-25 11:29:27'),
(791, '2', '2021-02-22', 'Zine', 'P1,P2,P4,P6,P7,P8,P9,', 'P1,P2,P6,P7,', 'P3,', 'P5,', '99473177322717184', '001', '2021-11-25 11:29:27'),
(792, '2', '2021-02-22', 'DA', 'P1,P2,P4,P5,P8,P9,', 'P1,P3,P4,P5,P6,P7,', 'P1,P2,', 'P4,', '99473177322717184', NULL, '2021-11-25 11:29:27'),
(793, '2', '2021-02-22', 'Taufiq', 'P1,P2,P3,P4,P5,P6,P7,P8,P9,', 'P1,P2,P3,P4,P5,P6,P7,', 'P1,P2,P3,', 'P5,P6,', '99473177322717184', '001', '2021-11-25 11:29:27'),
(794, '2', '2021-02-22', 'Avila', 'P1,P2,P4,P6,P7,P9,', 'P1,P2,P3,P4,P5,P6,P7,', 'P3,P4,', 'P5,', '99473177322717184', '007', '2021-11-25 11:29:27'),
(795, '2', '2021-02-22', 'Maisya', 'P1,P2,P4,P5,P7,P9,', 'P1,P2,P3,P5,P6,P7,', 'P3,', 'P4,', '99473177322717184', '007', '2021-11-25 11:29:27'),
(796, '2', '2021-02-22', 'AT', 'P1,P2,P4,P6,P7,P8,P9,', 'P6,', 'P2,P3,P4,', 'P4,', '99473177322717184', NULL, '2021-11-25 11:29:27'),
(797, '2', '2021-02-22', 'Ayu', 'P1,P2,P5,P8,P9,', 'P2,P3,P4,P7,', 'P1,', 'P4,', '99473177322717184', '004', '2021-11-25 11:29:27'),
(798, '2', '2021-02-22', 'Oktavianti nendra utami', 'P1,P2,P4,P7,P8,P9,', 'P1,P2,P5,', 'P1,', 'P5,', '99473177322717184', NULL, '2021-11-25 11:29:27'),
(799, '2', '2021-02-22', 'Ari setiawan', 'P1,P2,P4,P5,P6,P7,P9,', 'P4,P5,P6,P7,', 'P2,', 'P5,', '99473177322717184', '007', '2021-11-25 11:29:27'),
(800, '2', '2021-02-22', 'Ice', 'P1,P2,P5,P8,P9,', 'P4,P7,', 'P2,P3,', 'P5,', '99473177322717184', NULL, '2021-11-25 11:29:27'),
(801, '2', '2021-02-22', 'R', 'P1,P2,P4,P5,P6,P7,P8,P9,', 'P1,P2,P3,', 'P1,P2,P3,P4,', 'P5,', '99473177322717184', NULL, '2021-11-25 11:29:27'),
(802, '2', '2021-02-22', 'Kaisar', 'P1,P2,P6,P7,P8,', 'P4,P5,P7,', 'P1,P3,', 'P3,', '99473177322717184', NULL, '2021-11-25 11:29:27'),
(803, '2', '2021-02-22', 'Zahfira', 'P1,P2,P5,P6,P7,P9,', 'P1,P2,', 'P3,', 'P5,', '99473177322717184', '004', '2021-11-25 11:29:27'),
(804, '2', '2021-02-22', 'Lestari', 'P1,P2,P4,P5,P6,P7,P8,P9,', 'P1,P2,P3,P5,P6,P7,', 'P1,P2,P3,P4,', 'P5,', '99473177322717184', '004', '2021-11-25 11:29:27'),
(805, '2', '2021-02-22', 'Kin', 'P1,P2,P4,P8,P9,', 'P1,P2,P3,P5,P6,P7,', 'P3,', 'P5,', '99473177322717184', NULL, '2021-11-25 11:29:27'),
(806, '2', '2021-02-22', 'Haidar', 'P1,P2,P4,P5,P8,P9,', 'P1,P2,P3,P4,P5,P6,P7,', 'P1,P2,P3,P4,', 'P5,P6,', '99473177322717184', '004', '2021-11-25 11:29:27'),
(807, '2', '2021-02-22', 'Auril', 'P1,P2,P3,P4,P5,P9,', 'P1,P5,P6,P7,', 'P4,', 'P2,P4,P6,', '99473177322717184', '004', '2021-11-25 11:29:27'),
(808, '2', '2021-02-22', 'Reka Apriyani', 'P1,P2,P4,P5,P7,P8,P9,', 'P1,P2,P3,P4,P6,P7,', 'P1,P3,', 'P4,P5,', '99473177322717184', '007', '2021-11-25 11:29:27'),
(809, '2', '2021-02-22', 'EP', 'P1,P2,P3,P4,P5,P6,P7,P8,P9,', 'P1,P2,P3,P4,P5,P6,P7,', 'P1,P2,P3,', 'P3,', '99473177322717184', NULL, '2021-11-25 11:29:27'),
(810, '2', '2021-02-22', 'S', 'P1,P2,P5,P9,', 'P3,P5,', 'P3,', 'P5,', '99473177322717184', '004', '2021-11-25 11:29:27'),
(811, '2', '2021-02-22', 'SWP', 'P1,P2,P4,P6,P7,P8,P9,', 'P1,P3,P5,P7,', 'P2,P3,P4,', 'P5,', '99473177322717184', NULL, '2021-11-25 11:29:27'),
(812, '2', '2021-02-22', 'Jasmine', 'P1,P2,P4,P5,P6,P7,P8,P9,', 'P1,P2,P3,P4,P5,P6,P7,', 'P1,P3,', 'P2,P5,', '99473177322717184', '007', '2021-11-25 11:29:27'),
(813, '2', '2021-02-22', 'Purwadiantoro', 'P1,P2,P3,P4,P5,P7,P9,', 'P4,P7,', 'P2,P3,P4,', 'P5,', '99473177322717184', '004', '2021-11-25 11:29:27'),
(814, '2', '2021-02-22', 'Yuli', 'P1,P2,P3,P4,P5,P7,P9,', 'P1,P2,P3,P5,P6,P7,', 'P1,P3,', 'P5,', '99473177322717184', NULL, '2021-11-25 11:29:27'),
(815, '2', '2021-02-22', 'MW', 'P1,P2,P4,P5,P7,P8,P9,', 'P1,P2,P3,P4,P5,P6,P7,', 'P1,P2,', 'P4,P6,', '99473177322717184', NULL, '2021-11-25 11:29:27'),
(816, '2', '2021-02-22', 'Maulidya', 'P1,P2,P4,P5,P6,P7,P8,P9,', 'P1,P2,P3,P4,P5,P6,P7,', 'P3,P4,', 'P4,', '99473177322717184', '007', '2021-11-25 11:29:27'),
(817, '2', '2021-02-22', 'S', 'P1,P2,P5,P9,', 'P3,P5,', 'P3,', 'P5,', '99473177322717184', '004', '2021-11-25 11:29:27'),
(818, '2', '2021-02-22', 'Galuh tri utami', 'P1,P2,P4,P5,P9,', 'P1,P2,P3,P6,P7,', 'P2,P3,', 'P5,', '99473177322717184', NULL, '2021-11-25 11:29:27'),
(819, '2', '2021-02-22', 'Mainis Aqmar Zakirah', 'P1,P2,P4,P5,P6,P7,P8,P9,', 'P1,P2,P3,P4,P5,P7,', 'P1,P2,P3,', 'P5,', '99473177322717184', NULL, '2021-11-25 11:29:27'),
(820, '2', '2021-02-22', 'DA IMATANNUR', 'P1,P2,P4,P5,P9,', 'P1,P4,', 'P1,P3,', 'P3,P4,P5,P6,', '99473177322717184', NULL, '2021-11-25 11:29:27'),
(821, '2', '2021-02-22', 'Syahni', 'P1,P2,P4,P5,P6,P8,P9,', 'P4,', 'P1,P3,', 'P5,', '99473177322717184', '004', '2021-11-25 11:29:27'),
(822, '2', '2021-02-22', 'Nafa Arazila', 'P1,P2,P4,P5,P6,P7,P8,P9,', 'P1,', 'P2,P3,', 'P2,P3,P5,', '99473177322717184', NULL, '2021-11-25 11:29:27'),
(823, '2', '2021-02-22', 'AW', 'P1,P2,P5,P7,P9,', 'P1,', 'P3,', 'P2,P3,P5,', '99473177322717184', '004', '2021-11-25 11:29:27'),
(824, '2', '2021-02-22', 'S', 'P1,P2,P5,P9,', 'P3,P5,', 'P3,', 'P5,', '99473177322717184', '004', '2021-11-25 11:29:27'),
(825, '2', '2021-02-22', 'Amanda ', 'P1,P2,P4,P5,P6,P7,P8,P9,', 'P1,P2,P3,P4,P5,P6,P7,', 'P2,P3,P4,', 'P5,', '99473177322717184', NULL, '2021-11-25 11:29:27'),
(826, '2', '2021-02-22', 'N', 'P1,P2,P5,P7,P8,P9,', 'P1,', 'P3,', 'P5,', '99473177322717184', '004', '2021-11-25 11:29:27'),
(827, '2', '2021-02-22', 'S', 'P1,P2,P9,', 'P1,P2,P4,P5,P6,P7,', 'P2,P3,', 'P2,', '99473177322717184', '004', '2021-11-25 11:29:27'),
(828, '2', '2021-02-22', 'Mfd', 'P1,P2,P4,P5,P6,P7,P8,P9,', 'P1,P2,P4,P5,P7,', 'P1,P2,P3,P4,', 'P5,', '99473177322717184', '007', '2021-11-25 11:29:27'),
(829, '2', '2021-02-22', 'DH', 'P1,P2,P4,P5,P7,P8,P9,', 'P1,P2,P4,P6,P7,', 'P1,P2,P3,P4,', 'P5,', '99473177322717184', NULL, '2021-11-25 11:29:27'),
(830, '2', '2021-02-22', 'Muhammad Syafrizal Pahlevi', 'P1,P2,P4,P5,P6,P7,P8,P9,', 'P1,P2,P3,P4,', 'P1,P2,P3,P4,', 'P5,', '99473177322717184', NULL, '2021-11-25 11:29:27'),
(831, '2', '2021-02-22', 'Ade tiara', 'P1,P2,P5,P7,P8,P9,', 'P1,P2,P3,P5,P7,', 'P3,', 'P4,P5,P6,', '99473177322717184', '007', '2021-11-25 11:29:27'),
(832, '2', '2021-02-22', 'Nissa', 'P1,P2,P4,P5,P6,P7,P8,P9,', 'P1,P2,P3,P6,P7,', 'P1,P3,', 'P5,', '99473177322717184', NULL, '2021-11-25 11:29:27'),
(833, '2', '2021-02-22', 'Fatma Putri Ambika', 'P1,P2,P4,P5,P6,P7,P8,P9,', 'P2,P3,P5,P7,', 'P1,P3,', 'P2,P3,P5,', '99473177322717184', '007', '2021-11-25 11:29:27'),
(834, '2', '2021-02-22', 'MN', 'P1,P2,P4,P5,P6,P7,P8,P9,', 'P6,', 'P2,P3,', 'P5,', '99473177322717184', NULL, '2021-11-25 11:29:27'),
(835, '2', '2021-02-22', 'S', 'P1,P2,P4,P5,P6,P7,P8,P9,', 'P1,P2,P3,P4,P5,P7,', 'P1,P2,P3,P4,', 'P2,P5,P6,', '99473177322717184', NULL, '2021-11-25 11:29:27'),
(836, '2', '2021-02-22', 'Idlal khalish Sulthan', 'P1,P2,P4,P5,P6,P7,P8,P9,', 'P1,P2,P6,P7,', 'P1,P2,P3,P4,', 'P2,', '99473177322717184', '009', '2021-11-25 11:29:27'),
(837, '2', '2021-02-21', 'W', 'P1,P2,P4,P5,P6,P7,P8,P9,', 'P1,P2,P4,P7,', 'P1,P2,P3,P4,', 'P2,P3,P4,P5,P6,', '99473177322717184', '011', '2021-11-25 11:29:27'),
(838, '2', '2021-02-21', 'CFU', 'P1,P2,P4,P5,P6,P7,P8,P9,', 'P1,P2,P3,P4,P5,P6,P7,', 'P3,', 'P5,', '99473177322717184', NULL, '2021-11-25 11:29:27'),
(839, '2', '2021-02-21', 'NW', 'P1,P2,P4,P5,P7,P9,', 'P1,P6,P7,', 'P2,P3,P4,', 'P4,', '99473177322717184', '011', '2021-11-25 11:29:27'),
(840, '2', '2021-02-21', 'NW', 'P1,P2,P4,P5,P7,P9,', 'P1,P6,P7,', 'P2,P3,P4,', 'P4,', '99473177322717184', '011', '2021-11-25 11:29:27'),
(841, '2', '2021-02-21', 'A', 'P1,P2,P4,P5,P7,P8,P9,', 'P2,P3,P4,P7,', 'P3,P4,', 'P3,', '99473177322717184', '011', '2021-11-25 11:29:27'),
(842, '2', '2021-02-21', 'Ulan', 'P1,P2,P4,P5,P9,', 'P3,P4,P7,', 'P3,P4,', 'P2,P4,', '99473177322717184', NULL, '2021-11-25 11:29:27'),
(843, '2', '2021-02-21', 'Icha ayu viawati narizkia', 'P1,P2,P4,P6,P7,P8,P9,', 'P1,P2,P3,P4,P6,P7,', 'P1,P2,P3,', 'P3,P5,P6,', '99473177322717184', '011', '2021-11-25 11:29:27'),
(844, '2', '2021-02-21', 'Rima Putri Cania', 'P1,P2,P4,P5,P7,P8,P9,', 'P1,P2,P3,P5,', 'P3,', 'P4,', '99473177322717184', '011', '2021-11-25 11:29:27'),
(845, '2', '2021-02-21', 'Alfiatul Laila', 'P1,P2,P4,P5,P6,P7,P8,P9,', 'P1,P2,P3,P5,P6,P7,', 'P2,P3,', 'P5,', '99473177322717184', '011', '2021-11-25 11:29:27'),
(846, '2', '2021-02-21', 'Sadam Risqi Ramdani', 'P1,P2,P4,P5,P7,P9,', 'P1,P2,P3,P4,P5,P6,P7,', 'P2,', 'P6,', '99473177322717184', '002', '2021-11-25 11:29:27'),
(847, '2', '2021-02-21', 'Tafep', 'P1,P2,P4,P5,P9,', 'P6,P7,', 'P2,', 'P2,P3,P5,', '99473177322717184', '002', '2021-11-25 11:29:27'),
(848, '2', '2021-02-21', 'Kumbang Arya Gumelar', 'P1,P2,P4,P5,P7,P8,P9,', 'P1,P2,P3,P4,P5,P6,P7,', 'P2,P3,P4,', 'P2,', '99473177322717184', '010', '2021-11-25 11:29:27'),
(849, '2', '2021-02-21', 'Diandari', 'P1,P2,P4,P5,P6,P7,P8,', 'P1,P2,P4,P6,P7,', 'P3,P4,', 'P6,', '99473177322717184', '010', '2021-11-25 11:29:27'),
(850, '2', '2021-02-21', 'Hertin', 'P1,P2,P4,P5,P7,P8,P9,', 'P1,P2,P3,P4,P5,P6,', 'P2,P3,P4,', 'P4,P5,', '99473177322717184', '002', '2021-11-25 11:29:27'),
(851, '2', '2021-02-21', 'Pandu', 'P1,P2,P4,P9,', 'P1,', 'P2,P3,', 'P2,P4,', '99473177322717184', '010', '2021-11-25 11:29:27'),
(852, '2', '2021-02-21', 'Riza aulia rahman ', 'P1,P2,P5,P9,', 'P1,P6,', 'P1,P2,P4,', 'P4,', '99473177322717184', '010', '2021-11-25 11:29:27'),
(853, '2', '2021-02-21', 'Gilangin', 'P1,P2,P5,P6,P7,P8,P9,', 'P2,P3,P4,P5,P7,', 'P1,P2,P3,P4,', 'P2,', '99473177322717184', '010', '2021-11-25 11:29:27'),
(854, '2', '2021-02-21', 'W', 'P1,P2,P4,P5,P6,P7,P8,P9,', 'P1,P2,', 'P1,', 'P6,', '99473177322717184', '010', '2021-11-25 11:29:27'),
(855, '2', '2021-02-21', 'Shella', 'P1,P2,P7,P8,P9,', 'P1,P2,P3,P4,P5,P6,', 'P2,P3,', 'P5,', '99473177322717184', '009', '2021-11-25 11:29:27'),
(856, '2', '2021-02-21', 'Rio', 'P1,P2,P4,P5,P6,P7,P8,P9,', 'P1,P2,P3,P4,P5,P6,P7,', 'P1,P2,P3,', 'P6,', '99473177322717184', '009', '2021-11-25 11:29:27'),
(857, '2', '2021-02-21', 'Farid Athallah', 'P1,P2,P4,P5,P7,P8,P9,', 'P1,P2,P4,P5,P6,P7,', 'P2,P3,P4,', 'P3,', '99473177322717184', '009', '2021-11-25 11:29:27'),
(858, '2', '2021-02-21', 'Dhea', 'P1,P2,P8,P9,', 'P3,P4,P5,P6,P7,', 'P3,', 'P5,', '99473177322717184', '010', '2021-11-25 11:29:27'),
(859, '2', '2021-02-21', 'Kurnia', 'P1,P2,P7,P8,P9,', 'P1,P4,P7,', 'P1,P3,', 'P4,', '99473177322717184', '009', '2021-11-25 11:29:27'),
(860, '2', '2021-02-21', 'Alda', 'P1,P2,P4,P5,P7,P8,P9,', 'P1,P2,P3,P5,P6,P7,', 'P1,P2,P3,P4,', 'P2,P6,', '99473177322717184', '010', '2021-11-25 11:29:27'),
(861, '2', '2021-02-21', 'Ariyan', 'P1,P2,P5,P6,P7,P8,P9,', 'P1,P2,P3,P5,P7,', 'P1,P2,P3,P4,', 'P4,', '99473177322717184', '009', '2021-11-25 11:29:27'),
(862, '2', '2021-02-21', 'Endah Herminarimawati ', 'P1,P2,P4,P6,P7,P8,P9,', 'P1,P3,', 'P3,', 'P5,P6,', '99473177322717184', '009', '2021-11-25 11:29:27'),
(863, '2', '2021-02-21', 'nadhili', 'P1,P2,P4,P5,P6,P7,P8,P9,', 'P1,P2,P3,P4,P6,P7,', 'P2,P3,P4,', 'P3,P5,', '99473177322717184', '009', '2021-11-25 11:29:27'),
(864, '2', '2021-02-21', 'Kartika puspita', 'P1,P2,P4,P5,P8,', 'P4,P5,P6,P7,', 'P2,P3,P4,', 'P5,', '99473177322717184', '010', '2021-11-25 11:29:27'),
(865, '2', '2021-02-21', 'Alfu', 'P1,P2,P4,P5,P7,P8,P9,', 'P1,', 'P1,P2,P3,P4,', 'P5,P6,', '99473177322717184', '010', '2021-11-25 11:29:27'),
(866, '2', '2021-02-21', 'Dwi nvt ', 'P1,P2,P3,P4,P5,', 'P1,P2,', 'P1,P2,P3,P4,', 'P5,P6,', '99473177322717184', '010', '2021-11-25 11:29:27'),
(867, '2', '2021-02-21', 'Sherly', 'P1,P2,P4,P5,P7,P8,P9,', 'P2,P3,', 'P1,P2,P3,', 'P5,P6,', '99473177322717184', '010', '2021-11-25 11:29:27'),
(868, '2', '2021-02-21', 'DAPU', 'P1,P2,P4,P5,P6,P7,P8,P9,', 'P4,', 'P2,P3,P4,', 'P2,P6,', '99473177322717184', NULL, '2021-11-25 11:29:27'),
(869, '2', '2021-02-21', 'Tasya ', 'P1,P2,P4,P5,P7,P8,P9,', 'P1,P3,P5,P6,', 'P1,P3,', 'P2,P3,P5,', '99473177322717184', '004', '2021-11-25 11:29:27'),
(870, '2', '2021-02-21', 'Astrid', 'P1,P2,P4,P9,', 'P1,P2,P3,P6,P7,', 'P1,P2,P3,P4,', 'P4,P6,', '99473177322717184', '009', '2021-11-25 11:29:27'),
(871, '2', '2021-02-21', 'E', 'P1,P2,P4,P5,P7,P8,P9,', 'P1,P2,P3,P6,', 'P1,P3,', 'P5,', '99473177322717184', '004', '2021-11-25 11:29:27'),
(872, '2', '2021-02-21', 'Rofina Febriani Salma', 'P1,P2,P4,P5,P7,P9,', 'P1,P2,P5,P7,', 'P2,P3,', 'P6,', '99473177322717184', '004', '2021-11-25 11:29:27'),
(873, '2', '2021-02-21', 'Nana', 'P1,P2,P4,P5,P7,P8,P9,', 'P1,P4,P6,P7,', 'P1,P2,P3,P4,', 'P5,', '99473177322717184', '009', '2021-11-25 11:29:27'),
(874, '2', '2021-02-21', 'J', 'P1,P2,P4,P5,P7,P8,P9,', 'P1,P2,P3,P5,P7,', 'P3,', 'P2,P6,', '99473177322717184', '004', '2021-11-25 11:29:27'),
(875, '2', '2021-02-21', 'Tasya ', 'P1,P2,P4,P5,P7,P8,P9,', 'P1,P3,P5,P6,', 'P1,P3,', 'P2,P3,P5,', '99473177322717184', '004', '2021-11-25 11:29:27'),
(876, '2', '2021-02-21', 'Gdd', 'P1,P2,P5,P7,P9,', 'P3,P5,P7,', 'P2,P3,P4,', 'P4,', '99473177322717184', '004', '2021-11-25 11:29:27'),
(877, '2', '2021-02-21', 'Melvy Septria', 'P1,P2,P4,P5,P7,P8,P9,', 'P1,P5,P6,P7,', 'P4,', 'P2,', '99473177322717184', '004', '2021-11-25 11:29:27'),
(878, '2', '2021-02-21', 'RAN', 'P1,P2,P3,', 'P7,', 'P1,', 'P3,P5,', '99473177322717184', '004', '2021-11-25 11:29:27'),
(879, '2', '2021-02-21', 'Nurul', 'P1,P2,P9,', 'P1,P3,P4,P5,P7,', 'P1,', 'P5,', '99473177322717184', '004', '2021-11-25 11:29:27'),
(880, '2', '2021-02-21', 'Hays', 'P1,P2,P5,P6,P7,P8,P9,', 'P7,', 'P1,P2,', 'P4,P5,', '99473177322717184', '004', '2021-11-25 11:29:27'),
(881, '2', '2021-02-21', 'Aditya Santa ', 'P1,P2,P4,P5,P6,P7,P8,P9,', 'P1,P4,P6,P7,', 'P3,', 'P2,P4,P6,', '99473177322717184', '009', '2021-11-25 11:29:27'),
(882, '2', '2021-02-21', 'Nafila ', 'P1,P2,P5,P9,', 'P1,P2,P3,P5,P6,P7,', 'P1,P2,P4,', 'P5,P6,', '99473177322717184', '007', '2021-11-25 11:29:27'),
(883, '2', '2021-02-21', 'ARS', 'P1,P2,P4,P5,P7,', 'P2,P3,', 'P1,P3,', 'P5,', '99473177322717184', '007', '2021-11-25 11:29:27'),
(884, '2', '2021-02-21', 'Nida', 'P1,P2,P4,P5,P7,P8,P9,', 'P1,P3,', 'P1,P2,P3,', 'P4,', '99473177322717184', '009', '2021-11-25 11:29:27'),
(885, '2', '2021-02-21', 'Oriza Abidharma', 'P1,P2,P4,P9,', 'P1,P2,P3,P4,P5,', 'P1,P2,P3,', 'P4,', '99473177322717184', '009', '2021-11-25 11:29:27'),
(886, '2', '2021-02-21', 'Rini Nursanti', 'P1,P2,P4,P7,', 'P2,P3,P5,', 'P1,P2,P3,P4,', 'P5,', '99473177322717184', '009', '2021-11-25 11:29:27'),
(887, '2', '2021-02-21', 'Nabila', 'P1,P2,P4,P5,P6,P7,P8,P9,', 'P1,P2,P5,P6,P7,', 'P1,', 'P4,', '99473177322717184', '009', '2021-11-25 11:29:27'),
(888, '2', '2021-02-21', 'F', 'P1,P2,P5,P8,P9,', 'P1,P2,P4,P6,P7,', 'P1,P2,P3,P4,', 'P5,', '99473177322717184', '009', '2021-11-25 11:29:27'),
(889, '2', '2021-02-21', 'Adinda', 'P1,P2,P4,P5,P8,P9,', 'P1,P2,P3,P6,P7,', 'P3,', 'P5,', '99473177322717184', '009', '2021-11-25 11:29:27'),
(890, '2', '2021-02-21', 'Rasyid', 'P1,P2,P5,P8,P9,', 'P1,P2,P3,P5,P6,P7,', 'P2,P3,P4,', 'P2,', '99473177322717184', '009', '2021-11-25 11:29:27'),
(891, '2', '2021-02-21', 'Agum', 'P1,P2,P8,P9,', 'P1,P2,P3,P4,P5,P6,', 'P3,P4,', 'P5,', '99473177322717184', '009', '2021-11-25 11:29:27'),
(892, '2', '2021-02-21', 'Helsi Yanti Handayani', 'P1,P2,P4,P5,P9,', 'P1,P2,P3,P4,P5,P6,P7,', 'P3,', 'P5,', '99473177322717184', '003', '2021-11-25 11:29:27'),
(893, '2', '2021-02-21', 'alul', 'P1,P2,P3,P4,P6,P7,P8,P9,', 'P4,P7,', 'P4,', 'P2,P3,P4,P5,', '99473177322717184', '009', '2021-11-25 11:29:27'),
(894, '2', '2021-02-21', 'Rasyid', 'P1,P2,P5,P8,P9,', 'P1,P2,P3,P5,P6,P7,', 'P2,P3,P4,', 'P2,', '99473177322717184', '009', '2021-11-25 11:29:27'),
(895, '2', '2021-02-21', 'Rido Ramadhan', 'P1,P2,P4,P5,', 'P1,P2,', 'P2,P3,P4,', 'P2,P6,', '99473177322717184', '003', '2021-11-25 11:29:27'),
(896, '2', '2021-02-21', 'Nabila', 'P1,P2,P4,P5,P6,P7,P8,P9,', 'P1,P2,P5,P6,P7,', 'P1,', 'P4,', '99473177322717184', '009', '2021-11-25 11:29:27'),
(897, '2', '2021-02-21', 'I', 'P1,P2,P4,P5,P7,P9,', 'P1,P2,P3,P4,P6,P7,', 'P1,P2,P4,', 'P2,P4,', '99473177322717184', '009', '2021-11-25 11:29:27'),
(898, '2', '2021-02-21', 'Fzzhrr', 'P1,P2,P4,P5,P7,P8,P9,', 'P1,P2,P3,P5,P6,', 'P2,P3,', 'P5,', '99473177322717184', '003', '2021-11-25 11:29:27'),
(899, '2', '2021-02-21', 'Isman', 'P1,P2,P3,P5,P9,', 'P7,', 'P1,P3,', 'P2,P4,P5,P6,', '99473177322717184', '009', '2021-11-25 11:29:27'),
(900, '2', '2021-02-21', 'FAA', 'P1,P2,P4,P5,P6,P9,', 'P1,P2,P3,P4,P5,P7,', 'P1,P3,', 'P2,P5,', '99473177322717184', '009', '2021-11-25 11:29:27'),
(901, '2', '2021-02-21', 'Alviando', 'P1,P2,P7,P8,P9,', 'P4,P7,', 'P3,', 'P5,', '99473177322717184', '009', '2021-11-25 11:29:27'),
(902, '2', '2021-02-21', 'Dwiky Sayfudin Huda', 'P1,P2,P4,P5,P6,P7,P8,P9,', 'P1,P2,P3,P4,P5,P6,P7,', 'P2,', 'P4,', '99473177322717184', '009', '2021-11-25 11:29:27'),
(903, '2', '2021-02-21', 'Chairunisa Nindy Aqila ', 'P1,P2,P4,P5,P7,P8,P9,', 'P6,', 'P3,', 'P2,P4,P5,', '99473177322717184', '009', '2021-11-25 11:29:27'),
(904, '2', '2021-02-21', 'Khairunnisa Indah Safitri', 'P1,P2,P4,P5,P6,P7,P8,P9,', 'P1,', 'P2,', 'P2,P3,P5,P6,', '99473177322717184', '009', '2021-11-25 11:29:27'),
(905, '2', '2021-02-21', 'Rina Fatmawati', 'P1,P2,P4,P5,P7,P9,', 'P6,P7,', 'P3,P4,', 'P4,P6,', '99473177322717184', '009', '2021-11-25 11:29:27'),
(906, '2', '2021-02-21', 'Arda Rospita Dewi', 'P1,P2,P4,P5,P6,P7,P8,P9,', 'P1,P2,P3,P6,P7,', 'P3,', 'P5,', '99473177322717184', '009', '2021-11-25 11:29:27'),
(907, '2', '2021-02-21', 'Yayat Fahturrahman Labanu ', 'P1,P2,P5,P8,P9,', 'P4,P7,', 'P1,P3,', 'P5,', '99473177322717184', '009', '2021-11-25 11:29:27'),
(908, '2', '2021-02-20', 'Ian', 'P1,P2,P4,P5,P9,', 'P2,P3,P4,P5,P6,P7,', 'P1,P2,P3,P4,', 'P3,', '99473177322717184', '010', '2021-11-25 11:29:27'),
(909, '2', '2021-02-20', 'Ibrahim ', 'P1,P2,P4,P5,P7,P8,P9,', 'P2,P4,P5,P6,P7,', 'P2,P4,', 'P5,', '99473177322717184', '006', '2021-11-25 11:29:27'),
(910, '2', '2021-02-20', 'Anggit Reza Pahlevi Ajmal Tsani', 'P1,P2,P4,P5,P7,P8,P9,', 'P1,P2,P3,P4,P5,P6,P7,', 'P2,P4,', 'P4,', '99473177322717184', '006', '2021-11-25 11:29:27'),
(911, '2', '2021-02-20', 'Zz', 'P1,P2,P4,P6,P7,P8,P9,', 'P7,', 'P2,', 'P3,', '99473177322717184', '003', '2021-11-25 11:29:27'),
(912, '2', '2021-02-20', 'MZM', 'P3,', 'P7,', 'P2,P3,P4,', 'P2,P3,P5,', '99473177322717184', '003', '2021-11-25 11:29:27'),
(913, '2', '2021-02-20', 'Ir', 'P1,P2,P9,', 'P7,', 'P1,P2,P3,P4,', 'P2,P3,P4,P5,P6,', '99473177322717184', '003', '2021-11-25 11:29:27'),
(914, '2', '2021-02-20', 'Naufal', 'P1,P2,P4,P5,P8,P9,', 'P1,P2,P3,P4,P5,P7,', 'P2,P4,', 'P5,', '99473177322717184', '003', '2021-11-25 11:29:27'),
(915, '2', '2021-02-20', 'Erlang Bagus ', 'P1,P2,P5,P7,P8,P9,', 'P1,P2,P3,P4,P5,P6,P7,', 'P1,P2,P3,P4,', 'P2,', '99473177322717184', '003', '2021-11-25 11:29:27'),
(916, '2', '2021-01-26', 'CC', 'P1,P2,P4,P5,P7,P9,', 'P1,P2,P5,P6,P7,', 'P1,', 'P2,', '99473177322717184', NULL, '2021-11-25 11:29:27');

-- --------------------------------------------------------

--
-- Struktur dari tabel `tbl_dataset_transit`
--

CREATE TABLE `tbl_dataset_transit` (
  `id_dataset` int(11) NOT NULL,
  `datetime_dataset` date DEFAULT NULL,
  `subyek_dataset` varchar(255) NOT NULL,
  `params1_dataset` text NOT NULL,
  `params2_dataset` text NOT NULL,
  `params3_dataset` text NOT NULL,
  `params4_dataset` text NOT NULL,
  `author_dataset` varchar(255) NOT NULL,
  `id_fakultas` varchar(50) DEFAULT NULL,
  `created_dataset` timestamp NOT NULL DEFAULT current_timestamp()
) ENGINE=InnoDB DEFAULT CHARSET=utf8mb4;

-- --------------------------------------------------------

--
-- Struktur dari tabel `tbl_itemset1`
--

CREATE TABLE `tbl_itemset1` (
  `id_itemset1` int(11) NOT NULL,
  `id_proses` varchar(255) NOT NULL,
  `atribut` varchar(200) DEFAULT NULL,
  `jumlah` varchar(100) DEFAULT NULL,
  `support` varchar(100) DEFAULT NULL,
  `lolos` varchar(100) DEFAULT NULL
) ENGINE=InnoDB DEFAULT CHARSET=latin1;

--
-- Dumping data untuk tabel `tbl_itemset1`
--

INSERT INTO `tbl_itemset1` (`id_itemset1`, `id_proses`, `atribut`, `jumlah`, `support`, `lolos`) VALUES
(125, '956243780', 'P1', '3', '100', '1'),
(126, '956243780', 'P2', '3', '100', '1'),
(127, '956243780', 'P4', '2', '66.67', '1'),
(128, '956243780', 'P5', '2', '66.67', '1'),
(129, '956243780', 'P6', '1', '33.33', '0'),
(130, '956243780', 'P7', '2', '66.67', '1'),
(131, '956243780', 'P8', '1', '33.33', '0'),
(132, '956243780', 'P9', '3', '100', '1'),
(140, '246971380', 'P1', '3', '100', '1'),
(141, '246971380', 'P2', '3', '100', '1'),
(142, '246971380', 'P4', '2', '66.67', '1'),
(143, '246971380', 'P5', '2', '66.67', '1'),
(144, '246971380', 'P6', '1', '33.33', '0'),
(145, '246971380', 'P7', '2', '66.67', '1'),
(146, '246971380', 'P8', '1', '33.33', '0'),
(147, '246971380', 'P9', '3', '100', '1'),
(148, '310549826', 'P1', '3', '100', '1'),
(149, '310549826', 'P2', '3', '100', '1'),
(150, '310549826', 'P4', '2', '66.67', '1'),
(151, '310549826', 'P5', '2', '66.67', '1'),
(152, '310549826', 'P6', '1', '33.33', '0'),
(153, '310549826', 'P7', '2', '66.67', '1'),
(154, '310549826', 'P8', '1', '33.33', '0'),
(155, '310549826', 'P9', '3', '100', '1'),
(156, '863590142', 'P1', '3', '100', '1'),
(157, '863590142', 'P2', '3', '100', '1'),
(158, '863590142', 'P4', '2', '66.67', '1'),
(159, '863590142', 'P5', '2', '66.67', '1'),
(160, '863590142', 'P6', '1', '33.33', '0'),
(161, '863590142', 'P7', '2', '66.67', '1'),
(162, '863590142', 'P8', '1', '33.33', '0'),
(163, '863590142', 'P9', '3', '100', '1'),
(199, '6391528704', 'P1', '4', '80', '1'),
(200, '6391528704', 'P2', '4', '80', '1'),
(201, '6391528704', 'P3', '2', '40', '1'),
(202, '6391528704', 'P5', '4', '80', '1'),
(203, '9108245673', 'P1', '4', '80', '1'),
(204, '9108245673', 'P2', '4', '80', '1'),
(205, '9108245673', 'P3', '2', '40', '1'),
(206, '9108245673', 'P5', '4', '80', '1'),
(207, '4906382571', 'P1', '4', '80', '1'),
(208, '4906382571', 'P2', '4', '80', '1'),
(209, '4906382571', 'P3', '4', '80', '1'),
(210, '4906382571', 'P4', '4', '80', '1'),
(211, '4906382571', 'P5', '4', '80', '1'),
(212, '8756932410', 'P1', '1', '20', '0'),
(213, '8756932410', 'P2', '1', '20', '0'),
(214, '8756932410', 'P3', '2', '40', '1'),
(215, '7310852946', 'P1', '3', '60', '1'),
(216, '7310852946', 'P2', '1', '20', '0'),
(217, '7310852946', 'P3', '2', '40', '1'),
(218, '7310852946', 'P4', '1', '20', '0'),
(219, '7310852946', 'P5', '4', '80', '1'),
(220, '8312065794', 'P1', '4', '80', '1'),
(221, '8312065794', 'P2', '4', '80', '1'),
(222, '8312065794', 'P3', '2', '40', '1'),
(223, '8312065794', 'P4', '4', '80', '1'),
(224, '8312065794', 'P5', '4', '80', '1');

-- --------------------------------------------------------

--
-- Struktur dari tabel `tbl_itemset2`
--

CREATE TABLE `tbl_itemset2` (
  `id_itemset2` int(11) NOT NULL,
  `id_proses` varchar(100) NOT NULL,
  `atribut1` varchar(200) DEFAULT NULL,
  `atribut2` varchar(200) DEFAULT NULL,
  `jumlah` int(11) DEFAULT NULL,
  `support` double DEFAULT NULL,
  `lolos` tinyint(4) DEFAULT NULL
) ENGINE=InnoDB DEFAULT CHARSET=latin1;

--
-- Dumping data untuk tabel `tbl_itemset2`
--

INSERT INTO `tbl_itemset2` (`id_itemset2`, `id_proses`, `atribut1`, `atribut2`, `jumlah`, `support`, `lolos`) VALUES
(164, '956243780', 'P1', 'P2', 2, 66.666666666667, 1),
(165, '956243780', 'P1', 'P4', 1, 33.333333333333, 0),
(166, '956243780', 'P1', 'P5', 2, 66.666666666667, 1),
(167, '956243780', 'P1', 'P7', 2, 66.666666666667, 1),
(168, '956243780', 'P1', 'P9', 2, 66.666666666667, 1),
(169, '956243780', 'P2', 'P4', 1, 33.333333333333, 0),
(170, '956243780', 'P2', 'P5', 2, 66.666666666667, 1),
(171, '956243780', 'P2', 'P7', 2, 66.666666666667, 1),
(172, '956243780', 'P2', 'P9', 2, 66.666666666667, 1),
(173, '956243780', 'P4', 'P5', 1, 33.333333333333, 0),
(174, '956243780', 'P4', 'P7', 1, 33.333333333333, 0),
(175, '956243780', 'P4', 'P9', 1, 33.333333333333, 0),
(176, '956243780', 'P5', 'P7', 2, 66.666666666667, 1),
(177, '956243780', 'P5', 'P9', 2, 66.666666666667, 1),
(178, '956243780', 'P7', 'P9', 2, 66.666666666667, 1),
(189, '246971380', 'P1', 'P2', 2, 66.666666666667, 1),
(190, '246971380', 'P1', 'P4', 1, 33.333333333333, 0),
(191, '246971380', 'P1', 'P5', 2, 66.666666666667, 1),
(192, '246971380', 'P1', 'P7', 2, 66.666666666667, 1),
(193, '246971380', 'P1', 'P9', 2, 66.666666666667, 1),
(194, '246971380', 'P2', 'P4', 1, 33.333333333333, 0),
(195, '246971380', 'P2', 'P5', 2, 66.666666666667, 1),
(196, '246971380', 'P2', 'P7', 2, 66.666666666667, 1),
(197, '246971380', 'P2', 'P9', 2, 66.666666666667, 1),
(198, '246971380', 'P4', 'P5', 1, 33.333333333333, 0),
(199, '246971380', 'P4', 'P7', 1, 33.333333333333, 0),
(200, '246971380', 'P4', 'P9', 1, 33.333333333333, 0),
(201, '246971380', 'P5', 'P7', 2, 66.666666666667, 1),
(202, '246971380', 'P5', 'P9', 2, 66.666666666667, 1),
(203, '246971380', 'P7', 'P9', 2, 66.666666666667, 1),
(204, '310549826', 'P1', 'P2', 2, 66.666666666667, 1),
(205, '310549826', 'P1', 'P4', 1, 33.333333333333, 0),
(206, '310549826', 'P1', 'P5', 2, 66.666666666667, 1),
(207, '310549826', 'P1', 'P7', 2, 66.666666666667, 1),
(208, '310549826', 'P1', 'P9', 2, 66.666666666667, 1),
(209, '310549826', 'P2', 'P4', 1, 33.333333333333, 0),
(210, '310549826', 'P2', 'P5', 2, 66.666666666667, 1),
(211, '310549826', 'P2', 'P7', 2, 66.666666666667, 1),
(212, '310549826', 'P2', 'P9', 2, 66.666666666667, 1),
(213, '310549826', 'P4', 'P5', 1, 33.333333333333, 0),
(214, '310549826', 'P4', 'P7', 1, 33.333333333333, 0),
(215, '310549826', 'P4', 'P9', 1, 33.333333333333, 0),
(216, '310549826', 'P5', 'P7', 2, 66.666666666667, 1),
(217, '310549826', 'P5', 'P9', 2, 66.666666666667, 1),
(218, '310549826', 'P7', 'P9', 2, 66.666666666667, 1),
(219, '863590142', 'P1', 'P2', 2, 66.666666666667, 1),
(220, '863590142', 'P1', 'P4', 1, 33.333333333333, 0),
(221, '863590142', 'P1', 'P5', 2, 66.666666666667, 1),
(222, '863590142', 'P1', 'P7', 2, 66.666666666667, 1),
(223, '863590142', 'P1', 'P9', 2, 66.666666666667, 1),
(224, '863590142', 'P2', 'P4', 1, 33.333333333333, 0),
(225, '863590142', 'P2', 'P5', 2, 66.666666666667, 1),
(226, '863590142', 'P2', 'P7', 2, 66.666666666667, 1),
(227, '863590142', 'P2', 'P9', 2, 66.666666666667, 1),
(228, '863590142', 'P4', 'P5', 1, 33.333333333333, 0),
(229, '863590142', 'P4', 'P7', 1, 33.333333333333, 0),
(230, '863590142', 'P4', 'P9', 1, 33.333333333333, 0),
(231, '863590142', 'P5', 'P7', 2, 66.666666666667, 1),
(232, '863590142', 'P5', 'P9', 2, 66.666666666667, 1),
(233, '863590142', 'P7', 'P9', 2, 66.666666666667, 1),
(250, '9108245673', 'P1', 'P2', 3, 75, 1),
(251, '9108245673', 'P1', 'P3', 1, 25, 0),
(252, '9108245673', 'P1', 'P5', 3, 75, 1),
(253, '9108245673', 'P2', 'P3', 1, 25, 0),
(254, '9108245673', 'P2', 'P5', 3, 75, 1),
(255, '9108245673', 'P3', 'P5', 1, 25, 0),
(256, '4906382571', 'P1', 'P2', 4, 100, 1),
(257, '4906382571', 'P1', 'P3', 4, 100, 1),
(258, '4906382571', 'P1', 'P4', 4, 100, 1),
(259, '4906382571', 'P1', 'P5', 4, 100, 1),
(260, '4906382571', 'P2', 'P3', 4, 100, 1),
(261, '4906382571', 'P2', 'P4', 4, 100, 1),
(262, '4906382571', 'P2', 'P5', 4, 100, 1),
(263, '4906382571', 'P3', 'P4', 4, 100, 1),
(264, '4906382571', 'P3', 'P5', 4, 100, 1),
(265, '4906382571', 'P4', 'P5', 4, 100, 1),
(266, '7310852946', 'P1', 'P3', 1, 25, 0),
(267, '7310852946', 'P1', 'P5', 2, 50, 1),
(268, '7310852946', 'P3', 'P5', 1, 25, 0),
(269, '8312065794', 'P1', 'P2', 3, 75, 1),
(270, '8312065794', 'P1', 'P3', 1, 25, 0),
(271, '8312065794', 'P1', 'P4', 3, 75, 1),
(272, '8312065794', 'P1', 'P5', 3, 75, 1),
(273, '8312065794', 'P2', 'P3', 1, 25, 0),
(274, '8312065794', 'P2', 'P4', 3, 75, 1),
(275, '8312065794', 'P2', 'P5', 3, 75, 1),
(276, '8312065794', 'P3', 'P4', 2, 50, 1),
(277, '8312065794', 'P3', 'P5', 1, 25, 0),
(278, '8312065794', 'P4', 'P5', 3, 75, 1);

-- --------------------------------------------------------

--
-- Struktur dari tabel `tbl_itemset3`
--

CREATE TABLE `tbl_itemset3` (
  `id_itemset3` int(11) NOT NULL,
  `id_proses` varchar(100) NOT NULL,
  `atribut1` varchar(200) DEFAULT NULL,
  `atribut2` varchar(200) DEFAULT NULL,
  `atribut3` varchar(200) DEFAULT NULL,
  `jumlah` int(11) DEFAULT NULL,
  `support` varchar(100) DEFAULT NULL,
  `lolos` int(1) DEFAULT NULL
) ENGINE=InnoDB DEFAULT CHARSET=latin1;

--
-- Dumping data untuk tabel `tbl_itemset3`
--

INSERT INTO `tbl_itemset3` (`id_itemset3`, `id_proses`, `atribut1`, `atribut2`, `atribut3`, `jumlah`, `support`, `lolos`) VALUES
(45, '956243780', 'P1', 'P2', 'P7', 2, '66.666666666667', 1),
(46, '956243780', 'P1', 'P5', 'P7', 1, '33.333333333333', 0),
(47, '956243780', 'P1', 'P7', 'P9', 2, '66.666666666667', 1),
(48, '956243780', 'P2', 'P5', 'P7', 1, '33.333333333333', 0),
(49, '956243780', 'P2', 'P7', 'P9', 2, '66.666666666667', 1),
(50, '956243780', 'P5', 'P7', 'P9', 1, '33.333333333333', 0),
(52, '246971380', 'P1', 'P2', 'P7', 2, '66.666666666667', 1),
(53, '246971380', 'P1', 'P5', 'P7', 1, '33.333333333333', 0),
(54, '246971380', 'P1', 'P7', 'P9', 2, '66.666666666667', 1),
(55, '246971380', 'P2', 'P5', 'P7', 1, '33.333333333333', 0),
(56, '246971380', 'P2', 'P7', 'P9', 2, '66.666666666667', 1),
(57, '246971380', 'P5', 'P7', 'P9', 1, '33.333333333333', 0),
(58, '310549826', 'P1', 'P2', 'P7', 2, '66.666666666667', 1),
(59, '310549826', 'P1', 'P5', 'P7', 1, '33.333333333333', 0),
(60, '310549826', 'P1', 'P7', 'P9', 2, '66.666666666667', 1),
(61, '310549826', 'P2', 'P5', 'P7', 1, '33.333333333333', 0),
(62, '310549826', 'P2', 'P7', 'P9', 2, '66.666666666667', 1),
(63, '310549826', 'P5', 'P7', 'P9', 1, '33.333333333333', 0),
(64, '863590142', 'P1', 'P2', 'P7', 2, '66.666666666667', 1),
(65, '863590142', 'P1', 'P5', 'P7', 1, '33.333333333333', 0),
(66, '863590142', 'P1', 'P7', 'P9', 2, '66.666666666667', 1),
(67, '863590142', 'P2', 'P5', 'P7', 1, '33.333333333333', 0),
(68, '863590142', 'P2', 'P7', 'P9', 2, '66.666666666667', 1),
(69, '863590142', 'P5', 'P7', 'P9', 1, '33.333333333333', 0),
(89, '9108245673', 'P1', 'P2', 'P3', 1, '25', 0),
(90, '9108245673', 'P1', 'P3', 'P5', 1, '25', 0),
(91, '9108245673', 'P2', 'P3', 'P5', 1, '25', 0),
(92, '4906382571', 'P1', 'P2', 'P4', 4, '100', 1),
(93, '4906382571', 'P1', 'P3', 'P4', 4, '100', 1),
(94, '4906382571', 'P1', 'P4', 'P5', 4, '100', 1),
(95, '4906382571', 'P2', 'P3', 'P4', 4, '100', 1),
(96, '4906382571', 'P2', 'P4', 'P5', 4, '100', 1),
(97, '4906382571', 'P3', 'P4', 'P5', 4, '100', 1),
(98, '7310852946', 'P1', 'P3', 'P5', 1, '25', 0),
(99, '8312065794', 'P1', 'P2', 'P4', 3, '75', 1),
(100, '8312065794', 'P1', 'P3', 'P4', 1, '25', 0),
(101, '8312065794', 'P1', 'P4', 'P5', 3, '75', 1),
(102, '8312065794', 'P2', 'P3', 'P4', 1, '25', 0),
(103, '8312065794', 'P2', 'P4', 'P5', 3, '75', 1),
(104, '8312065794', 'P3', 'P4', 'P5', 1, '25', 0);

-- --------------------------------------------------------

--
-- Struktur dari tabel `tbl_konsultasi`
--

CREATE TABLE `tbl_konsultasi` (
  `id_konsultasi` varchar(255) NOT NULL,
  `subyek_konsultasi` varchar(255) NOT NULL,
  `params1_konsultasi` text NOT NULL DEFAULT '3',
  `params2_konsultasi` text NOT NULL DEFAULT '3',
  `params3_konsultasi` text NOT NULL DEFAULT '3',
  `params4_konsultasi` text NOT NULL DEFAULT '3',
  `author_konsultasi` varchar(255) NOT NULL,
  `status_konsultasi` int(1) NOT NULL,
  `created_konsultasi` timestamp NOT NULL DEFAULT current_timestamp()
) ENGINE=InnoDB DEFAULT CHARSET=utf8mb4;

--
-- Dumping data untuk tabel `tbl_konsultasi`
--

INSERT INTO `tbl_konsultasi` (`id_konsultasi`, `subyek_konsultasi`, `params1_konsultasi`, `params2_konsultasi`, `params3_konsultasi`, `params4_konsultasi`, `author_konsultasi`, `status_konsultasi`, `created_konsultasi`) VALUES
('03342415256870867919', 'Mukhaimin Samudra', 'P1,P2,P4,P5', 'P1,P2,P4,P5', 'P1,P2,P3,P4,P5', 'P3,P4', '970138k9utzvJYlde7xEsDVT2pMR5P', 0, '2021-11-24 15:22:16'),
('23068165807479594321', 'Tiara Anggraini', 'P1,P2,P5', 'P1,P2,P5', 'P1,P2,P3,P5', 'P3', '819765yh2Do0pCF61jQTK5a3vxMrw7', 0, '2021-11-15 17:50:30'),
('45730041997265138268', 'Tiara Anggraini', 'P1,P2,P5', 'P1,P2,P5', 'P1,P2,P3,P5', 'P3', '819765yh2Do0pCF61jQTK5a3vxMrw7', 0, '2021-11-15 17:49:14'),
('81095760732825694134', 'Tiara Anggraini', 'P1,P2,P3,P4,P5', 'P1,P2,P3,P4,P5', 'P1,P2,P3,P4,P5', 'P1,P2,P3,P4,P5', '819765yh2Do0pCF61jQTK5a3vxMrw7', 0, '2021-11-16 01:16:50'),
('94788531162264003759', 'Junaedi Subekti', 'P2,P5', 'P1,P4,P5', 'P1,P3,P5', 'P3', 'RwaonytrANmGlI7F1xWz9KXbvSh4B6', 0, '2021-11-24 12:52:38'),
('96205174593470123688', 'Tiara Anggraini', 'P1', 'P2', 'P3', 'P4', '819765yh2Do0pCF61jQTK5a3vxMrw7', 0, '2021-11-16 03:14:33');

-- --------------------------------------------------------

--
-- Struktur dari tabel `tbl_konsultasi_hasil`
--

CREATE TABLE `tbl_konsultasi_hasil` (
  `id_proses_hasil` int(11) NOT NULL,
  `id_proses` varchar(100) NOT NULL,
  `kombinasi1` varchar(255) DEFAULT NULL,
  `kombinasi2` varchar(255) DEFAULT NULL,
  `support_xUy` double DEFAULT NULL,
  `support_x` double DEFAULT NULL,
  `confidence` double DEFAULT NULL,
  `jumlah_a` int(11) DEFAULT NULL,
  `jumlah_b` int(11) DEFAULT NULL,
  `jumlah_ab` int(11) DEFAULT NULL,
  `px` double DEFAULT NULL,
  `py` double DEFAULT NULL,
  `pxuy` double DEFAULT NULL,
  `uji_lift` double DEFAULT NULL,
  `aturan_korelasi` varchar(255) NOT NULL,
  `iterasi` int(11) DEFAULT NULL COMMENT 'dari itemset 2/3',
  `lolos_proses_hasil` int(11) NOT NULL
) ENGINE=MyISAM DEFAULT CHARSET=latin1;

--
-- Dumping data untuk tabel `tbl_konsultasi_hasil`
--

INSERT INTO `tbl_konsultasi_hasil` (`id_proses_hasil`, `id_proses`, `kombinasi1`, `kombinasi2`, `support_xUy`, `support_x`, `confidence`, `jumlah_a`, `jumlah_b`, `jumlah_ab`, `px`, `py`, `pxuy`, `uji_lift`, `aturan_korelasi`, `iterasi`, `lolos_proses_hasil`) VALUES
(36, '4906382571', 'P1,P5', 'P4', 8, 4, 50, 1, 1, 1, 0.25, 0.25, 0.25, 4, 'Korelasi Positif', 3, 1),
(35, '4906382571', 'P5,P4', 'P1', 5, 4, 80, 5, 5, 1, 1.25, 0.25, 0.25, 0.8, 'Korelasi Negatif', 3, 1),
(34, '4906382571', 'P1,P4', 'P5', 8, 4, 50, 1, 1, 1, 0.25, 0.25, 0.25, 4, 'Korelasi Positif', 3, 1),
(33, '4906382571', 'P1,P4', 'P3', 8, 4, 50, 1, 1, 1, 0.25, 0.25, 0.25, 4, 'Korelasi Positif', 3, 1),
(32, '4906382571', 'P4,P3', 'P1', 8, 4, 50, 1, 1, 1, 0.25, 0.25, 0.25, 4, 'Korelasi Positif', 3, 1),
(31, '4906382571', 'P1,P3', 'P4', 8, 4, 50, 1, 1, 1, 0.25, 0.25, 0.25, 4, 'Korelasi Positif', 3, 1),
(30, '4906382571', 'P1,P4', 'P2', 8, 4, 50, 1, 1, 1, 0.25, 0.25, 0.25, 4, 'Korelasi Positif', 3, 1),
(29, '4906382571', 'P4,P2', 'P1', 5, 4, 80, 5, 5, 1, 1.25, 0.25, 0.25, 0.8, 'Korelasi Negatif', 3, 1),
(28, '4906382571', 'P1,P2', 'P4', 8, 4, 50, 1, 1, 1, 0.25, 0.25, 0.25, 4, 'Korelasi Positif', 3, 1),
(27, '9108245673', 'P2,P5', 'P3', 5, 4, 80, 1, 1, 1, 0.25, 0.25, 0.25, 4, 'Korelasi Positif', 3, 1),
(26, '9108245673', 'P5,P3', 'P2', 5, 4, 80, 1, 1, 1, 0.25, 0.25, 0.25, 4, 'Korelasi Positif', 3, 1),
(25, '9108245673', 'P2,P3', 'P5', 5, 4, 80, 1, 1, 1, 0.25, 0.25, 0.25, 4, 'Korelasi Positif', 3, 1),
(24, '9108245673', 'P1,P5', 'P3', 5, 4, 80, 1, 1, 1, 0.25, 0.25, 0.25, 4, 'Korelasi Positif', 3, 1),
(23, '9108245673', 'P5,P3', 'P1', 5, 4, 80, 1, 1, 1, 0.25, 0.25, 0.25, 4, 'Korelasi Positif', 3, 1),
(22, '9108245673', 'P1,P3', 'P5', 5, 4, 80, 1, 1, 1, 0.25, 0.25, 0.25, 4, 'Korelasi Positif', 3, 1),
(21, '9108245673', 'P1,P3', 'P2', 5, 4, 80, 1, 1, 1, 0.25, 0.25, 0.25, 4, 'Korelasi Positif', 3, 1),
(20, '9108245673', 'P3,P2', 'P1', 5, 2, 40, 1, 1, 1, 0.25, 0.25, 0.25, 4, 'Korelasi Positif', 3, 1),
(19, '9108245673', 'P1,P2', 'P3', 5, 4, 80, 1, 1, 1, 0.25, 0.25, 0.25, 4, 'Korelasi Positif', 3, 1),
(37, '4906382571', 'P2,P3', 'P4', 8, 4, 50, 1, 1, 1, 0.25, 0.25, 0.25, 4, 'Korelasi Positif', 3, 1),
(38, '4906382571', 'P4,P3', 'P2', 8, 4, 50, 1, 1, 1, 0.25, 0.25, 0.25, 4, 'Korelasi Positif', 3, 1),
(39, '4906382571', 'P2,P4', 'P3', 8, 4, 50, 1, 1, 1, 0.25, 0.25, 0.25, 4, 'Korelasi Positif', 3, 1),
(40, '4906382571', 'P2,P4', 'P5', 8, 4, 50, 1, 1, 1, 0.25, 0.25, 0.25, 4, 'Korelasi Positif', 3, 1),
(41, '4906382571', 'P5,P4', 'P2', 5, 4, 80, 5, 5, 1, 1.25, 0.25, 0.25, 0.8, 'Korelasi Negatif', 3, 1),
(42, '4906382571', 'P2,P5', 'P4', 8, 4, 50, 1, 1, 1, 0.25, 0.25, 0.25, 4, 'Korelasi Positif', 3, 1),
(43, '4906382571', 'P3,P4', 'P5', 8, 4, 50, 1, 1, 1, 0.25, 0.25, 0.25, 4, 'Korelasi Positif', 3, 1),
(44, '4906382571', 'P5,P4', 'P3', 5, 4, 80, 5, 5, 1, 1.25, 0.25, 0.25, 0.8, 'Korelasi Negatif', 3, 1),
(45, '4906382571', 'P3,P5', 'P4', 8, 4, 50, 1, 1, 1, 0.25, 0.25, 0.25, 4, 'Korelasi Positif', 3, 1),
(46, '7310852946', 'P1,P3', 'P5', 5, 3, 60, 1, 1, 1, 0.25, 0.25, 0.25, 4, 'Korelasi Positif', 3, 1),
(47, '7310852946', 'P5,P3', 'P1', 4, 4, 100, 3, 3, 1, 0.75, 0.25, 0.25, 1.3333333333333, 'Korelasi Positif', 3, 1),
(48, '7310852946', 'P1,P5', 'P3', 4, 3, 75, 1, 1, 1, 0.25, 0.25, 0.25, 4, 'Korelasi Positif', 3, 1),
(49, '8312065794', 'P1,P2', 'P4', 7, 4, 57.142857142857, 1, 1, 1, 0.25, 0.25, 0.25, 4, 'Korelasi Positif', 3, 1),
(50, '8312065794', 'P4,P2', 'P1', 5, 4, 80, 6, 6, 1, 1.5, 0.25, 0.25, 0.66666666666667, 'Korelasi Negatif', 3, 1),
(51, '8312065794', 'P1,P4', 'P2', 7, 4, 57.142857142857, 1, 1, 1, 0.25, 0.25, 0.25, 4, 'Korelasi Positif', 3, 1),
(52, '8312065794', 'P1,P3', 'P4', 5, 4, 80, 1, 1, 1, 0.25, 0.25, 0.25, 4, 'Korelasi Positif', 3, 1),
(53, '8312065794', 'P4,P3', 'P1', 8, 4, 50, 2, 2, 1, 0.5, 0.25, 0.25, 2, 'Korelasi Positif', 3, 1),
(54, '8312065794', 'P1,P4', 'P3', 5, 4, 80, 1, 1, 1, 0.25, 0.25, 0.25, 4, 'Korelasi Positif', 3, 1),
(55, '8312065794', 'P1,P4', 'P5', 7, 4, 57.142857142857, 1, 1, 1, 0.25, 0.25, 0.25, 4, 'Korelasi Positif', 3, 1),
(56, '8312065794', 'P5,P4', 'P1', 5, 4, 80, 6, 6, 1, 1.5, 0.25, 0.25, 0.66666666666667, 'Korelasi Negatif', 3, 1),
(57, '8312065794', 'P1,P5', 'P4', 7, 4, 57.142857142857, 1, 1, 1, 0.25, 0.25, 0.25, 4, 'Korelasi Positif', 3, 1),
(58, '8312065794', 'P2,P3', 'P4', 5, 4, 80, 1, 1, 1, 0.25, 0.25, 0.25, 4, 'Korelasi Positif', 3, 1),
(59, '8312065794', 'P4,P3', 'P2', 8, 4, 50, 2, 2, 1, 0.5, 0.25, 0.25, 2, 'Korelasi Positif', 3, 1),
(60, '8312065794', 'P2,P4', 'P3', 5, 4, 80, 1, 1, 1, 0.25, 0.25, 0.25, 4, 'Korelasi Positif', 3, 1),
(61, '8312065794', 'P2,P4', 'P5', 7, 4, 57.142857142857, 1, 1, 1, 0.25, 0.25, 0.25, 4, 'Korelasi Positif', 3, 1),
(62, '8312065794', 'P5,P4', 'P2', 5, 4, 80, 6, 6, 1, 1.5, 0.25, 0.25, 0.66666666666667, 'Korelasi Negatif', 3, 1),
(63, '8312065794', 'P2,P5', 'P4', 7, 4, 57.142857142857, 1, 1, 1, 0.25, 0.25, 0.25, 4, 'Korelasi Positif', 3, 1),
(64, '8312065794', 'P3,P4', 'P5', 6, 2, 33.333333333333, 1, 1, 1, 0.25, 0.25, 0.25, 4, 'Korelasi Positif', 3, 1),
(65, '8312065794', 'P5,P4', 'P3', 3, 4, 133.33333333333, 6, 6, 1, 1.5, 0.25, 0.25, 0.66666666666667, 'Korelasi Negatif', 3, 1),
(66, '8312065794', 'P3,P5', 'P4', 5, 2, 40, 1, 1, 1, 0.25, 0.25, 0.25, 4, 'Korelasi Positif', 3, 1);

-- --------------------------------------------------------

--
-- Struktur dari tabel `tbl_konsultasi_log`
--

CREATE TABLE `tbl_konsultasi_log` (
  `id_proses` varchar(255) NOT NULL,
  `id_konsultasi` varchar(255) NOT NULL,
  `min_support` int(11) NOT NULL,
  `min_confident` int(11) NOT NULL,
  `author_proses` varchar(255) NOT NULL,
  `status_proses` int(11) NOT NULL,
  `created_proses` timestamp NOT NULL DEFAULT current_timestamp()
) ENGINE=InnoDB DEFAULT CHARSET=utf8mb4;

--
-- Dumping data untuk tabel `tbl_konsultasi_log`
--

INSERT INTO `tbl_konsultasi_log` (`id_proses`, `id_konsultasi`, `min_support`, `min_confident`, `author_proses`, `status_proses`, `created_proses`) VALUES
('4906382571', '81095760732825694134', 1, 25, '819765yh2Do0pCF61jQTK5a3vxMrw7', 1, '2021-11-16 01:16:50'),
('7310852946', '94788531162264003759', 1, 25, 'RwaonytrANmGlI7F1xWz9KXbvSh4B6', 1, '2021-11-24 12:52:38'),
('8312065794', '03342415256870867919', 1, 25, '970138k9utzvJYlde7xEsDVT2pMR5P', 1, '2021-11-24 15:22:16'),
('8756932410', '96205174593470123688', 1, 25, '819765yh2Do0pCF61jQTK5a3vxMrw7', 1, '2021-11-16 03:14:33'),
('9108245673', '23068165807479594321', 1, 25, '819765yh2Do0pCF61jQTK5a3vxMrw7', 1, '2021-11-15 17:50:30');

-- --------------------------------------------------------

--
-- Struktur dari tabel `tbl_proses_hasil`
--

CREATE TABLE `tbl_proses_hasil` (
  `id_proses_hasil` int(11) NOT NULL,
  `id_proses` int(11) NOT NULL,
  `kombinasi1` varchar(255) DEFAULT NULL,
  `kombinasi2` varchar(255) DEFAULT NULL,
  `support_xUy` double DEFAULT NULL,
  `support_x` double DEFAULT NULL,
  `confidence` double DEFAULT NULL,
  `jumlah_a` int(11) DEFAULT NULL,
  `jumlah_b` int(11) DEFAULT NULL,
  `jumlah_ab` int(11) DEFAULT NULL,
  `px` double DEFAULT NULL,
  `py` double DEFAULT NULL,
  `pxuy` double DEFAULT NULL,
  `uji_lift` double DEFAULT NULL,
  `aturan_korelasi` varchar(255) NOT NULL,
  `iterasi` int(11) DEFAULT NULL COMMENT 'dari itemset 2/3',
  `lolos_proses_hasil` int(11) NOT NULL
) ENGINE=MyISAM DEFAULT CHARSET=latin1;

--
-- Dumping data untuk tabel `tbl_proses_hasil`
--

INSERT INTO `tbl_proses_hasil` (`id_proses_hasil`, `id_proses`, `kombinasi1`, `kombinasi2`, `support_xUy`, `support_x`, `confidence`, `jumlah_a`, `jumlah_b`, `jumlah_ab`, `px`, `py`, `pxuy`, `uji_lift`, `aturan_korelasi`, `iterasi`, `lolos_proses_hasil`) VALUES
(26, 956243780, 'P9,P7', 'P2', 5, 3, 60, 1, 1, 1, 0.11111111111111, 0.11111111111111, 0.33333333333333, 27, 'Korelasi Positif', 3, 0),
(27, 956243780, 'P2,P9', 'P7', 4, 3, 75, 1, 1, 1, 0.11111111111111, 0.11111111111111, 0.33333333333333, 27, 'Korelasi Positif', 3, 1),
(25, 956243780, 'P2,P7', 'P9', 5, 3, 60, 1, 1, 1, 0.11111111111111, 0.11111111111111, 0.33333333333333, 27, 'Korelasi Positif', 3, 0),
(24, 956243780, 'P1,P9', 'P7', 4, 3, 75, 1, 1, 1, 0.11111111111111, 0.11111111111111, 0.33333333333333, 27, 'Korelasi Positif', 3, 1),
(23, 956243780, 'P9,P7', 'P1', 5, 3, 60, 1, 1, 1, 0.11111111111111, 0.11111111111111, 0.33333333333333, 27, 'Korelasi Positif', 3, 0),
(22, 956243780, 'P1,P7', 'P9', 5, 3, 60, 1, 1, 1, 0.11111111111111, 0.11111111111111, 0.33333333333333, 27, 'Korelasi Positif', 3, 0),
(21, 956243780, 'P1,P7', 'P2', 5, 3, 60, 1, 1, 1, 0.11111111111111, 0.11111111111111, 0.33333333333333, 27, 'Korelasi Positif', 3, 0),
(20, 956243780, 'P7,P2', 'P1', 5, 2, 40, 1, 1, 1, 0.11111111111111, 0.11111111111111, 0.33333333333333, 27, 'Korelasi Positif', 3, 0),
(19, 956243780, 'P1,P2', 'P7', 4, 3, 75, 1, 1, 1, 0.11111111111111, 0.11111111111111, 0.33333333333333, 27, 'Korelasi Positif', 3, 1),
(38, 246971380, 'P9,P7', 'P1', 5, 3, 60, 2, 2, 1, 0.22222222222222, 0.11111111111111, 0.33333333333333, 13.5, 'Korelasi Positif', 3, 1),
(37, 246971380, 'P1,P7', 'P9', 5, 3, 60, 1, 1, 1, 0.11111111111111, 0.11111111111111, 0.33333333333333, 27, 'Korelasi Positif', 3, 1),
(36, 246971380, 'P1,P7', 'P2', 5, 3, 60, 1, 1, 1, 0.11111111111111, 0.11111111111111, 0.33333333333333, 27, 'Korelasi Positif', 3, 1),
(35, 246971380, 'P7,P2', 'P1', 5, 2, 40, 2, 2, 1, 0.22222222222222, 0.11111111111111, 0.33333333333333, 13.5, 'Korelasi Positif', 3, 0),
(34, 246971380, 'P1,P2', 'P7', 4, 3, 75, 1, 1, 1, 0.11111111111111, 0.11111111111111, 0.33333333333333, 27, 'Korelasi Positif', 3, 1),
(39, 246971380, 'P1,P9', 'P7', 4, 3, 75, 1, 1, 1, 0.11111111111111, 0.11111111111111, 0.33333333333333, 27, 'Korelasi Positif', 3, 1),
(40, 246971380, 'P2,P7', 'P9', 5, 3, 60, 1, 1, 1, 0.11111111111111, 0.11111111111111, 0.33333333333333, 27, 'Korelasi Positif', 3, 1),
(41, 246971380, 'P9,P7', 'P2', 5, 3, 60, 2, 2, 1, 0.22222222222222, 0.11111111111111, 0.33333333333333, 13.5, 'Korelasi Positif', 3, 1),
(42, 246971380, 'P2,P9', 'P7', 4, 3, 75, 1, 1, 1, 0.11111111111111, 0.11111111111111, 0.33333333333333, 27, 'Korelasi Positif', 3, 1),
(43, 310549826, 'P1,P2', 'P7', 4, 3, 75, 1, 1, 1, 0.11111111111111, 0.11111111111111, 0.33333333333333, 27, 'Korelasi Positif', 3, 1),
(44, 310549826, 'P7,P2', 'P1', 5, 2, 40, 3, 3, 1, 0.33333333333333, 0.11111111111111, 0.33333333333333, 9, 'Korelasi Positif', 3, 0),
(45, 310549826, 'P1,P7', 'P2', 5, 3, 60, 1, 1, 1, 0.11111111111111, 0.11111111111111, 0.33333333333333, 27, 'Korelasi Positif', 3, 1),
(46, 310549826, 'P1,P7', 'P9', 5, 3, 60, 1, 1, 1, 0.11111111111111, 0.11111111111111, 0.33333333333333, 27, 'Korelasi Positif', 3, 1),
(47, 310549826, 'P9,P7', 'P1', 5, 3, 60, 3, 3, 1, 0.33333333333333, 0.11111111111111, 0.33333333333333, 9, 'Korelasi Positif', 3, 1),
(48, 310549826, 'P1,P9', 'P7', 4, 3, 75, 1, 1, 1, 0.11111111111111, 0.11111111111111, 0.33333333333333, 27, 'Korelasi Positif', 3, 1),
(49, 310549826, 'P2,P7', 'P9', 5, 3, 60, 1, 1, 1, 0.11111111111111, 0.11111111111111, 0.33333333333333, 27, 'Korelasi Positif', 3, 1),
(50, 310549826, 'P9,P7', 'P2', 5, 3, 60, 3, 3, 1, 0.33333333333333, 0.11111111111111, 0.33333333333333, 9, 'Korelasi Positif', 3, 1),
(51, 310549826, 'P2,P9', 'P7', 4, 3, 75, 1, 1, 1, 0.11111111111111, 0.11111111111111, 0.33333333333333, 27, 'Korelasi Positif', 3, 1),
(52, 863590142, 'P1,P2', 'P7', 4, 3, 75, 1, 1, 1, 0.11111111111111, 0.11111111111111, 0.33333333333333, 27, 'Korelasi Positif', 3, 1),
(53, 863590142, 'P7,P2', 'P1', 5, 2, 40, 4, 4, 1, 0.44444444444444, 0.11111111111111, 0.33333333333333, 6.75, 'Korelasi Positif', 3, 0),
(54, 863590142, 'P1,P7', 'P2', 5, 3, 60, 1, 1, 1, 0.11111111111111, 0.11111111111111, 0.33333333333333, 27, 'Korelasi Positif', 3, 1),
(55, 863590142, 'P1,P7', 'P9', 5, 3, 60, 1, 1, 1, 0.11111111111111, 0.11111111111111, 0.33333333333333, 27, 'Korelasi Positif', 3, 1),
(56, 863590142, 'P9,P7', 'P1', 5, 3, 60, 4, 4, 1, 0.44444444444444, 0.11111111111111, 0.33333333333333, 6.75, 'Korelasi Positif', 3, 1),
(57, 863590142, 'P1,P9', 'P7', 4, 3, 75, 1, 1, 1, 0.11111111111111, 0.11111111111111, 0.33333333333333, 27, 'Korelasi Positif', 3, 1),
(58, 863590142, 'P2,P7', 'P9', 5, 3, 60, 1, 1, 1, 0.11111111111111, 0.11111111111111, 0.33333333333333, 27, 'Korelasi Positif', 3, 1),
(59, 863590142, 'P9,P7', 'P2', 5, 3, 60, 4, 4, 1, 0.44444444444444, 0.11111111111111, 0.33333333333333, 6.75, 'Korelasi Positif', 3, 1),
(60, 863590142, 'P2,P9', 'P7', 4, 3, 75, 1, 1, 1, 0.11111111111111, 0.11111111111111, 0.33333333333333, 27, 'Korelasi Positif', 3, 1);

-- --------------------------------------------------------

--
-- Struktur dari tabel `tbl_proses_log`
--

CREATE TABLE `tbl_proses_log` (
  `id_proses` int(9) NOT NULL,
  `date_first` date NOT NULL,
  `date_last` date NOT NULL,
  `min_support` varchar(255) NOT NULL,
  `min_confident` varchar(255) NOT NULL,
  `kriteria_proses` int(1) NOT NULL,
  `status_proses` int(1) NOT NULL,
  `author_proses` varchar(255) NOT NULL,
  `created_proses` timestamp NOT NULL DEFAULT current_timestamp()
) ENGINE=InnoDB DEFAULT CHARSET=utf8mb4;

--
-- Dumping data untuk tabel `tbl_proses_log`
--

INSERT INTO `tbl_proses_log` (`id_proses`, `date_first`, `date_last`, `min_support`, `min_confident`, `kriteria_proses`, `status_proses`, `author_proses`, `created_proses`) VALUES
(246971380, '2021-11-01', '2021-11-13', '1', '40', 1, 1, '99473177322717184', '2021-11-12 17:49:18'),
(310549826, '2021-11-01', '2021-11-13', '1', '40', 1, 1, '948057SjkdyNnrsWzPiAUw78b2t4Hc', '2021-11-12 17:56:18'),
(863590142, '2021-11-01', '2021-11-14', '1', '50', 1, 1, '99473177322717184', '2021-11-14 12:19:14'),
(956243780, '2021-11-01', '2021-11-12', '1', '60', 1, 1, '99473177322717184', '2021-11-12 17:46:11');

-- --------------------------------------------------------

--
-- Struktur dari tabel `tbl_sistem`
--

CREATE TABLE `tbl_sistem` (
  `id_sistem` int(11) NOT NULL,
  `nama_sistem` varchar(255) NOT NULL,
  `email_sistem` varchar(255) NOT NULL,
  `pass_email_sistem` varchar(255) NOT NULL,
  `status_sistem` int(1) NOT NULL,
  `logo_sistem` varchar(255) DEFAULT NULL,
  `admin_sistem` varchar(255) NOT NULL,
  `updated_sistem` timestamp NULL DEFAULT NULL
) ENGINE=InnoDB DEFAULT CHARSET=utf8mb4;

--
-- Dumping data untuk tabel `tbl_sistem`
--

INSERT INTO `tbl_sistem` (`id_sistem`, `nama_sistem`, `email_sistem`, `pass_email_sistem`, `status_sistem`, `logo_sistem`, `admin_sistem`, `updated_sistem`) VALUES
(1, 'Sistem Pemetaan Perilaku Mahasiswa Universitas Ahmad Dahlan', 'mabes.develover@gmail.com', 'mabes@group17', 1, NULL, '99473177322717184', '2021-11-14 07:47:38');

-- --------------------------------------------------------

--
-- Struktur dari tabel `tbl_user`
--

CREATE TABLE `tbl_user` (
  `id_user` varchar(50) NOT NULL,
  `id_prodi` varchar(100) DEFAULT NULL,
  `id_fakultas` varchar(100) DEFAULT NULL,
  `email_user` varchar(255) NOT NULL,
  `nim_user` varchar(100) DEFAULT NULL,
  `nama_user` varchar(255) NOT NULL,
  `username_user` varchar(255) NOT NULL,
  `password_user` varchar(255) NOT NULL,
  `level_user` int(1) NOT NULL,
  `status_user` int(1) NOT NULL,
  `image_user` varchar(255) DEFAULT NULL,
  `created_user` timestamp NOT NULL DEFAULT current_timestamp()
) ENGINE=InnoDB DEFAULT CHARSET=utf8mb4;

--
-- Dumping data untuk tabel `tbl_user`
--

INSERT INTO `tbl_user` (`id_user`, `id_prodi`, `id_fakultas`, `email_user`, `nim_user`, `nama_user`, `username_user`, `password_user`, `level_user`, `status_user`, `image_user`, `created_user`) VALUES
('819765yh2Do0pCF61jQTK5a3vxMrw7', '55201', '009', 'tiara@gmail.com', '1700018174', 'Tiara Anggraini', 'user', '40bd001563085fc35165329ea1ff5c5ecbdbbeef', 2, 1, NULL, '2021-10-22 05:50:47'),
('948057SjkdyNnrsWzPiAUw78b2t4Hc', NULL, NULL, 'user@gmail.com', NULL, 'Ervin Fikot M.', 'user14', '8cb2237d0679ca88db6464eac60da96345513964', 1, 1, NULL, '2021-10-20 01:31:43'),
('970138k9utzvJYlde7xEsDVT2pMR5P', '74201', '003', 'ervinfm14@gmail.com', '1701010100', 'Mukhaimin Samudra', 'user100', '40bd001563085fc35165329ea1ff5c5ecbdbbeef', 2, 1, NULL, '2021-11-24 14:48:25'),
('99473177322717184', NULL, NULL, 'tiaraagaib@gmail.com', NULL, 'Tiara Anggraini Gaib', 'admin', 'd033e22ae348aeb5660fc2140aec35850c4da997', 1, 1, 'user-JCgGbja9n0zAQUHP1M6lyxNIswVt5X.png', '2021-10-13 05:29:10'),
('RwaonytrANmGlI7F1xWz9KXbvSh4B6', '87205', '008', 'jun.sub@gmail.com', '1700055011', 'Junaedi Subekti', 'user11', '3d5cbfed48ce23d2f0dc0a0baa3ec2ee93867b2b', 2, 1, NULL, '2021-11-24 12:50:48');

-- --------------------------------------------------------

--
-- Struktur dari tabel `tbl_user_log`
--

CREATE TABLE `tbl_user_log` (
  `id_user_log` int(11) NOT NULL,
  `id_user` varchar(255) NOT NULL,
  `target_user_log` varchar(255) DEFAULT NULL,
  `device_user_log` varchar(255) NOT NULL,
  `created_user_log` timestamp NOT NULL DEFAULT current_timestamp()
) ENGINE=InnoDB DEFAULT CHARSET=utf8mb4;

--
-- Dumping data untuk tabel `tbl_user_log`
--

INSERT INTO `tbl_user_log` (`id_user_log`, `id_user`, `target_user_log`, `device_user_log`, `created_user_log`) VALUES
(1, '99473177322717184', 'admin/dataset/proses', 'Windows 10 | Chrome | ::1', '2021-11-10 17:34:37'),
(2, '99473177322717184', 'admin/dataset/proses', 'Windows 10 | Chrome | ::1', '2021-11-10 17:34:52'),
(3, '948057SjkdyNnrsWzPiAUw78b2t4Hc', 'admin/setting/proses', 'Windows 10 | Firefox | 127.0.0.1', '2021-11-10 17:53:07'),
(4, '99473177322717184', 'admin/apriori/proses', 'Windows 10 | Chrome | ::1', '2021-11-10 17:54:43'),
(5, '99473177322717184', 'admin/apriori/hasil/617082539', 'Windows 10 | Chrome | ::1', '2021-11-10 17:54:43'),
(6, '99473177322717184', 'admin/apriori/reset_proses/617082539', 'Windows 10 | Chrome | ::1', '2021-11-10 17:55:02'),
(7, '99473177322717184', 'admin/apriori/proses', 'Windows 10 | Chrome | ::1', '2021-11-10 17:55:17'),
(8, '99473177322717184', 'admin/apriori/hasil/081576249', 'Windows 10 | Chrome | ::1', '2021-11-10 17:55:17'),
(9, '99473177322717184', 'admin/apriori/reset_proses/81576249', 'Windows 10 | Chrome | ::1', '2021-11-10 17:55:38'),
(10, '99473177322717184', 'admin/apriori/proses', 'Windows 10 | Chrome | ::1', '2021-11-10 17:55:57'),
(11, '99473177322717184', 'admin/apriori/hasil/458291037', 'Windows 10 | Chrome | ::1', '2021-11-10 17:55:57'),
(12, '99473177322717184', 'admin/apriori/reset_proses/458291037', 'Windows 10 | Chrome | ::1', '2021-11-10 17:56:13'),
(13, '99473177322717184', 'admin/apriori/proses', 'Windows 10 | Chrome | ::1', '2021-11-10 17:56:28'),
(14, '99473177322717184', 'admin/apriori/hasil/348509167', 'Windows 10 | Chrome | ::1', '2021-11-10 17:56:28'),
(15, '99473177322717184', 'admin/apriori/reset_proses/348509167', 'Windows 10 | Chrome | ::1', '2021-11-10 17:56:37'),
(16, '99473177322717184', 'admin/apriori/proses', 'Windows 10 | Chrome | ::1', '2021-11-10 17:56:48'),
(17, '99473177322717184', 'admin/apriori/hasil/584639210', 'Windows 10 | Chrome | ::1', '2021-11-10 17:56:49'),
(18, '99473177322717184', 'admin/apriori/hasil/584639210', 'Windows 10 | Chrome | ::1', '2021-11-10 18:17:26'),
(19, '99473177322717184', 'admin/dataset/reset_dataset', 'Windows 10 | Chrome | ::1', '2021-11-10 18:27:01'),
(20, '99473177322717184', 'admin/apriori/hasil/584639210', 'Windows 10 | Chrome | ::1', '2021-11-10 18:27:03'),
(21, '99473177322717184', 'admin/setting/proses', 'Windows 10 | Chrome | ::1', '2021-11-10 18:28:20'),
(22, '99473177322717184', 'admin/apriori/hasil/584639210', 'Windows 10 | Chrome | ::1', '2021-11-11 11:02:32'),
(23, '99473177322717184', 'admin/apriori/hasil/584639210', 'Windows 10 | Chrome | ::1', '2021-11-11 11:06:39'),
(24, '99473177322717184', 'admin/apriori/hasil/584639210', 'Windows 10 | Chrome | ::1', '2021-11-11 11:07:06'),
(25, '99473177322717184', 'admin/apriori/hasil/584639210', 'Windows 10 | Chrome | ::1', '2021-11-11 11:07:29'),
(26, '99473177322717184', 'admin/apriori/hasil/584639210', 'Windows 10 | Chrome | ::1', '2021-11-11 11:07:35'),
(27, '99473177322717184', 'admin/apriori/hasil/584639210', 'Windows 10 | Chrome | ::1', '2021-11-11 11:07:57'),
(28, '99473177322717184', 'admin/apriori/hasil/584639210', 'Windows 10 | Chrome | ::1', '2021-11-11 11:08:40'),
(29, '99473177322717184', 'admin/apriori/hasil/584639210', 'Windows 10 | Chrome | ::1', '2021-11-11 11:15:43'),
(30, '99473177322717184', 'admin/apriori/hasil/584639210', 'Windows 10 | Chrome | ::1', '2021-11-11 11:16:27'),
(31, '99473177322717184', 'admin/apriori/hasil/584639210', 'Windows 10 | Chrome | ::1', '2021-11-11 11:16:50'),
(32, '99473177322717184', 'admin/apriori/hasil/584639210', 'Windows 10 | Chrome | ::1', '2021-11-11 11:17:14'),
(33, '99473177322717184', 'admin/apriori/reset_proses/584639210', 'Windows 10 | Chrome | ::1', '2021-11-11 11:17:40'),
(34, '99473177322717184', 'admin/dataset/upload', 'Windows 10 | Chrome | ::1', '2021-11-11 11:17:57'),
(35, '99473177322717184', 'admin/dataset/cleaning', 'Windows 10 | Chrome | ::1', '2021-11-11 11:18:02'),
(36, '99473177322717184', 'admin/dataset/reduction', 'Windows 10 | Chrome | ::1', '2021-11-11 11:18:06'),
(37, '99473177322717184', 'admin/dataset/submit', 'Windows 10 | Chrome | ::1', '2021-11-11 11:18:09'),
(38, '99473177322717184', 'admin/apriori/proses', 'Windows 10 | Chrome | ::1', '2021-11-11 11:18:29'),
(39, '99473177322717184', 'admin/apriori/hasil/498751306', 'Windows 10 | Chrome | ::1', '2021-11-11 11:18:29'),
(40, '99473177322717184', 'admin/apriori/reset_proses/498751306', 'Windows 10 | Chrome | ::1', '2021-11-11 11:18:37'),
(41, '99473177322717184', 'admin/apriori/proses', 'Windows 10 | Chrome | ::1', '2021-11-11 11:18:50'),
(42, '99473177322717184', 'admin/apriori/hasil/134280695', 'Windows 10 | Chrome | ::1', '2021-11-11 11:18:50'),
(43, '99473177322717184', 'admin/apriori/hasil/134280695', 'Windows 10 | Chrome | ::1', '2021-11-11 11:19:22'),
(44, '99473177322717184', 'admin/apriori/hasil/134280695', 'Windows 10 | Chrome | ::1', '2021-11-11 11:19:43'),
(45, '99473177322717184', 'admin/apriori/hasil/134280695', 'Windows 10 | Chrome | ::1', '2021-11-11 11:20:02'),
(46, '99473177322717184', 'admin/apriori/hasil/134280695', 'Windows 10 | Chrome | ::1', '2021-11-11 11:46:28');

-- --------------------------------------------------------

--
-- Struktur dari tabel `tb_fakultas`
--

CREATE TABLE `tb_fakultas` (
  `id_fakultas` varchar(50) NOT NULL,
  `nama_fakultas` varchar(255) NOT NULL,
  `created_fakultas` timestamp NOT NULL DEFAULT current_timestamp()
) ENGINE=InnoDB DEFAULT CHARSET=utf8mb4;

--
-- Dumping data untuk tabel `tb_fakultas`
--

INSERT INTO `tb_fakultas` (`id_fakultas`, `nama_fakultas`, `created_fakultas`) VALUES
('001', 'Fakultas Agama Islam', '2021-11-23 20:23:00'),
('002', 'Fakultas Ekonomi dan Bisnis', '2021-11-23 20:23:00'),
('003', 'Fakultas Hukum', '2021-11-23 20:23:00'),
('004', 'Fakultas Psikolgi', '2021-11-23 20:23:00'),
('005', 'Fakultas Farmasi', '2021-11-23 20:23:00'),
('006', 'Fakultas Kedokteran', '2021-11-23 20:23:00'),
('007', 'Fakultas Kesehatan Masyarakat', '2021-11-23 20:23:00'),
('008', 'Fakultas Keguruan dan Ilmu Pendidikan', '2021-11-23 20:23:00'),
('009', 'Fakultas Teknologi Industri', '2021-11-23 20:21:33'),
('010', 'Fakultas Sastra Budaya dan Komunikasi', '2021-11-23 20:23:28'),
('011', 'Fakultas Sains dan Teknologi Terapan', '2021-11-23 20:23:28');

-- --------------------------------------------------------

--
-- Struktur dari tabel `tb_prodi`
--

CREATE TABLE `tb_prodi` (
  `id_prodi` varchar(50) NOT NULL,
  `id_fakultas` varchar(50) NOT NULL,
  `nama_prodi` varchar(255) NOT NULL,
  `created_prodi` timestamp NOT NULL DEFAULT current_timestamp()
) ENGINE=InnoDB DEFAULT CHARSET=utf8mb4;

--
-- Dumping data untuk tabel `tb_prodi`
--

INSERT INTO `tb_prodi` (`id_prodi`, `id_fakultas`, `nama_prodi`, `created_prodi`) VALUES
('11201', '006', 'Kedokteran', '2021-11-23 22:39:32'),
('13201', '007', 'Kesehatan Masyarakat', '2021-11-23 22:41:49'),
('13211', '007', 'Gizi', '2021-11-23 22:42:26'),
('20201', '009', 'Teknik Elektro', '2021-11-23 20:56:44'),
('24201', '009', 'Teknik Kimia', '2021-11-23 22:48:18'),
('26201', '009', 'Teknik Industri', '2021-11-23 22:47:52'),
('41221', '009', 'Teknologi Pangan', '2021-11-23 22:48:32'),
('44201', '011', 'Matematika', '2021-11-23 22:59:42'),
('45201', '011', 'Fisika', '2021-11-23 22:58:54'),
('46201', '011', 'Biologi', '2021-11-23 22:59:10'),
('48101', '005', 'Farmasi', '2021-11-23 22:38:12'),
('55201', '009', 'Teknik Informatika', '2021-11-23 20:21:14'),
('57201', '011', 'Sistem Informasi\r\n', '2021-11-23 20:27:06'),
('60201', '002', 'Ekonomi Pembangunan', '2021-11-23 22:31:29'),
('61101', '002', 'Manajemen', '2021-11-23 22:25:32'),
('61206', '001', 'Perbankan Syari\'ah', '2021-11-23 22:22:11'),
('62201', '002', 'Akuntansi', '2021-11-23 22:29:44'),
('70201', '010', 'Ilmu Komunikasi', '2021-11-23 22:52:49'),
('70234', '001', 'Pendidikan Agama Islam', '2021-11-23 22:21:44'),
('73201', '004', 'Psikologi', '2021-11-23 22:35:21'),
('74201', '003', 'Ilmu Hukum', '2021-11-23 22:34:59'),
('76231', '001', 'Ilmu Hadis', '2021-11-23 22:33:01'),
('79201', '010', 'Sastra Indonesia', '2021-11-23 22:51:53'),
('79202', '010', 'Sastra Inggris', '2021-11-23 22:52:09'),
('79203', '001', 'Bahasa dan Sastra Arab', '2021-11-23 20:27:06'),
('84202', '008', 'Pendidikan Matematika', '2021-11-23 22:44:31'),
('84203', '008', ' Pendidikan Fisika', '2021-11-23 22:44:49'),
('84205', '008', 'Pendidikan Biologi', '2021-11-23 20:27:06'),
('86201', '008', 'Bimbingan Konseling', '2021-11-23 22:43:38'),
('86206', '008', ' Pendidikan Guru dan Sekolah Dasar', '2021-11-23 22:45:27'),
('86207', '008', 'Pendidikan Guru Pendidikan Anak Usia Dini', '2021-11-23 22:46:27'),
('87205', '008', ' Pendidikan Pancasila dan Kewarganegaraan', '2021-11-23 22:45:04'),
('88103', '008', ' Pendidikan Bahasa Inggris', '2021-11-23 22:43:59'),
('88201', '008', ' Pendidikan Bahasa dan Sastra Indonesia', '2021-11-23 22:44:15'),
('93312', '002', 'Bisnis Jasa Makanan', '2021-11-23 22:31:00');

--
-- Indexes for dumped tables
--

--
-- Indeks untuk tabel `tbl_dataset`
--
ALTER TABLE `tbl_dataset`
  ADD PRIMARY KEY (`id_dataset`);

--
-- Indeks untuk tabel `tbl_dataset_transit`
--
ALTER TABLE `tbl_dataset_transit`
  ADD PRIMARY KEY (`id_dataset`);

--
-- Indeks untuk tabel `tbl_itemset1`
--
ALTER TABLE `tbl_itemset1`
  ADD PRIMARY KEY (`id_itemset1`);

--
-- Indeks untuk tabel `tbl_itemset2`
--
ALTER TABLE `tbl_itemset2`
  ADD PRIMARY KEY (`id_itemset2`);

--
-- Indeks untuk tabel `tbl_itemset3`
--
ALTER TABLE `tbl_itemset3`
  ADD PRIMARY KEY (`id_itemset3`);

--
-- Indeks untuk tabel `tbl_konsultasi`
--
ALTER TABLE `tbl_konsultasi`
  ADD PRIMARY KEY (`id_konsultasi`);

--
-- Indeks untuk tabel `tbl_konsultasi_hasil`
--
ALTER TABLE `tbl_konsultasi_hasil`
  ADD PRIMARY KEY (`id_proses_hasil`);

--
-- Indeks untuk tabel `tbl_konsultasi_log`
--
ALTER TABLE `tbl_konsultasi_log`
  ADD PRIMARY KEY (`id_proses`);

--
-- Indeks untuk tabel `tbl_proses_hasil`
--
ALTER TABLE `tbl_proses_hasil`
  ADD PRIMARY KEY (`id_proses_hasil`);

--
-- Indeks untuk tabel `tbl_proses_log`
--
ALTER TABLE `tbl_proses_log`
  ADD PRIMARY KEY (`id_proses`);

--
-- Indeks untuk tabel `tbl_sistem`
--
ALTER TABLE `tbl_sistem`
  ADD PRIMARY KEY (`id_sistem`);

--
-- Indeks untuk tabel `tbl_user`
--
ALTER TABLE `tbl_user`
  ADD PRIMARY KEY (`id_user`),
  ADD UNIQUE KEY `email_user` (`email_user`),
  ADD UNIQUE KEY `username_user` (`username_user`);

--
-- Indeks untuk tabel `tbl_user_log`
--
ALTER TABLE `tbl_user_log`
  ADD PRIMARY KEY (`id_user_log`);

--
-- Indeks untuk tabel `tb_fakultas`
--
ALTER TABLE `tb_fakultas`
  ADD PRIMARY KEY (`id_fakultas`);

--
-- Indeks untuk tabel `tb_prodi`
--
ALTER TABLE `tb_prodi`
  ADD PRIMARY KEY (`id_prodi`),
  ADD KEY `id_fakultas` (`id_fakultas`);

--
-- AUTO_INCREMENT untuk tabel yang dibuang
--

--
-- AUTO_INCREMENT untuk tabel `tbl_dataset`
--
ALTER TABLE `tbl_dataset`
  MODIFY `id_dataset` int(11) NOT NULL AUTO_INCREMENT, AUTO_INCREMENT=917;

--
-- AUTO_INCREMENT untuk tabel `tbl_dataset_transit`
--
ALTER TABLE `tbl_dataset_transit`
  MODIFY `id_dataset` int(11) NOT NULL AUTO_INCREMENT, AUTO_INCREMENT=9748;

--
-- AUTO_INCREMENT untuk tabel `tbl_itemset1`
--
ALTER TABLE `tbl_itemset1`
  MODIFY `id_itemset1` int(11) NOT NULL AUTO_INCREMENT, AUTO_INCREMENT=225;

--
-- AUTO_INCREMENT untuk tabel `tbl_itemset2`
--
ALTER TABLE `tbl_itemset2`
  MODIFY `id_itemset2` int(11) NOT NULL AUTO_INCREMENT, AUTO_INCREMENT=279;

--
-- AUTO_INCREMENT untuk tabel `tbl_itemset3`
--
ALTER TABLE `tbl_itemset3`
  MODIFY `id_itemset3` int(11) NOT NULL AUTO_INCREMENT, AUTO_INCREMENT=105;

--
-- AUTO_INCREMENT untuk tabel `tbl_konsultasi_hasil`
--
ALTER TABLE `tbl_konsultasi_hasil`
  MODIFY `id_proses_hasil` int(11) NOT NULL AUTO_INCREMENT, AUTO_INCREMENT=67;

--
-- AUTO_INCREMENT untuk tabel `tbl_proses_hasil`
--
ALTER TABLE `tbl_proses_hasil`
  MODIFY `id_proses_hasil` int(11) NOT NULL AUTO_INCREMENT, AUTO_INCREMENT=61;

--
-- AUTO_INCREMENT untuk tabel `tbl_sistem`
--
ALTER TABLE `tbl_sistem`
  MODIFY `id_sistem` int(11) NOT NULL AUTO_INCREMENT, AUTO_INCREMENT=2;

--
-- AUTO_INCREMENT untuk tabel `tbl_user_log`
--
ALTER TABLE `tbl_user_log`
  MODIFY `id_user_log` int(11) NOT NULL AUTO_INCREMENT, AUTO_INCREMENT=47;
COMMIT;

/*!40101 SET CHARACTER_SET_CLIENT=@OLD_CHARACTER_SET_CLIENT */;
/*!40101 SET CHARACTER_SET_RESULTS=@OLD_CHARACTER_SET_RESULTS */;
/*!40101 SET COLLATION_CONNECTION=@OLD_COLLATION_CONNECTION */;
