-- phpMyAdmin SQL Dump
-- version 5.0.4
-- https://www.phpmyadmin.net/
--
-- Host: 127.0.0.1
-- Waktu pembuatan: 13 Des 2021 pada 17.36
-- Versi server: 10.4.16-MariaDB
-- Versi PHP: 7.4.12

SET SQL_MODE = "NO_AUTO_VALUE_ON_ZERO";
START TRANSACTION;
SET time_zone = "+00:00";


/*!40101 SET @OLD_CHARACTER_SET_CLIENT=@@CHARACTER_SET_CLIENT */;
/*!40101 SET @OLD_CHARACTER_SET_RESULTS=@@CHARACTER_SET_RESULTS */;
/*!40101 SET @OLD_COLLATION_CONNECTION=@@COLLATION_CONNECTION */;
/*!40101 SET NAMES utf8mb4 */;

--
-- Database: `db_prilaku`
--

-- --------------------------------------------------------

--
-- Struktur dari tabel `tbl_dataset`
--

CREATE TABLE `tbl_dataset` (
  `id_dataset` int(11) NOT NULL,
  `itemset_dataset` varchar(255) DEFAULT NULL,
  `datetime_dataset` date NOT NULL,
  `subyek_dataset` varchar(255) NOT NULL,
  `params1_dataset` text DEFAULT NULL,
  `params2_dataset` text DEFAULT NULL,
  `params3_dataset` text DEFAULT NULL,
  `params4_dataset` text DEFAULT NULL,
  `author_dataset` varchar(255) NOT NULL,
  `id_fakultas` varchar(50) DEFAULT NULL,
  `id_prodi` varchar(50) DEFAULT NULL,
  `created_dataset` timestamp NOT NULL DEFAULT current_timestamp()
) ENGINE=InnoDB DEFAULT CHARSET=utf8mb4;

--
-- Dumping data untuk tabel `tbl_dataset`
--

INSERT INTO `tbl_dataset` (`id_dataset`, `itemset_dataset`, `datetime_dataset`, `subyek_dataset`, `params1_dataset`, `params2_dataset`, `params3_dataset`, `params4_dataset`, `author_dataset`, `id_fakultas`, `id_prodi`, `created_dataset`) VALUES
(2787, '1', '2021-02-28', 'RA', 'P1,P2,P4,P5,P7,P9,', 'P7,', 'P1,P2,P3,', 'P2,P3,P4,P5,', '99473177322717184', '005', '48101', '2021-12-13 15:07:56'),
(2788, '1', '2021-02-28', 'Ronggo ', 'P1,P2,P5,P6,P7,P8,P9,', 'P4,P5,P6,P7,', 'P2,P3,P4,', 'P5,', '99473177322717184', '009', '55201', '2021-12-13 15:07:56'),
(2789, '1', '2021-02-28', 'AM', 'P1,P2,P4,P5,P6,P7,P8,P9,', 'P1,P2,P3,P5,P7,', 'P1,P2,', 'P6,', '99473177322717184', '001', '79203', '2021-12-13 15:07:56'),
(2790, '1', '2021-02-28', 'Nurul Dwi Oktavianti', 'P1,P2,P4,P5,P6,P7,P8,P9,', 'P1,P2,P4,P5,P7,', 'P3,', 'P4,', '99473177322717184', '010', '79202', '2021-12-13 15:07:56'),
(2791, '1', '2021-02-28', 'Zuhra NF', 'P1,P2,P5,P7,P9,', 'P1,P2,P3,P6,P7,', 'P3,', 'P2,', '99473177322717184', '001', '79203', '2021-12-13 15:07:56'),
(2792, '1', '2021-02-28', 'Alfu', 'P1,P2,P4,P5,P7,P8,P9,', 'P1,', 'P1,P2,P3,P4,', 'P5,P6,', '99473177322717184', '010', '70201', '2021-12-13 15:07:56'),
(2793, '1', '2021-02-28', 'Laeli Sa\'adah', 'P1,P2,P4,P5,P6,P7,P8,P9,', 'P4,P7,', 'P1,P2,P3,P4,', 'P2,P5,', '99473177322717184', '010', '70201', '2021-12-13 15:07:56'),
(2794, '1', '2021-02-28', 'Fia sabrina', 'P1,P2,P7,P9,', 'P1,P3,P4,P5,P7,', 'P3,P4,', 'P4,', '99473177322717184', '007', '13211', '2021-12-13 15:07:56'),
(2795, '1', '2021-02-28', 'D', 'P1,P2,P4,P5,P6,P7,P8,P9,', 'P1,P2,P3,P4,P5,P6,P7,', 'P3,', 'P5,', '99473177322717184', '009', '24201', '2021-12-13 15:07:56'),
(2796, '1', '2021-02-28', 'Muhammad Tri Laksono (Rey) ', 'P1,P2,P4,P5,P6,P7,P8,P9,', 'P1,P2,P3,P4,P5,P6,P7,', 'P4,', 'P4,', '99473177322717184', '008', '84205', '2021-12-13 15:07:56'),
(2797, '1', '2021-02-28', 'AM', 'P1,P2,P5,P7,P9,', 'P1,P2,P3,P4,P6,P7,', 'P3,', 'P5,', '99473177322717184', '008', '86201', '2021-12-13 15:07:56'),
(2798, '1', '2021-02-28', 'Yasifa amila sani', 'P1,P2,P5,P7,P8,P9,', 'P2,P3,P5,P6,P7,', 'P2,P3,', 'P4,P6,', '99473177322717184', '008', '86201', '2021-12-13 15:07:56'),
(2799, '1', '2021-02-28', 'Yasifa amila sani', 'P1,P2,P5,P7,P8,P9,', 'P2,P3,P5,P6,P7,', 'P2,P3,', 'P4,P6,', '99473177322717184', '008', '86201', '2021-12-13 15:07:56'),
(2800, '1', '2021-02-28', 'Hanum', 'P1,P2,P4,P5,P7,P8,P9,', 'P1,P2,P3,P4,P5,P6,P7,', 'P2,P3,P4,', 'P4,', '99473177322717184', '008', '86201', '2021-12-13 15:07:57'),
(2801, '1', '2021-02-28', 'Cindy', 'P1,P2,P4,P5,P7,P8,P9,', 'P3,P4,P5,P7,', 'P2,P3,', 'P3,P4,P5,', '99473177322717184', '004', '73201', '2021-12-13 15:07:57'),
(2802, '1', '2021-02-28', 'Affan', 'P1,P2,P5,P6,P8,P9,', 'P3,P4,P5,P6,P7,', 'P1,P3,', 'P3,P5,', '99473177322717184', '004', '73201', '2021-12-13 15:07:57'),
(2803, '1', '2021-02-28', 'C', 'P1,P2,P4,P7,P8,P9,', 'P1,P2,P3,P4,P5,P6,P7,', 'P1,P2,P3,P4,', 'P5,', '99473177322717184', '007', '13201', '2021-12-13 15:07:57'),
(2804, '1', '2021-02-28', 'FS', 'P1,P2,P4,P5,P7,P8,P9,', 'P1,P4,P5,P6,', 'P2,', 'P5,', '99473177322717184', '004', '73201', '2021-12-13 15:07:57'),
(2805, '1', '2021-02-28', 'Triana Aprilyta Annisa', 'P1,P4,P5,P7,P8,P9,', 'P1,P3,P4,P5,P6,P7,', 'P1,P2,', 'P5,', '99473177322717184', '007', '13201', '2021-12-13 15:07:57'),
(2806, '1', '2021-02-28', 'Nonik ifana', 'P1,P2,P7,P9,', 'P4,', 'P2,P3,P4,', 'P3,', '99473177322717184', '008', '87205', '2021-12-13 15:07:57'),
(2807, '1', '2021-02-28', 'Yuni', 'P1,P2,P4,P5,P7,P9,', 'P6,P7,', 'P3,P4,', 'P2,P3,P4,P5,', '99473177322717184', '003', '74201', '2021-12-13 15:07:57'),
(2808, '1', '2021-02-27', 'Nabila', 'P1,P2,P5,P7,P9,', 'P1,', 'P1,P2,', 'P5,', '99473177322717184', '005', '48101', '2021-12-13 15:07:57'),
(2809, '1', '2021-02-27', 'A', 'P1,P2,', 'P7,', 'P1,P2,', 'P5,', '99473177322717184', '011', '44201', '2021-12-13 15:07:57'),
(2810, '1', '2021-02-27', 'Nursilviyani', 'P1,P2,P3,P4,P5,P6,P7,P8,P9,', 'P1,P2,P3,P4,P5,', 'P1,P3,', 'P5,', '99473177322717184', '008', '88103', '2021-12-13 15:07:57'),
(2811, '1', '2021-02-27', 'IJK', 'P1,P2,P5,P7,P8,P9,', 'P3,P4,P5,P6,', 'P3,', 'P2,P3,P4,P5,', '99473177322717184', '011', '45201', '2021-12-13 15:07:57'),
(2812, '1', '2021-02-27', 'Nisrina Noor Khasanah', 'P1,P2,P4,P5,P6,P7,P8,P9,', 'P1,P2,P4,P5,P6,P7,', 'P2,P4,', 'P3,P5,', '99473177322717184', '001', '79203', '2021-12-13 15:07:57'),
(2813, '1', '2021-02-27', 'Aqhila ', 'P1,P2,P4,P5,P7,P9,', 'P1,P4,P6,', 'P3,', 'P6,', '99473177322717184', '008', '86206', '2021-12-13 15:07:57'),
(2814, '1', '2021-02-27', 'Ferdian Ryansyah', 'P1,P2,P4,P5,P9,', 'P1,P2,P3,P5,P6,P7,', 'P1,P2,P4,', 'P5,P6,', '99473177322717184', '011', '57201', '2021-12-13 15:07:57'),
(2815, '1', '2021-02-27', 'SITI NURUL AMIMAH', 'P1,P2,P4,P6,P7,P8,P9,', 'P4,P5,', 'P3,', 'P4,', '99473177322717184', '008', '84205', '2021-12-13 15:07:57'),
(2816, '1', '2021-02-27', 'Ayu R.I', 'P1,P2,P4,P5,P7,P9,', 'P1,P2,P3,P5,P6,P7,', 'P3,', 'P4,', '99473177322717184', '008', '84205', '2021-12-13 15:07:57'),
(2817, '1', '2021-02-27', 'S', 'P1,P2,P4,P5,P6,P7,P8,P9,', 'P4,', 'P2,P3,', 'P3,', '99473177322717184', '008', '84205', '2021-12-13 15:07:57'),
(2818, '1', '2021-02-27', 'SG', 'P1,P2,P4,P5,P7,P9,', 'P2,P6,P7,', 'P2,P3,', 'P2,P3,P6,', '99473177322717184', '008', '84205', '2021-12-13 15:07:57'),
(2819, '1', '2021-02-27', 'Vira', 'P1,P2,P4,P5,P7,P8,P9,', 'P1,P2,P3,P5,P6,P7,', 'P3,', 'P4,P5,', '99473177322717184', '008', '86201', '2021-12-13 15:07:57'),
(2820, '1', '2021-02-27', 'Fitri', 'P1,P2,P4,P5,P6,P7,P8,P9,', 'P4,P6,P7,', 'P2,P3,', 'P2,P4,', '99473177322717184', '008', '86201', '2021-12-13 15:07:57'),
(2821, '1', '2021-02-27', 'Istiqawaty Makaminan', 'P1,P2,P4,P5,P6,P7,P8,P9,', 'P1,P2,P3,P4,', 'P2,P3,', 'P4,', '99473177322717184', '007', '13201', '2021-12-13 15:07:57'),
(2822, '1', '2021-02-27', 'Try Fujy', 'P1,P2,P5,P7,P9,', 'P3,P4,P5,', 'P3,', 'P5,', '99473177322717184', '003', '74201', '2021-12-13 15:07:57'),
(2823, '1', '2021-02-27', 'Rama Khoirul Amar', 'P1,P4,P5,P9,', 'P1,P3,P5,P7,', 'P2,P3,P4,', 'P4,P5,', '99473177322717184', '003', '74201', '2021-12-13 15:07:57'),
(2824, '1', '2021-02-27', 'Yuni', 'P1,P2,P4,P5,P7,P9,', 'P6,P7,', 'P3,P4,', 'P2,P3,P4,P5,', '99473177322717184', '003', '74201', '2021-12-13 15:07:57'),
(2825, '1', '2021-02-27', 'Gea', 'P1,P2,P7,P9,', 'P1,P4,P7,', 'P1,', 'P3,P5,', '99473177322717184', '003', '74201', '2021-12-13 15:07:57'),
(2826, '1', '2021-02-27', 'koko', 'P1,P2,P3,P4,P5,P6,P7,P8,P9,', 'P1,P2,P3,P4,P5,P6,P7,', 'P2,P3,P4,', 'P5,', '99473177322717184', '003', '74201', '2021-12-13 15:07:57'),
(2827, '1', '2021-02-27', 'H G', 'P1,P2,P5,P7,P8,P9,', 'P2,P3,P4,P5,P6,P7,', 'P2,P4,', 'P2,P4,P5,', '99473177322717184', '003', '74201', '2021-12-13 15:07:57'),
(2828, '1', '2021-02-27', 'Ardewa Rullytama', 'P1,P2,P3,P4,P5,P9,', 'P3,P6,P7,', 'P4,', 'P3,', '99473177322717184', '009', '26201', '2021-12-13 15:07:57'),
(2829, '1', '2021-02-26', 'nap34', 'P1,P2,P4,P5,P6,P7,P8,P9,', 'P6,', 'P1,P2,P3,', 'P6,', '99473177322717184', '005', '48101', '2021-12-13 15:07:57'),
(2830, '1', '2021-02-26', 'Seni', 'P1,P2,P4,P5,P6,P7,P8,P9,', 'P1,P3,P4,P6,P7,', 'P1,P2,P3,P4,', 'P4,', '99473177322717184', '005', '48101', '2021-12-13 15:07:57'),
(2831, '1', '2021-02-26', 'Qianxi', 'P1,P2,P5,P6,P7,P8,P9,', 'P4,', 'P1,P2,P3,P4,', 'P5,', '99473177322717184', '002', '60201', '2021-12-13 15:07:57'),
(2832, '1', '2021-02-26', 'Dwi Agustia', 'P1,P2,P4,P5,P6,P7,P8,P9,', 'P1,P2,P3,P4,P5,P6,', 'P2,P3,P4,', 'P2,P3,P4,P5,', '99473177322717184', '011', '44201', '2021-12-13 15:07:57'),
(2833, '1', '2021-02-26', 'M', 'P1,P2,P4,P5,P9,', 'P1,P3,P4,P7,', 'P2,P4,', 'P4,', '99473177322717184', '008', '88103', '2021-12-13 15:07:57'),
(2834, '1', '2021-02-26', 'Aini', 'P1,P2,P3,P4,P6,P7,P8,P9,', 'P4,P5,P6,', 'P2,P4,', 'P5,', '99473177322717184', '002', '60201', '2021-12-13 15:07:57'),
(2835, '1', '2021-02-26', 'Herti Herliani', 'P1,P2,P4,P5,P7,P8,P9,', 'P1,P2,P3,P7,', 'P2,P3,', 'P5,', '99473177322717184', '002', '62201', '2021-12-13 15:07:57'),
(2836, '1', '2021-02-26', 'Kharisma L R', 'P1,P2,P4,P5,', 'P7,', 'P4,', 'P2,P3,P5,', '99473177322717184', '002', '60201', '2021-12-13 15:07:57'),
(2837, '1', '2021-02-26', 'Moh noviyan tandago', 'P1,P2,P4,P5,P9,', 'P1,P2,P3,P4,P5,P7,', 'P1,P3,', 'P2,P5,', '99473177322717184', '002', '60201', '2021-12-13 15:07:57'),
(2838, '1', '2021-02-26', 'Roy', 'P1,P2,P3,P4,P5,P7,P9,', 'P1,P2,P3,P4,P5,P6,P7,', 'P3,', 'P5,', '99473177322717184', '009', '55201', '2021-12-13 15:07:57'),
(2839, '1', '2021-02-26', 'L', 'P1,P2,P4,P5,P7,P8,P9,', 'P1,P2,P3,P4,P5,P6,P7,', 'P2,P3,P4,', 'P6,', '99473177322717184', '008', '84205', '2021-12-13 15:07:57'),
(2840, '1', '2021-02-26', 'Nafa Naili Fauziah', 'P1,P2,P3,P4,P5,P6,P7,P8,P9,', 'P1,P2,P3,P4,P5,P6,P7,', 'P3,P4,', 'P3,P4,P6,', '99473177322717184', '008', '84205', '2021-12-13 15:07:57'),
(2841, '1', '2021-02-26', 'D', 'P1,P2,P3,P4,P5,P7,P8,P9,', 'P1,P2,P4,P5,P6,P7,', 'P3,', 'P5,', '99473177322717184', '008', '84205', '2021-12-13 15:07:57'),
(2842, '1', '2021-02-26', 'Indra Subakir', 'P1,P2,P3,P4,P5,P7,P9,', 'P4,P7,', 'P2,P3,P4,', 'P2,P3,P5,', '99473177322717184', '007', '13211', '2021-12-13 15:07:57'),
(2843, '1', '2021-02-26', 'Alifia', 'P1,P2,P7,P9,', 'P2,P3,P5,P6,P7,', 'P3,', 'P5,', '99473177322717184', '008', '84205', '2021-12-13 15:07:57'),
(2844, '1', '2021-02-26', 'Ym', 'P1,P2,P7,P8,P9,', 'P6,', 'P3,', 'P2,P3,P5,', '99473177322717184', '007', '13211', '2021-12-13 15:07:57'),
(2845, '1', '2021-02-26', 'Ram F', 'P1,P2,P4,P7,P9,', 'P7,', 'P2,P3,', 'P5,', '99473177322717184', '007', '13211', '2021-12-13 15:07:57'),
(2846, '1', '2021-02-26', 'Siti Najah Ghoida ', 'P1,P2,P4,P5,', 'P5,', 'P1,P3,', 'P2,P6,', '99473177322717184', '008', '84205', '2021-12-13 15:07:57'),
(2847, '1', '2021-02-26', 'N', 'P1,P2,P4,P6,P7,P8,P9,', 'P4,P5,P6,P7,', 'P1,P2,P3,P4,', 'P2,P3,', '99473177322717184', '007', '13211', '2021-12-13 15:07:57'),
(2848, '1', '2021-02-26', 'Karmila Yanti', 'P1,P2,P4,P5,P7,P9,', 'P1,', 'P3,', 'P4,', '99473177322717184', '008', '84205', '2021-12-13 15:07:57'),
(2849, '1', '2021-02-26', 'Gadis', 'P1,P2,P4,P5,P7,P8,P9,', 'P1,P2,P3,P4,P5,P6,P7,', 'P4,', 'P5,', '99473177322717184', '007', '13211', '2021-12-13 15:07:57'),
(2850, '1', '2021-02-26', 'Lutfiana', 'P1,P2,P5,P9,', 'P1,P2,P3,P4,P5,P6,P7,', 'P3,', 'P4,', '99473177322717184', '008', '84205', '2021-12-13 15:07:57'),
(2851, '1', '2021-02-26', 'Ram F', 'P1,P2,P4,P7,P9,', 'P7,', 'P2,P3,', 'P5,', '99473177322717184', '007', '13211', '2021-12-13 15:07:57'),
(2852, '1', '2021-02-26', 'A', 'P1,P2,P4,P5,P6,P7,P8,P9,', 'P1,P2,P3,P6,P7,', 'P3,', 'P5,', '99473177322717184', '008', '84205', '2021-12-13 15:07:57'),
(2853, '1', '2021-02-26', 'Windari Dwi Cahyani', 'P1,P2,P4,P5,P6,P9,', 'P4,', 'P2,P3,P4,', 'P5,', '99473177322717184', '008', '84205', '2021-12-13 15:07:57'),
(2854, '1', '2021-02-26', 'A', 'P1,P2,P4,P5,P7,P8,P9,', 'P1,P2,P7,', 'P3,P4,', 'P5,', '99473177322717184', '008', '84205', '2021-12-13 15:07:57'),
(2855, '1', '2021-02-26', 'Monica Milliani Rizky', 'P1,P2,P4,P5,P6,P7,P8,P9,', 'P1,P2,P3,P4,P5,P6,P7,', 'P2,P3,', 'P5,', '99473177322717184', '008', '84205', '2021-12-13 15:07:57'),
(2856, '1', '2021-02-26', 'Melati Sukma Negari', 'P1,P2,P3,P4,P5,P7,P8,P9,', 'P3,P4,P7,', 'P3,', 'P5,', '99473177322717184', '008', '84205', '2021-12-13 15:07:57'),
(2857, '1', '2021-02-26', 'FAA', 'P1,', 'P1,P2,P3,P4,P5,P7,', 'P1,P2,P3,', 'P5,', '99473177322717184', '008', '84205', '2021-12-13 15:07:57'),
(2858, '1', '2021-02-26', 'Kalika Azra Zainina ', 'P1,P2,P4,P5,P6,P7,P8,P9,', 'P1,P2,P3,P5,P6,P7,', 'P3,', 'P5,', '99473177322717184', '008', '84205', '2021-12-13 15:07:57'),
(2859, '1', '2021-02-26', 'Evie Nur Sofhiya', 'P1,P2,P4,P6,P7,P8,P9,', 'P1,P2,', 'P3,', 'P4,', '99473177322717184', '008', '84205', '2021-12-13 15:07:57'),
(2860, '1', '2021-02-26', 'Nina Fadia Hayya', 'P1,P2,P3,P5,P6,', 'P2,P3,P4,P7,', 'P4,', 'P5,', '99473177322717184', '008', '84205', '2021-12-13 15:07:57'),
(2861, '1', '2021-02-26', 'Fauzan', 'P1,P2,P4,P5,P7,P8,P9,', 'P1,P2,P3,P4,P5,P6,P7,', 'P3,', 'P5,', '99473177322717184', '008', '84205', '2021-12-13 15:07:57'),
(2862, '1', '2021-02-26', 'A Q', 'P1,P2,P4,P5,P9,', 'P1,P2,P3,P4,P5,P6,P7,', 'P3,', 'P5,', '99473177322717184', '008', '84202', '2021-12-13 15:07:57'),
(2863, '1', '2021-02-26', 'Opal Naufal', 'P1,P2,P4,P5,P6,P7,P8,P9,', 'P2,P3,P5,P6,P7,', 'P3,', 'P6,', '99473177322717184', '008', '84202', '2021-12-13 15:07:57'),
(2864, '1', '2021-02-26', 'Siti fatimah', 'P1,P2,P4,P5,P6,P7,P8,P9,', 'P2,P3,P4,P5,P6,P7,', 'P1,P2,P3,P4,', 'P2,P3,P4,P5,P6,', '99473177322717184', '008', '86201', '2021-12-13 15:07:57'),
(2865, '1', '2021-02-26', 'Tsabita Kemala Putri ', 'P1,P2,P4,P5,P8,P9,', 'P1,P5,P6,', 'P4,', 'P5,', '99473177322717184', '003', '74201', '2021-12-13 15:07:57'),
(2866, '1', '2021-02-26', 'INR', 'P1,P2,P4,P5,P6,P7,P8,P9,', 'P1,P2,P3,P4,', 'P3,', 'P4,', '99473177322717184', '008', '86201', '2021-12-13 15:07:57'),
(2867, '1', '2021-02-26', 'Putra', 'P1,P2,P8,P9,', 'P1,P2,P3,P4,P5,P6,P7,', 'P2,P3,P4,', 'P2,', '99473177322717184', '003', '74201', '2021-12-13 15:07:57'),
(2868, '1', '2021-02-26', 'Silvia', 'P1,P2,P4,P9,', 'P1,P2,P3,P4,P5,P6,P7,', 'P1,P2,', 'P2,P4,P5,', '99473177322717184', '003', '74201', '2021-12-13 15:07:57'),
(2869, '1', '2021-02-26', 'Andy', 'P1,P2,P4,P7,P9,', 'P2,P5,P7,', 'P2,P3,P4,', 'P5,', '99473177322717184', '003', '74201', '2021-12-13 15:07:57'),
(2870, '1', '2021-02-26', 'Putra', 'P1,P2,P8,P9,', 'P1,P2,P3,P4,P5,P6,P7,', 'P2,P3,P4,', 'P2,', '99473177322717184', '003', '74201', '2021-12-13 15:07:57'),
(2871, '1', '2021-02-26', 'Yoga', 'P1,P2,P4,P5,P6,P7,P8,P9,', 'P1,P4,P7,', 'P2,P3,', 'P4,', '99473177322717184', '003', '74201', '2021-12-13 15:07:57'),
(2872, '1', '2021-02-26', 'Andy', 'P1,P2,P4,P7,P9,', 'P2,P5,P7,', 'P2,P3,P4,', 'P5,', '99473177322717184', '003', '74201', '2021-12-13 15:07:57'),
(2873, '1', '2021-02-26', 'Nh', 'P1,P2,P4,P5,P7,P8,', 'P4,P6,', 'P1,P2,', 'P2,P3,P5,', '99473177322717184', '003', '74201', '2021-12-13 15:07:57'),
(2874, '1', '2021-02-26', 'Maulina', 'P1,P2,P4,P5,P6,P7,P8,P9,', 'P1,P2,P3,P4,P5,P6,', 'P1,P2,P3,', 'P3,', '99473177322717184', '007', '13201', '2021-12-13 15:07:57'),
(2875, '1', '2021-02-26', 'koko', 'P1,P2,P3,P4,P5,P6,P7,P8,P9,', 'P1,P2,P3,P4,P5,P6,P7,', 'P2,P3,P4,', 'P5,', '99473177322717184', '003', '74201', '2021-12-13 15:07:57'),
(2876, '1', '2021-02-26', 'Istiqawaty Makaminan', 'P1,P2,P4,P5,P6,P7,P8,P9,', 'P1,P2,P3,P4,', 'P2,P3,', 'P4,', '99473177322717184', '007', '13201', '2021-12-13 15:07:57'),
(2877, '1', '2021-02-26', 'dhcp', 'P1,P2,P4,P5,P6,P7,P8,P9,', 'P4,P7,', 'P2,P3,P4,', 'P2,P3,P6,', '99473177322717184', '003', '74201', '2021-12-13 15:07:57'),
(2878, '1', '2021-02-26', 'Yuni', 'P1,P2,P4,P5,P7,P9,', 'P6,P7,', 'P3,P4,', 'P2,P3,P4,P5,', '99473177322717184', '003', '74201', '2021-12-13 15:07:57'),
(2879, '1', '2021-02-26', 'DR', 'P1,P2,P3,P4,P5,P6,P7,P8,P9,', 'P3,', 'P1,', 'P6,', '99473177322717184', '008', '86207', '2021-12-13 15:07:57'),
(2880, '1', '2021-02-26', 'Nurul', 'P1,P2,P4,P5,P6,P7,P8,P9,', 'P1,P2,P3,P5,P6,P7,', 'P1,P2,P3,P4,', 'P6,', '99473177322717184', '008', '86207', '2021-12-13 15:07:57'),
(2881, '1', '2021-02-26', 'nap34', 'P1,P2,P4,P5,P6,P7,P8,P9,', 'P6,', 'P1,P2,P3,', 'P6,', '99473177322717184', '005', '48101', '2021-12-13 15:07:57'),
(2882, '1', '2021-02-26', 'Naufal Hadad Fauzan', 'P1,P2,P3,P4,P5,P6,P7,P8,P9,', 'P1,P4,P5,P6,P7,', 'P1,P2,P3,', 'P5,', '99473177322717184', '009', '26201', '2021-12-13 15:07:57'),
(2883, '1', '2021-02-26', 'Husnul Hakimah', 'P1,P2,P4,P5,P6,P7,P8,P9,', 'P1,', 'P1,P2,P3,P4,', 'P2,P3,P6,', '99473177322717184', '009', '26201', '2021-12-13 15:07:57'),
(2884, '1', '2021-02-25', 'Nahnuriyah ', 'P1,P2,P4,P7,P9,', 'P1,P2,P3,P5,P6,P7,', 'P1,P4,', 'P5,', '99473177322717184', '002', '62201', '2021-12-13 15:07:57'),
(2885, '1', '2021-02-25', 'Gani', 'P1,P2,P3,P4,P5,P6,P7,P8,P9,', 'P1,P2,P3,P4,P6,P7,', 'P1,P2,P3,P4,', 'P2,P3,P4,P5,P6,', '99473177322717184', '001', '76231', '2021-12-13 15:07:57'),
(2886, '1', '2021-02-25', 'Karunia Ratna Pandewi', 'P1,P2,P4,P5,P7,P8,P9,', 'P4,', 'P3,', 'P3,P4,', '99473177322717184', '008', '86206', '2021-12-13 15:07:57'),
(2887, '1', '2021-02-25', 'Dwi lestari', 'P1,P2,P3,P4,P5,P6,P7,P8,P9,', 'P1,P2,P3,P4,P5,P6,P7,', 'P1,P2,P3,P4,', 'P2,P3,P4,P5,P6,', '99473177322717184', '008', '86206', '2021-12-13 15:07:57'),
(2888, '1', '2021-02-25', 'S', 'P1,P2,P4,P5,P7,P8,P9,', 'P1,P2,P3,', 'P1,P2,', 'P5,', '99473177322717184', '009', '24201', '2021-12-13 15:07:57'),
(2889, '1', '2021-02-25', 'EKA', 'P1,P2,P4,P7,P9,', 'P1,P2,P4,P6,P7,', 'P2,P3,P4,', 'P6,', '99473177322717184', '008', '86201', '2021-12-13 15:07:57'),
(2890, '1', '2021-02-25', 'Ainun', 'P1,P2,P4,P5,P6,P7,P8,P9,', 'P1,P2,P6,P7,', 'P3,', 'P5,', '99473177322717184', '008', '86201', '2021-12-13 15:07:57'),
(2891, '1', '2021-02-25', 'ZK', 'P6,P8,', 'P1,P2,P3,P4,P5,', 'P2,P3,P4,', 'P2,P3,P4,P6,', '99473177322717184', '008', '86201', '2021-12-13 15:07:57'),
(2892, '1', '2021-02-25', 'Indah', 'P1,P2,P4,P5,P6,P7,P8,P9,', 'P7,', 'P2,P3,', 'P5,', '99473177322717184', '007', '13201', '2021-12-13 15:07:57'),
(2893, '1', '2021-02-25', 'I', 'P1,P2,P4,P5,P6,P7,P8,P9,', 'P4,', 'P3,P4,', 'P4,', '99473177322717184', '005', '48101', '2021-12-13 15:07:57'),
(2894, '1', '2021-02-25', 'Habib Aulia Aminuddin (HAA)', 'P1,P2,P7,P9,', 'P4,P5,P7,', 'P1,P2,P3,P4,', 'P5,', '99473177322717184', '008', '87205', '2021-12-13 15:07:57'),
(2895, '1', '2021-02-25', 'D', 'P1,P2,P4,P5,P6,P7,P8,P9,', 'P1,P2,P3,P6,', 'P2,P4,', 'P5,', '99473177322717184', '005', '48101', '2021-12-13 15:07:57'),
(2896, '1', '2021-02-25', 'Intan Nur Ainnisa', 'P1,P2,P4,P5,P7,P9,', 'P1,P2,P5,P6,P7,', 'P1,P3,', 'P5,', '99473177322717184', '008', '87205', '2021-12-13 15:07:57'),
(2897, '1', '2021-02-25', 'IR', 'P1,P2,P4,P5,P6,P7,P8,P9,', 'P1,P2,P3,P4,P5,P6,P7,', 'P2,P3,', 'P2,', '99473177322717184', '005', '48101', '2021-12-13 15:07:57'),
(2898, '1', '2021-02-25', 'T', 'P1,P2,P5,P6,P7,P8,P9,', 'P2,P5,', 'P3,', 'P3,P5,', '99473177322717184', '005', '48101', '2021-12-13 15:07:57'),
(2899, '1', '2021-02-24', 'Sekar Ayu Kirani', 'P1,P2,P4,P5,P9,', 'P3,P6,', 'P3,', 'P5,', '99473177322717184', '008', '86206', '2021-12-13 15:07:57'),
(2900, '1', '2021-02-24', 'Aqhila ', 'P1,P2,P4,P5,P7,P9,', 'P1,P4,P6,', 'P3,', 'P6,', '99473177322717184', '008', '86206', '2021-12-13 15:07:57'),
(2901, '1', '2021-02-24', 'Wulan', 'P1,P2,P9,', 'P1,', 'P3,', 'P2,P3,', '99473177322717184', '008', '86206', '2021-12-13 15:07:57'),
(2902, '1', '2021-02-24', 'P', 'P1,P2,P4,P5,P6,P7,P8,P9,', 'P1,P2,P3,P5,', 'P3,', 'P5,', '99473177322717184', '008', '86206', '2021-12-13 15:07:57'),
(2903, '1', '2021-02-24', 'Ur', 'P1,P2,P4,P5,P6,P7,P8,P9,', 'P7,', 'P1,P4,', 'P5,', '99473177322717184', '002', '62201', '2021-12-13 15:07:57'),
(2904, '1', '2021-02-24', 'LUTFIA INDAH PALUPI', 'P1,P2,P4,P5,P7,P9,', 'P5,', 'P1,P2,P3,', 'P4,P6,', '99473177322717184', '002', '62201', '2021-12-13 15:07:57'),
(2905, '1', '2021-02-24', 'Ade Aswati', 'P1,P2,P4,P5,P7,P8,P9,', 'P1,P2,P4,P7,', 'P1,P3,', 'P2,P6,', '99473177322717184', '008', '86206', '2021-12-13 15:07:57'),
(2906, '1', '2021-02-24', 'Nadia Rita Safitri', 'P1,P2,P4,P5,P7,P8,P9,', 'P1,P2,P3,P5,P6,P7,', 'P1,P3,', 'P5,', '99473177322717184', '008', '86206', '2021-12-13 15:07:57'),
(2907, '1', '2021-02-24', 'Widya', 'P1,P2,P4,P5,P6,P7,P8,P9,', 'P1,P2,P3,P7,', 'P2,P3,P4,', 'P2,', '99473177322717184', '002', '62201', '2021-12-13 15:07:57'),
(2908, '1', '2021-02-24', 'AFA', 'P1,P2,P4,P5,P9,', 'P1,P2,P4,P5,', 'P1,P2,P3,P4,', 'P5,', '99473177322717184', '002', '62201', '2021-12-13 15:07:57'),
(2909, '1', '2021-02-24', 'EA', 'P1,P2,P3,P4,P5,P6,P7,P8,P9,', 'P1,P2,P3,P4,P5,P6,P7,', 'P1,P2,P4,', 'P4,P6,', '99473177322717184', '008', '86206', '2021-12-13 15:07:57'),
(2910, '1', '2021-02-24', 'Meity indriani', 'P1,P2,P4,P5,P7,P8,P9,', 'P1,P2,P3,P5,', 'P3,', 'P4,', '99473177322717184', '008', '86206', '2021-12-13 15:07:57'),
(2911, '1', '2021-02-24', 'Fadlia Salsabila', 'P1,P2,P4,P7,P8,P9,', 'P1,P2,P3,P5,', 'P2,P3,', 'P2,', '99473177322717184', '001', '76231', '2021-12-13 15:07:57'),
(2912, '1', '2021-02-24', 'Ndaru', 'P1,P2,', 'P6,P7,', 'P2,P3,P4,', 'P5,', '99473177322717184', '008', '84205', '2021-12-13 15:07:57'),
(2913, '1', '2021-02-24', 'Indah', 'P1,P2,P7,P8,P9,', 'P1,P2,P3,P4,P5,P7,', 'P1,P2,P3,P4,', 'P2,', '99473177322717184', '008', '86206', '2021-12-13 15:07:57'),
(2914, '1', '2021-02-24', 'MRH', 'P1,P2,P4,P5,P7,P8,', 'P1,P3,P5,', 'P1,P3,', 'P5,', '99473177322717184', '008', '86206', '2021-12-13 15:07:57'),
(2915, '1', '2021-02-24', 'HDK', 'P1,P5,P7,', 'P1,P4,', 'P1,P2,P3,', 'P5,', '99473177322717184', '008', '84205', '2021-12-13 15:07:57'),
(2916, '1', '2021-02-24', 'Ahla', 'P1,P2,P4,P5,P6,P7,P8,P9,', 'P1,P2,P3,P4,P5,P6,P7,', 'P2,P3,P4,', 'P4,', '99473177322717184', '001', '79203', '2021-12-13 15:07:57'),
(2917, '1', '2021-02-24', 'Lupi', 'P1,P2,P7,P9,', 'P1,P2,P3,P4,P5,P7,', 'P4,', 'P4,', '99473177322717184', '008', '84205', '2021-12-13 15:07:57'),
(2918, '1', '2021-02-24', 'Intan Sukesi Retnaningsih', 'P1,P2,P4,P5,P7,P9,', 'P6,', 'P1,P2,P3,P4,', 'P2,P3,P4,P5,', '99473177322717184', '008', '84205', '2021-12-13 15:07:57'),
(2919, '1', '2021-02-24', 'Amalia Nur Khasanah', 'P1,P2,P4,P5,P6,P7,P8,P9,', 'P1,P2,P3,P4,P5,P6,P7,', 'P1,P3,', 'P4,', '99473177322717184', '008', '86206', '2021-12-13 15:07:57'),
(2920, '1', '2021-02-24', 'F', 'P1,P2,P4,P5,P7,', 'P1,P2,P3,P4,P5,', 'P1,P2,P3,', 'P5,', '99473177322717184', '008', '86206', '2021-12-13 15:07:57'),
(2921, '1', '2021-02-24', 'D**i', 'P1,P2,P4,P5,P7,P8,P9,', 'P1,P2,P3,P4,P5,P6,P7,', 'P3,', 'P5,', '99473177322717184', '008', '84205', '2021-12-13 15:07:57'),
(2922, '1', '2021-02-24', 'Dwi', 'P1,P2,P3,P4,P5,P6,P7,P8,P9,', 'P1,P2,P3,P4,P5,P6,P7,', 'P1,P2,P3,P4,', 'P2,P3,P4,', '99473177322717184', '008', '86206', '2021-12-13 15:07:57'),
(2923, '1', '2021-02-24', 'Yab Yakoba P', 'P1,P2,P4,P6,P7,P8,P9,', 'P1,P2,P3,P4,P5,P6,P7,', 'P1,P3,P4,', 'P5,', '99473177322717184', '008', '84205', '2021-12-13 15:07:57'),
(2924, '1', '2021-02-24', 'jie', 'P1,P2,P5,P7,P9,', 'P6,', 'P4,', 'P2,P3,', '99473177322717184', '010', '79202', '2021-12-13 15:07:57'),
(2925, '1', '2021-02-24', 'M', 'P1,P2,P5,P8,P9,', 'P2,P3,', 'P3,', 'P6,', '99473177322717184', '008', '86201', '2021-12-13 15:07:57'),
(2926, '1', '2021-02-24', 'CC', 'P1,P2,P4,P6,P7,P9,', 'P1,P2,', 'P1,P2,P3,', 'P2,', '99473177322717184', '008', '86201', '2021-12-13 15:07:57'),
(2927, '1', '2021-02-24', 'moon', 'P1,P2,P5,P6,P7,P8,P9,', 'P1,P6,P7,', 'P1,', 'P4,', '99473177322717184', '009', '24201', '2021-12-13 15:07:57'),
(2928, '1', '2021-02-24', 'Nunung ', 'P1,P2,P4,P5,P9,', 'P1,P2,P3,', 'P3,', 'P4,', '99473177322717184', '008', '86201', '2021-12-13 15:07:57'),
(2929, '1', '2021-02-24', 'Ayu', 'P1,P2,P4,P5,P9,', 'P1,P2,P3,P4,P7,', 'P3,P4,', 'P2,P5,', '99473177322717184', '005', '48101', '2021-12-13 15:07:57'),
(2930, '1', '2021-02-24', 'Desi ratna', 'P1,P2,P4,P5,P6,P7,P8,P9,', 'P1,P2,P3,P4,P5,P6,P7,', 'P1,P3,', 'P5,', '99473177322717184', '008', '86201', '2021-12-13 15:07:57'),
(2931, '1', '2021-02-24', 'DEF', 'P1,P2,P3,P5,P6,P7,P8,P9,', 'P1,P2,P3,P4,P5,P6,P7,', 'P1,P2,P3,P4,', 'P2,P3,P4,P5,P6,', '99473177322717184', '008', '86201', '2021-12-13 15:07:57'),
(2932, '1', '2021-02-24', 'Via', 'P1,P2,P4,P5,P6,P7,P8,P9,', 'P1,P2,P3,P5,P6,P7,', 'P1,P2,P3,P4,', 'P3,', '99473177322717184', '005', '48101', '2021-12-13 15:07:57'),
(2933, '1', '2021-02-24', 'F', 'P1,P2,P4,P5,P7,P8,P9,', 'P1,P2,P7,', 'P1,P2,P3,', 'P4,', '99473177322717184', '008', '86201', '2021-12-13 15:07:57'),
(2934, '1', '2021-02-24', 'Faishal Umar', 'P1,P2,P5,P6,P7,P8,P9,', 'P1,P2,P3,P5,', 'P3,', 'P5,', '99473177322717184', '011', '57201', '2021-12-13 15:07:57'),
(2935, '1', '2021-02-24', 'Gita', 'P1,P2,P4,P7,P8,P9,', 'P1,P2,P3,P5,P6,P7,', 'P3,', 'P5,', '99473177322717184', '011', '57201', '2021-12-13 15:07:57'),
(2936, '1', '2021-02-24', 'Aulia Jannah', 'P1,P4,P5,', 'P5,P6,', 'P3,', 'P2,P4,P5,', '99473177322717184', '008', '86201', '2021-12-13 15:07:57'),
(2937, '1', '2021-02-24', 'Rowhah Naqiyyah ', 'P1,P2,P4,P5,P6,P7,P8,P9,', 'P1,P2,P3,P5,P6,', 'P1,P2,P4,', 'P5,', '99473177322717184', '005', '48101', '2021-12-13 15:07:57'),
(2938, '1', '2021-02-24', 'Fauzia balqis mujilestari', 'P1,P2,P4,P5,P7,P8,P9,', 'P4,P5,', 'P3,', 'P2,P3,P5,', '99473177322717184', '009', '24201', '2021-12-13 15:07:57'),
(2939, '1', '2021-02-24', 'Wakhid Mirzaq R', 'P1,P2,P4,P5,P6,P7,P8,P9,', 'P3,P4,P5,P7,', 'P2,P3,P4,', 'P5,', '99473177322717184', '008', '86201', '2021-12-13 15:07:57'),
(2940, '1', '2021-02-24', 'IN', 'P1,P2,P5,P6,P7,P8,P9,', 'P1,P2,P3,P4,P5,P6,P7,', 'P2,P3,P4,', 'P5,', '99473177322717184', '009', '24201', '2021-12-13 15:07:57'),
(2941, '1', '2021-02-24', 'Fadhila Kiranasari', 'P1,P2,P4,P5,P7,P8,P9,', 'P1,P4,P7,', 'P1,P2,P3,P4,', 'P6,', '99473177322717184', '008', '86201', '2021-12-13 15:07:57'),
(2942, '1', '2021-02-24', 'Hana Mufida', 'P1,P2,P4,P6,P7,P8,P9,', 'P5,P7,', 'P2,', 'P3,', '99473177322717184', '005', '48101', '2021-12-13 15:07:57'),
(2943, '1', '2021-02-24', 'BER BUDI BOWO LAKSANA', 'P1,P2,P9,', 'P1,P4,P5,', 'P3,P4,', 'P5,', '99473177322717184', '008', '86201', '2021-12-13 15:07:57'),
(2944, '1', '2021-02-24', 'RNR', 'P1,P2,P4,P5,P7,P9,', 'P1,P3,P5,P6,', 'P4,', 'P5,', '99473177322717184', '008', '86201', '2021-12-13 15:07:57'),
(2945, '1', '2021-02-24', 'Anan', 'P1,P2,P4,P5,P7,P9,', 'P1,P2,P3,P4,P5,P6,P7,', 'P3,P4,', 'P2,P4,', '99473177322717184', '005', '48101', '2021-12-13 15:07:57'),
(2946, '1', '2021-02-24', 'S', 'P1,P2,P4,P5,P7,P8,P9,', 'P1,', 'P1,P2,', 'P3,P5,', '99473177322717184', '009', '24201', '2021-12-13 15:07:57'),
(2947, '1', '2021-02-24', 'S', 'P1,P2,P4,P5,P7,P8,P9,', 'P1,P2,P3,', 'P1,P2,', 'P5,', '99473177322717184', '009', '24201', '2021-12-13 15:07:57'),
(2948, '1', '2021-02-24', 'Indriati', 'P1,P2,P4,P5,P6,P7,P8,P9,', 'P1,P2,P3,P5,P6,', 'P3,', 'P4,', '99473177322717184', '005', '48101', '2021-12-13 15:07:57'),
(2949, '1', '2021-02-24', 'Auliya ', 'P1,P2,P4,P5,P7,P8,P9,', 'P1,P2,P5,P7,', 'P1,P2,P3,', 'P6,', '99473177322717184', '009', '24201', '2021-12-13 15:07:57'),
(2950, '1', '2021-02-24', 'Masita', 'P1,P2,P4,P5,P6,P7,P8,P9,', 'P7,', 'P2,P3,P4,', 'P2,P3,P5,P6,', '99473177322717184', '009', '20201', '2021-12-13 15:07:57'),
(2951, '1', '2021-02-24', 'Ami', 'P1,P2,P4,P6,P7,P8,P9,', 'P1,P3,P4,P5,P6,P7,', 'P3,', 'P4,', '99473177322717184', '009', '24201', '2021-12-13 15:07:57'),
(2952, '1', '2021-02-24', 'Zain Immania Eliasa Amri', 'P1,P2,P4,P5,P9,', 'P2,P3,P4,P5,P6,P7,', 'P3,', 'P5,', '99473177322717184', '008', '86201', '2021-12-13 15:07:57'),
(2953, '1', '2021-02-24', 'RBS', 'P1,P2,P6,P7,P8,P9,', 'P1,P2,P3,P5,P7,', 'P3,', 'P6,', '99473177322717184', '008', '86201', '2021-12-13 15:07:57'),
(2954, '1', '2021-02-24', 'Atikah', 'P1,P2,P5,P6,P7,P8,P9,', 'P1,P2,P3,P4,P5,P6,P7,', 'P1,P2,P3,P4,', 'P5,', '99473177322717184', '009', '20201', '2021-12-13 15:07:57'),
(2955, '1', '2021-02-24', 'shinta', 'P1,P2,P5,P7,P9,', 'P1,P4,P5,P7,', 'P2,P3,P4,', 'P5,', '99473177322717184', '009', '20201', '2021-12-13 15:07:57'),
(2956, '1', '2021-02-24', 'Zain Immania Eliasa Amri', 'P1,P2,P4,P5,P9,', 'P2,P3,P4,P5,P6,P7,', 'P3,', 'P5,', '99473177322717184', '008', '86201', '2021-12-13 15:07:57'),
(2957, '1', '2021-02-24', 'Nirmala Aprizia', 'P1,P2,P4,P5,P7,P8,P9,', 'P1,P2,P3,P4,P5,P6,P7,', 'P2,P3,P4,', 'P5,', '99473177322717184', '005', '48101', '2021-12-13 15:07:57'),
(2958, '1', '2021-02-24', 'AHF', 'P1,P2,P4,P5,P6,P7,P8,P9,', 'P7,', 'P3,', 'P5,', '99473177322717184', '005', '48101', '2021-12-13 15:07:57'),
(2959, '1', '2021-02-24', 'Isal', 'P7,P8,', 'P3,P4,', 'P3,P4,', 'P5,', '99473177322717184', '005', '48101', '2021-12-13 15:07:57'),
(2960, '1', '2021-02-24', 'Oxi Hornavan Valiant As Shidiq', 'P1,P2,P3,P4,P5,P6,P7,P8,P9,', 'P1,P2,P3,P4,P5,P6,P7,', 'P1,P2,P3,P4,', 'P2,P3,P4,P5,P6,', '99473177322717184', '009', '20201', '2021-12-13 15:07:57'),
(2961, '1', '2021-02-24', 'MOHAMMAD KUNTOWIJOYO', 'P1,P2,P4,P5,P6,P7,P8,P9,', 'P1,P2,P3,P5,P6,P7,', 'P1,P3,', 'P5,', '99473177322717184', '005', '48101', '2021-12-13 15:07:57'),
(2962, '1', '2021-02-24', 'Putri Wulandari ', 'P1,P2,P4,P5,P7,P8,P9,', 'P1,P2,P3,P4,P7,', 'P2,P3,P4,', 'P5,', '99473177322717184', '008', '86201', '2021-12-13 15:07:57'),
(2963, '1', '2021-02-24', 'Bintang', 'P1,P2,P4,P5,P7,P8,P9,', 'P1,P2,P4,', 'P1,P2,P3,P4,', 'P2,P5,P6,', '99473177322717184', '005', '48101', '2021-12-13 15:07:57'),
(2964, '1', '2021-02-24', 'AYU PRATIWI', 'P1,P2,P4,P5,P8,P9,', 'P4,P7,', 'P3,', 'P3,P5,', '99473177322717184', '008', '86201', '2021-12-13 15:07:57'),
(2965, '1', '2021-02-24', 'F', 'P1,P2,P4,P6,P7,P8,P9,', 'P1,P2,P3,P4,P5,P6,P7,', 'P4,', 'P5,', '99473177322717184', '008', '86201', '2021-12-13 15:07:57'),
(2966, '1', '2021-02-24', 'Inp', 'P1,P2,P4,P5,P6,P7,P8,P9,', 'P1,P2,P6,', 'P3,', 'P6,', '99473177322717184', '005', '48101', '2021-12-13 15:07:57'),
(2967, '1', '2021-02-24', 'alifa', 'P1,P2,P4,P5,P6,P7,P8,P9,', 'P1,P2,P3,P4,P6,P7,', 'P2,P3,', 'P5,', '99473177322717184', '001', '76231', '2021-12-13 15:07:57'),
(2968, '1', '2021-02-24', 'KARINA', 'P1,P2,P4,P5,P7,P8,P9,', 'P1,P2,P5,P6,', 'P1,P2,P3,P4,', 'P2,P4,', '99473177322717184', '001', '76231', '2021-12-13 15:07:57'),
(2969, '1', '2021-02-24', 'Naria', 'P1,P2,P4,P6,P7,P8,P9,', 'P4,P5,P6,P7,', 'P3,', 'P5,', '99473177322717184', '005', '48101', '2021-12-13 15:07:57'),
(2970, '1', '2021-02-24', 'Amanita muscaria putri', 'P1,P2,P4,P6,P7,P8,P9,', 'P1,P2,P3,P4,P5,P6,P7,', 'P3,', 'P5,', '99473177322717184', '005', '48101', '2021-12-13 15:07:57'),
(2971, '1', '2021-02-24', 'Fa\'izatur Rofidah', 'P1,P2,P4,P5,P6,P7,P9,', 'P1,P2,P3,P4,P5,P6,P7,', 'P2,P3,', 'P4,', '99473177322717184', '008', '84202', '2021-12-13 15:07:57'),
(2972, '1', '2021-02-24', 'Wd', 'P1,P2,P4,P5,P8,P9,', 'P1,P2,P3,P4,P5,P6,P7,', 'P3,', 'P2,P3,', '99473177322717184', '005', '48101', '2021-12-13 15:07:57'),
(2973, '1', '2021-02-24', 'Erlang Bagus ', 'P1,P2,P5,P7,P8,P9,', 'P1,P2,P3,P4,P5,P6,P7,', 'P1,P2,P3,P4,', 'P2,', '99473177322717184', '003', '74201', '2021-12-13 15:07:57'),
(2974, '1', '2021-02-24', 'fcf', 'P1,P2,P4,P5,P6,P7,P8,P9,', 'P1,P2,P3,P5,P6,', 'P2,', 'P2,P4,', '99473177322717184', '005', '48101', '2021-12-13 15:07:57'),
(2975, '1', '2021-02-24', 'Ayu', 'P1,P2,P4,P5,P9,', 'P1,P2,P3,P4,P7,', 'P3,P4,', 'P2,P5,', '99473177322717184', '005', '48101', '2021-12-13 15:07:57'),
(2976, '1', '2021-02-24', 'Nuuraa', 'P1,P2,P4,P5,P7,P9,', 'P6,', 'P2,P3,P4,', 'P4,P5,', '99473177322717184', '008', '88103', '2021-12-13 15:07:57'),
(2977, '1', '2021-02-24', 'KML', 'P1,P2,P4,P5,P7,P8,P9,', 'P3,P7,', 'P2,P3,P4,', 'P2,P3,P4,', '99473177322717184', '008', '87205', '2021-12-13 15:07:57'),
(2978, '1', '2021-02-24', 'Yeti Dewi ', 'P1,P2,P4,P5,P7,P8,P9,', 'P1,P2,P3,P4,P6,P7,', 'P1,P3,', 'P2,P4,', '99473177322717184', '008', '87205', '2021-12-13 15:07:57'),
(2979, '1', '2021-02-24', 'Ten', 'P1,P2,P4,P5,P6,P7,P8,P9,', 'P5,', 'P2,', 'P3,P5,', '99473177322717184', '008', '88103', '2021-12-13 15:07:57'),
(2980, '1', '2021-02-24', 'Fahri', 'P1,P2,P4,P5,P7,P8,P9,', 'P1,P3,P4,P5,P6,P7,', 'P1,P2,P3,P4,', 'P4,', '99473177322717184', '008', '87205', '2021-12-13 15:07:57'),
(2981, '1', '2021-02-24', 'DFR', 'P1,P2,P5,P6,P7,P8,P9,', 'P3,', 'P2,P3,P4,', 'P5,', '99473177322717184', '008', '88103', '2021-12-13 15:07:57'),
(2982, '1', '2021-02-24', 'Ema Dwi Setyarini', 'P1,P2,P4,P5,P6,P8,P9,', 'P1,P2,P3,P5,P6,P7,', 'P2,P3,P4,', 'P3,', '99473177322717184', '008', '87205', '2021-12-13 15:07:57'),
(2983, '1', '2021-02-24', 'Iqbal Huda', 'P1,P2,P4,P9,', 'P1,P2,P4,P5,P7,', 'P1,P2,P3,P4,', 'P4,P5,', '99473177322717184', '008', '87205', '2021-12-13 15:07:57'),
(2984, '1', '2021-02-24', 'Nadiya', 'P1,P2,P3,P4,P5,P7,P9,', 'P1,P2,P3,P5,P6,', 'P3,', 'P2,P3,P4,P6,', '99473177322717184', '008', '88103', '2021-12-13 15:07:57'),
(2985, '1', '2021-02-24', 'Alifia Almaida Gisananda', 'P1,P2,P3,P4,P5,P6,P7,P8,P9,', 'P1,P2,P3,P5,P6,P7,', 'P2,', 'P5,', '99473177322717184', '008', '88103', '2021-12-13 15:07:57'),
(2986, '1', '2021-02-24', 'Pikacu', 'P1,P2,P4,P6,P7,P8,P9,', 'P3,P5,', 'P2,P3,P4,', 'P2,P3,P5,P6,', '99473177322717184', '008', '88103', '2021-12-13 15:07:57'),
(2987, '1', '2021-02-24', 'WAA', 'P1,P2,P4,P5,P6,P7,P8,P9,', 'P1,', 'P1,P2,P3,P4,', 'P2,P3,P4,P5,P6,', '99473177322717184', '008', '88103', '2021-12-13 15:07:57'),
(2988, '1', '2021-02-24', 'Salsabila safitri', 'P1,P2,P4,P5,P6,P7,P8,P9,', 'P1,P2,P3,P5,P6,P7,', 'P1,P2,P3,P4,', 'P6,', '99473177322717184', '011', '46201', '2021-12-13 15:07:57'),
(2989, '1', '2021-02-24', 'Aqhila ', 'P1,P2,P4,P5,P7,P9,', 'P1,P4,P6,', 'P3,', 'P6,', '99473177322717184', '008', '86206', '2021-12-13 15:07:57'),
(2990, '1', '2021-02-24', 'Yayat Fahturrahman Labanu ', 'P1,P2,P5,P8,P9,', 'P4,P7,', 'P1,P3,', 'P5,', '99473177322717184', '009', '26201', '2021-12-13 15:07:57'),
(2991, '1', '2021-02-24', 'Pikacu', 'P1,P2,P4,P6,P7,P8,P9,', 'P3,P5,', 'P2,P3,P4,', 'P2,P3,P5,P6,', '99473177322717184', '008', '88103', '2021-12-13 15:07:57'),
(2992, '1', '2021-02-24', 'ZD', 'P1,P2,P4,P5,P7,P9,', 'P1,P2,P3,P5,P6,P7,', 'P2,P3,', 'P5,', '99473177322717184', '008', '86206', '2021-12-13 15:07:57'),
(2993, '1', '2021-02-24', 'Herawati Setiya Ningrum', 'P1,P2,P4,P5,P6,P7,P8,P9,', 'P1,P2,P3,P4,P5,P6,P7,', 'P3,', 'P5,', '99473177322717184', '008', '88103', '2021-12-13 15:07:57'),
(2994, '1', '2021-02-23', 'Kholis ', 'P1,P2,P4,P5,P9,', 'P1,P2,P3,P4,P5,P6,P7,', 'P3,P4,', 'P4,P5,', '99473177322717184', '002', '61101', '2021-12-13 15:07:57'),
(2995, '1', '2021-02-23', 'Fadlan ', 'P1,P2,P7,P8,P9,', 'P1,P2,P3,P5,P6,', 'P2,P3,P4,', 'P5,', '99473177322717184', '002', '61101', '2021-12-13 15:07:57'),
(2996, '1', '2021-02-23', 'a', 'P1,P2,P4,P5,P6,P7,P9,', 'P1,P2,P3,P5,P6,P7,', 'P3,', 'P5,', '99473177322717184', '002', '61101', '2021-12-13 15:07:57'),
(2997, '1', '2021-02-23', 'u', 'P1,P2,P4,P5,P6,P7,P8,P9,', 'P1,P3,P4,P5,P7,', 'P1,P2,', 'P2,', '99473177322717184', '002', '61101', '2021-12-13 15:07:57'),
(2998, '1', '2021-02-23', 's', 'P1,P2,P4,P6,P7,P8,P9,', 'P2,P4,P5,P6,', 'P1,P2,P3,', 'P3,P4,P5,P6,', '99473177322717184', '002', '93312', '2021-12-13 15:07:57'),
(2999, '1', '2021-02-23', 'Lio', 'P1,P2,P4,P5,P9,', 'P1,P2,P3,P4,P6,P7,', 'P1,P2,P3,P4,', 'P4,', '99473177322717184', '002', '61101', '2021-12-13 15:07:57'),
(3000, '1', '2021-02-23', 'Leni', 'P1,P2,P4,P5,P7,P8,P9,', 'P3,P4,P5,P6,P7,', 'P3,', 'P2,P3,P4,', '99473177322717184', '001', '76231', '2021-12-13 15:07:57'),
(3001, '1', '2021-02-23', 'Putri', 'P1,P2,P4,P5,P6,P7,P8,P9,', 'P1,P2,P3,P4,P5,P6,P7,', 'P1,P2,P3,P4,', 'P5,', '99473177322717184', '001', '79203', '2021-12-13 15:07:57'),
(3002, '1', '2021-02-23', 'S', 'P1,P2,P4,P7,P9,', 'P1,P2,P3,P4,P5,P7,', 'P1,P2,P4,', 'P2,', '99473177322717184', '010', '79202', '2021-12-13 15:07:57'),
(3003, '1', '2021-02-23', 'Cipa', 'P2,', 'P1,', 'P2,P4,', 'P4,', '99473177322717184', '010', '79202', '2021-12-13 15:07:57'),
(3004, '1', '2021-02-23', 'Oktamidanta', 'P1,P2,P4,P5,P7,P8,P9,', 'P1,P2,P3,P4,P5,P6,P7,', 'P1,P2,P3,P4,', 'P4,', '99473177322717184', '010', '70201', '2021-12-13 15:07:57'),
(3005, '1', '2021-02-23', 'Dedi', 'P1,P2,P5,P9,', 'P4,P7,', 'P3,', 'P2,P4,P5,', '99473177322717184', '010', '70201', '2021-12-13 15:07:57'),
(3006, '1', '2021-02-23', 'NURWAHIDA HARMIN', 'P1,P2,P3,P4,P5,P6,P7,P8,P9,', 'P1,P2,P3,P4,P5,P6,P7,', 'P1,P2,P3,P4,', 'P2,P3,P4,P5,P6,', '99473177322717184', '007', '13211', '2021-12-13 15:07:57'),
(3007, '1', '2021-02-23', 'YN', 'P1,P2,P4,P5,P6,P7,P8,P9,', 'P1,P2,P3,P4,P5,P6,P7,', 'P3,', 'P5,', '99473177322717184', '005', '48101', '2021-12-13 15:07:57'),
(3008, '1', '2021-02-23', 'YN', 'P1,P2,P4,P5,P6,P7,P8,P9,', 'P1,P2,P3,P4,P5,P6,P7,', 'P3,', 'P5,', '99473177322717184', '005', '48101', '2021-12-13 15:07:57'),
(3009, '1', '2021-02-23', 'M.A.M.R', 'P1,P2,P4,P5,P6,P7,P8,P9,', 'P1,P2,P3,P4,P7,', 'P3,', 'P2,', '99473177322717184', '011', '57201', '2021-12-13 15:07:57'),
(3010, '1', '2021-02-23', 'Af', 'P1,P2,P4,P5,P7,P8,P9,', 'P6,P7,', 'P3,', 'P4,P5,', '99473177322717184', '001', '76231', '2021-12-13 15:07:57'),
(3011, '1', '2021-02-23', 'Yusup Rahmad Romadhon', 'P1,P2,P4,P5,P6,P7,P8,P9,', 'P1,P2,P3,P4,P5,P6,', 'P1,', 'P4,', '99473177322717184', '008', '86206', '2021-12-13 15:07:57'),
(3012, '1', '2021-02-23', 'P', 'P1,P2,P4,P8,P9,', 'P1,P2,P3,P4,P5,P6,P7,', 'P3,P4,', 'P2,P4,', '99473177322717184', '008', '86206', '2021-12-13 15:07:57'),
(3013, '1', '2021-02-23', 'M', 'P1,P2,P4,P5,P9,', 'P1,P2,P4,P5,P6,P7,', 'P3,', 'P5,', '99473177322717184', '004', '73201', '2021-12-13 15:07:57'),
(3014, '1', '2021-02-23', 'T I', 'P1,P2,P4,P5,P6,P7,P8,P9,', 'P4,P6,P7,', 'P1,P2,P3,P4,', 'P6,', '99473177322717184', '001', '76231', '2021-12-13 15:07:57'),
(3015, '1', '2021-02-23', 'Roro ayu ', 'P1,P2,P4,P6,P7,P9,', 'P4,P7,', 'P2,P3,P4,', 'P5,', '99473177322717184', '008', '86206', '2021-12-13 15:07:57'),
(3016, '1', '2021-02-23', 'kathleen', 'P1,P2,P5,P8,P9,', 'P2,P3,P5,P7,', 'P2,P3,', 'P2,P6,', '99473177322717184', '008', '86206', '2021-12-13 15:07:57'),
(3017, '1', '2021-02-23', 'Yumna Hasibah ', 'P1,P2,P4,P5,P6,P7,P9,', 'P1,P2,P3,P4,', 'P3,', 'P5,', '99473177322717184', '007', '13201', '2021-12-13 15:07:57'),
(3018, '1', '2021-02-23', 'Indah ', 'P1,P4,P6,P7,P8,P9,', 'P1,P2,P3,P4,P5,P6,P7,', 'P1,P2,P3,P4,', 'P4,P5,', '99473177322717184', '008', '86206', '2021-12-13 15:07:57'),
(3019, '1', '2021-02-23', 'ARS', 'P1,P2,P4,P5,P7,', 'P2,P3,', 'P1,P3,', 'P5,', '99473177322717184', '007', '13201', '2021-12-13 15:07:57'),
(3020, '1', '2021-02-23', 'Ersan Firdaus', 'P1,P2,P5,P6,P7,P8,P9,', 'P4,P6,P7,', 'P3,', 'P6,', '99473177322717184', '008', '86206', '2021-12-13 15:07:57'),
(3021, '1', '2021-02-23', 'Nando', 'P3,P4,P7,P9,', 'P4,P7,', 'P2,P3,P4,', 'P5,', '99473177322717184', '004', '73201', '2021-12-13 15:07:57'),
(3022, '1', '2021-02-23', 'P', 'P1,P2,P4,P5,P7,P8,P9,', 'P1,P2,P3,P5,P7,', 'P1,', 'P2,P6,', '99473177322717184', '007', '13201', '2021-12-13 15:07:57'),
(3023, '1', '2021-02-23', 'Nafila ', 'P1,P2,P5,P9,', 'P1,P2,P3,P5,P6,P7,', 'P1,P2,P4,', 'P5,P6,', '99473177322717184', '007', '13201', '2021-12-13 15:07:57'),
(3024, '1', '2021-02-23', 'Aisyah Putri Muharami', 'P1,P2,P4,P5,P6,P7,P8,P9,', 'P1,P2,P3,P4,P5,P6,P7,', 'P3,', 'P5,', '99473177322717184', '009', '41221', '2021-12-13 15:07:57'),
(3025, '1', '2021-02-23', 'Reza', 'P1,P2,P5,P7,P8,P9,', 'P2,P3,P4,P5,P7,', 'P1,P2,P3,', 'P5,', '99473177322717184', '008', '86206', '2021-12-13 15:07:57'),
(3026, '1', '2021-02-23', 'Aqhila ', 'P1,P2,P4,P5,P7,P9,', 'P1,P4,P6,', 'P3,', 'P6,', '99473177322717184', '008', '86206', '2021-12-13 15:07:57'),
(3027, '1', '2021-02-23', 'Aqhila ', 'P1,P2,P4,P5,P7,P9,', 'P1,P4,P6,', 'P3,', 'P6,', '99473177322717184', '008', '86206', '2021-12-13 15:07:57'),
(3028, '1', '2021-02-23', 'Wulan ', 'P1,P2,P4,P5,P7,P9,', 'P1,P2,P3,P4,P5,P6,P7,', 'P1,P2,P3,P4,', 'P4,', '99473177322717184', '008', '86206', '2021-12-13 15:07:57'),
(3029, '1', '2021-02-23', 'Amirul Hazji Hasibuan', 'P1,P2,P5,P8,P9,', 'P5,P7,', 'P2,P4,', 'P4,', '99473177322717184', '009', '26201', '2021-12-13 15:07:57'),
(3030, '1', '2021-02-22', 'gabrillian', 'P1,P2,P5,P6,P7,P8,P9,', 'P1,P2,P3,P4,P5,P7,', 'P1,P3,P4,', 'P5,', '99473177322717184', '002', '93312', '2021-12-13 15:07:57'),
(3031, '1', '2021-02-22', 'Bila', 'P1,P2,P4,P5,P6,P7,P8,P9,', 'P1,P2,P3,P4,P7,', 'P2,P3,', 'P4,', '99473177322717184', '008', '86206', '2021-12-13 15:07:57'),
(3032, '1', '2021-02-22', 'NS', 'P1,P2,P4,P5,P6,P7,P8,P9,', 'P1,P2,P3,P4,P5,P6,', 'P3,P4,', 'P6,', '99473177322717184', '001', '76231', '2021-12-13 15:07:57'),
(3033, '1', '2021-02-22', 'Winda Safitri', 'P1,P2,P4,P5,P7,P8,P9,', 'P1,P2,P3,P4,P5,P6,P7,', 'P1,P2,P3,', 'P5,', '99473177322717184', '001', '76231', '2021-12-13 15:07:57'),
(3034, '1', '2021-02-22', 'gabrillian', 'P1,P2,P5,P6,P7,P8,P9,', 'P1,P2,P3,P4,P5,P7,', 'P1,P3,P4,', 'P5,', '99473177322717184', '002', '93312', '2021-12-13 15:07:57'),
(3035, '1', '2021-02-22', 'NR', 'P1,P2,P4,P5,P6,P7,P8,P9,', 'P1,P3,P5,P7,', 'P3,', 'P4,', '99473177322717184', '008', '86206', '2021-12-13 15:07:57'),
(3036, '1', '2021-02-22', 'AR', 'P1,P2,P4,P5,P6,P7,P8,P9,', 'P1,P3,P4,P5,P6,', 'P2,', 'P3,', '99473177322717184', '010', '79202', '2021-12-13 15:07:57'),
(3037, '1', '2021-02-22', 'Dimas Ompu Berlian', 'P1,P2,P3,P4,P5,P6,P7,P8,P9,', 'P1,P4,P6,P7,', 'P2,P3,P4,', 'P2,P3,', '99473177322717184', '010', '79202', '2021-12-13 15:07:57'),
(3038, '1', '2021-02-22', 'Galang', 'P1,P2,P4,P5,P9,', 'P1,P3,', 'P1,P2,P3,P4,', 'P5,', '99473177322717184', '001', '76231', '2021-12-13 15:07:57'),
(3039, '1', '2021-02-22', 'Regi', 'P1,P2,P5,P7,P8,P9,', 'P4,P5,P7,', 'P2,P3,P4,', 'P4,', '99473177322717184', '001', '76231', '2021-12-13 15:07:57'),
(3040, '1', '2021-02-22', 'Mutiara Astuti', 'P1,P2,P4,P7,P9,', 'P1,P7,', 'P3,', 'P4,', '99473177322717184', '008', '86206', '2021-12-13 15:07:57'),
(3041, '1', '2021-02-22', 'Eci trisnawati', 'P1,P2,P4,P5,P6,P7,P8,P9,', 'P1,P2,P3,P4,P5,P6,P7,', 'P1,P2,P3,P4,', 'P3,', '99473177322717184', '001', '76231', '2021-12-13 15:07:57'),
(3042, '1', '2021-02-22', 'Shella', 'P1,P2,P7,P8,P9,', 'P1,P2,P3,P4,P5,P6,', 'P2,P3,', 'P5,', '99473177322717184', '009', '55201', '2021-12-13 15:07:57'),
(3043, '1', '2021-02-22', 'Muhammad zulfahmi', 'P1,P2,P4,P5,P8,P9,', 'P1,P4,P6,P7,', 'P2,P3,P4,', 'P5,', '99473177322717184', '001', '76231', '2021-12-13 15:07:57'),
(3044, '1', '2021-02-22', 'Muhammad zulfahmi', 'P1,P2,P4,P5,P8,P9,', 'P1,P4,P6,P7,', 'P2,P3,P4,', 'P5,', '99473177322717184', '001', '76231', '2021-12-13 15:07:57'),
(3045, '1', '2021-02-22', 'Azzakiy ', 'P1,P2,P5,P6,P7,P8,P9,', 'P1,P3,P4,', 'P3,', 'P5,', '99473177322717184', '001', '79203', '2021-12-13 15:07:57'),
(3046, '1', '2021-02-22', 'Gita Riana', 'P1,P2,P5,', 'P4,P7,', 'P2,P4,', 'P2,P3,P4,', '99473177322717184', '010', '79202', '2021-12-13 15:07:57'),
(3047, '1', '2021-02-22', 'Gita Riana', 'P1,P2,P5,', 'P4,P7,', 'P2,P4,', 'P2,P3,P4,', '99473177322717184', '010', '79202', '2021-12-13 15:07:57'),
(3048, '1', '2021-02-22', 'S', 'P1,P2,P6,P7,P8,P9,', 'P6,P7,', 'P1,P2,P3,P4,', 'P5,P6,', '99473177322717184', '001', '79203', '2021-12-13 15:07:57'),
(3049, '1', '2021-02-22', 'Nuryan Ristita Anjani', 'P1,P2,', 'P4,', 'P2,P4,', 'P2,P4,', '99473177322717184', '010', '70201', '2021-12-13 15:07:57'),
(3050, '1', '2021-02-22', 'Bellinda', 'P1,P2,P4,P7,P8,P9,', 'P5,P6,', 'P2,P3,', 'P5,', '99473177322717184', '010', '79202', '2021-12-13 15:07:57'),
(3051, '1', '2021-02-22', 'Muhammad Arrosyiid', 'P1,P2,P4,P5,P6,P7,P8,P9,', 'P2,P4,P7,', 'P1,P2,P4,', 'P3,P6,', '99473177322717184', '010', '79202', '2021-12-13 15:07:57'),
(3052, '1', '2021-02-22', 'Dian Prameswari', 'P1,P2,P4,P5,P6,P7,P8,P9,', 'P1,P2,P4,P5,P6,P7,', 'P1,P2,P4,', 'P6,', '99473177322717184', '010', '70201', '2021-12-13 15:07:57'),
(3053, '1', '2021-02-22', 'Ahsan', 'P1,P2,P6,P7,P8,P9,', 'P1,P2,P3,P4,P5,P7,', 'P2,P4,', 'P5,', '99473177322717184', '001', '76231', '2021-12-13 15:07:57'),
(3054, '1', '2021-02-22', 'Bagas', 'P1,P2,P4,P5,P7,P8,P9,', 'P1,P2,P3,P4,P5,P7,', 'P1,P2,P3,P4,', 'P5,', '99473177322717184', '001', '79203', '2021-12-13 15:07:57'),
(3055, '1', '2021-02-22', 'ILLA FERIYATI', 'P1,P2,P5,P6,', 'P1,P5,P6,P7,', 'P1,P3,', 'P5,', '99473177322717184', '010', '70201', '2021-12-13 15:07:57'),
(3056, '1', '2021-02-22', 'Faisal abbas', 'P1,P2,P3,P4,P5,P6,P7,P8,P9,', 'P1,P2,P3,P4,P5,P6,P7,', 'P1,P2,P4,', 'P6,', '99473177322717184', '001', '79203', '2021-12-13 15:07:57'),
(3057, '1', '2021-02-22', 'Ta', 'P1,P2,', 'P1,P3,P5,P6,P7,', 'P3,', 'P4,', '99473177322717184', '010', '70201', '2021-12-13 15:07:57'),
(3058, '1', '2021-02-22', 'Adi Wijayanto', 'P1,P2,P4,P5,P7,P9,', 'P1,P4,P7,', 'P1,P2,P3,', 'P5,', '99473177322717184', '008', '86206', '2021-12-13 15:07:57'),
(3059, '1', '2021-02-22', 'DA', 'P1,P2,P3,P4,P5,P7,P9,', 'P4,P7,', 'P1,P2,P3,P4,', 'P5,', '99473177322717184', '001', '79203', '2021-12-13 15:07:57'),
(3060, '1', '2021-02-22', 'Ulfa', 'P1,P2,P4,P5,P6,P7,P8,P9,', 'P1,', 'P1,P2,P3,', 'P4,P5,P6,', '99473177322717184', '011', '45201', '2021-12-13 15:07:57'),
(3061, '1', '2021-02-22', 'Diana Hasni Marfu\'ah', 'P1,P2,P4,P5,P7,P9,', 'P1,P5,P7,', 'P1,', 'P5,', '99473177322717184', '001', '76231', '2021-12-13 15:07:57'),
(3062, '1', '2021-02-22', 'Fatihah Al Mutamaddinah', 'P1,P2,P4,P5,P6,P7,P8,P9,', 'P4,P6,P7,', 'P2,P3,P4,', 'P3,P5,', '99473177322717184', '001', '76231', '2021-12-13 15:07:57'),
(3063, '1', '2021-02-22', 'Nabilah', 'P1,P2,P3,P9,', 'P4,P7,', 'P1,P2,P3,P4,', 'P2,P3,P4,P5,', '99473177322717184', '008', '86206', '2021-12-13 15:07:57'),
(3064, '1', '2021-02-22', 'FU', 'P1,P2,P4,P5,P7,P9,', 'P1,P2,P3,P4,P5,P6,P7,', 'P1,P2,P3,P4,', 'P5,', '99473177322717184', '001', '76231', '2021-12-13 15:07:57'),
(3065, '1', '2021-02-22', 'Azzam', 'P1,P2,P3,P5,P9,', 'P1,P2,P3,P4,P5,P7,', 'P1,P2,P3,P4,', 'P2,P3,P5,P6,', '99473177322717184', '001', '76231', '2021-12-13 15:07:57'),
(3066, '1', '2021-02-22', 'Ahmad wahyudi ', 'P1,P2,P4,P5,P6,P7,P8,P9,', 'P4,', 'P2,P3,', 'P3,', '99473177322717184', '010', '79202', '2021-12-13 15:07:57'),
(3067, '1', '2021-02-22', 'Firda', 'P1,P2,P4,P5,P6,P7,P8,P9,', 'P1,P2,P3,P4,P5,P7,', 'P3,', 'P4,', '99473177322717184', '010', '70201', '2021-12-13 15:07:57'),
(3068, '1', '2021-02-22', 'Ahmad wahyudi ', 'P1,P2,P4,P5,P6,P7,P8,P9,', 'P4,', 'P2,P3,', 'P3,', '99473177322717184', '010', '79202', '2021-12-13 15:07:57'),
(3069, '1', '2021-02-22', 'Rini', 'P1,P2,P4,P5,P7,P9,', 'P1,P4,P6,P7,', 'P2,P3,', 'P3,', '99473177322717184', '010', '70201', '2021-12-13 15:07:57'),
(3070, '1', '2021-02-22', 'Ahmad shiddiq ', 'P1,P2,P4,P5,P6,P7,P8,P9,', 'P1,P2,P3,P4,P5,P6,P7,', 'P1,P2,P3,P4,', 'P4,', '99473177322717184', '001', '76231', '2021-12-13 15:07:57'),
(3071, '1', '2021-02-22', 'Elisa', 'P1,P2,P4,P5,P6,P7,P8,P9,', 'P1,P2,P3,P4,P5,P6,P7,', 'P3,', 'P2,', '99473177322717184', '001', '76231', '2021-12-13 15:07:57'),
(3072, '1', '2021-02-22', 'Kiranti', 'P1,P2,P4,P5,P8,P9,', 'P1,P2,P3,P5,P6,P7,', 'P3,P4,', 'P5,', '99473177322717184', '008', '86206', '2021-12-13 15:07:57'),
(3073, '1', '2021-02-22', 'P', 'P1,P2,P4,P5,P6,P7,P9,', 'P2,P3,P7,', 'P2,P3,', 'P2,P3,P4,P6,', '99473177322717184', '007', '13211', '2021-12-13 15:07:57'),
(3074, '1', '2021-02-22', 'Mamat', 'P1,P2,P4,P9,', 'P1,P2,P3,P4,P6,P7,', 'P2,P3,P4,', 'P5,', '99473177322717184', '010', '70201', '2021-12-13 15:07:57'),
(3075, '1', '2021-02-22', 'A', 'P1,P2,P4,P7,P8,P9,', 'P4,', 'P2,', 'P4,P6,', '99473177322717184', '001', '76231', '2021-12-13 15:07:57'),
(3076, '1', '2021-02-22', 'Hana Rasyidah', 'P1,P2,P4,P5,P6,P7,P8,P9,', 'P1,P2,P3,P5,P6,P7,', 'P3,P4,', 'P2,P5,', '99473177322717184', '001', '76231', '2021-12-13 15:07:57'),
(3077, '1', '2021-02-22', 'naadiaphy_', 'P1,P2,P5,P6,P7,P9,', 'P1,P2,P3,P6,P7,', 'P1,', 'P4,', '99473177322717184', '008', '86206', '2021-12-13 15:07:57'),
(3078, '1', '2021-02-22', 'Riviana', 'P1,P2,P4,P5,P7,P8,P9,', 'P1,', 'P3,P4,', 'P5,', '99473177322717184', '010', '70201', '2021-12-13 15:07:57'),
(3079, '1', '2021-02-22', 'NURWAHIDA HARMIN', 'P1,P2,P3,P4,P5,P6,P7,P8,P9,', 'P1,P2,P3,P4,P5,P6,P7,', 'P1,P2,P3,P4,', 'P2,P3,P4,P5,P6,', '99473177322717184', '007', '13211', '2021-12-13 15:07:57'),
(3080, '1', '2021-02-22', 'Yosi Darma Sagita', 'P1,P2,P4,P5,P6,P8,', 'P1,P2,P4,P7,', 'P1,P2,P3,P4,', 'P6,', '99473177322717184', '010', '70201', '2021-12-13 15:07:57'),
(3081, '1', '2021-02-22', 'Habib Basyanur Murdi', 'P1,P2,P4,P5,P6,P7,P8,P9,', 'P1,P2,P4,P5,P7,', 'P3,', 'P4,', '99473177322717184', '005', '48101', '2021-12-13 15:07:57'),
(3082, '1', '2021-02-22', 'Viona Aghda Ramadhani', 'P1,P2,P4,P5,P6,P7,P8,P9,', 'P1,P2,P3,P4,P5,P6,P7,', 'P4,', 'P2,P3,P5,', '99473177322717184', '005', '48101', '2021-12-13 15:07:57'),
(3083, '1', '2021-02-22', 'Primas Nika Ambarani', 'P1,P2,P4,P5,P6,P7,P8,P9,', 'P2,P7,', 'P3,', 'P5,', '99473177322717184', '005', '48101', '2021-12-13 15:07:57'),
(3084, '1', '2021-02-22', 'Nuraini', 'P1,P2,P3,P4,P5,P6,P7,P8,P9,', 'P1,P2,P3,P4,P5,P6,P7,', 'P2,P3,P4,', 'P6,', '99473177322717184', '001', '76231', '2021-12-13 15:07:57'),
(3085, '1', '2021-02-22', 'Sitta Rachmah Aurelia', 'P1,P2,P4,P5,P9,', 'P4,P6,P7,', 'P3,', 'P5,', '99473177322717184', '007', '13211', '2021-12-13 15:07:57'),
(3086, '1', '2021-02-22', 'M', 'P1,P2,P4,P5,P6,P7,P8,P9,', 'P1,P2,P3,P4,P5,P6,P7,', 'P1,P2,P3,', 'P4,P5,', '99473177322717184', '005', '48101', '2021-12-13 15:07:57'),
(3087, '1', '2021-02-22', 'Aslamia', 'P1,P2,P4,P5,P6,P7,P9,', 'P1,P4,P5,P6,P7,', 'P1,P2,P3,P4,', 'P6,', '99473177322717184', '007', '13211', '2021-12-13 15:07:57'),
(3088, '1', '2021-02-22', 'E', 'P1,P2,P4,P5,P7,P9,', 'P1,P2,P5,P7,', 'P4,', 'P5,', '99473177322717184', '005', '48101', '2021-12-13 15:07:57'),
(3089, '1', '2021-02-22', 'D F A', 'P1,P2,P5,P7,P8,', 'P3,P5,P6,P7,', 'P1,P2,P3,P4,', 'P5,', '99473177322717184', '001', '76231', '2021-12-13 15:07:57'),
(3090, '1', '2021-02-22', 'U', 'P1,P2,P6,P7,P8,', 'P2,', 'P3,', 'P2,', '99473177322717184', '009', '24201', '2021-12-13 15:07:57'),
(3091, '1', '2021-02-22', 'E', 'P1,P2,P4,P5,P7,P9,', 'P1,P2,P5,P7,', 'P4,', 'P5,', '99473177322717184', '005', '48101', '2021-12-13 15:07:57'),
(3092, '1', '2021-02-22', 'Gita', 'P1,P2,P4,P7,P8,P9,', 'P1,P2,P3,P5,P6,P7,', 'P3,', 'P5,', '99473177322717184', '011', '57201', '2021-12-13 15:07:57'),
(3093, '1', '2021-02-22', 'Dts', 'P1,P2,P4,P5,P7,P8,P9,', 'P4,', 'P1,P2,P3,P4,', 'P6,', '99473177322717184', '011', '57201', '2021-12-13 15:07:57'),
(3094, '1', '2021-02-22', 'Syafiq Muhammad Nabil', 'P1,P2,P4,P5,P7,P8,P9,', 'P1,P2,P3,P4,P5,P6,P7,', 'P1,P2,P3,', 'P3,', '99473177322717184', '001', '76231', '2021-12-13 15:07:57'),
(3095, '1', '2021-02-22', 'ACM', 'P1,P2,P4,P5,P6,P7,P9,', 'P1,P2,P3,P4,P5,P6,P7,', 'P2,P3,P4,', 'P6,', '99473177322717184', '008', '86206', '2021-12-13 15:07:57'),
(3096, '1', '2021-02-22', 'ATA', 'P1,P2,P4,P5,P6,P7,P8,P9,', 'P1,P2,P3,', 'P1,P3,', 'P4,', '99473177322717184', '005', '48101', '2021-12-13 15:07:57'),
(3097, '1', '2021-02-22', 'Matchapics', 'P1,P2,P5,P6,P7,P8,P9,', 'P2,P5,P6,', 'P1,P3,', 'P5,', '99473177322717184', '011', '57201', '2021-12-13 15:07:57'),
(3098, '1', '2021-02-22', 'Zahra', 'P1,P2,P4,P7,P9,', 'P1,P3,P4,P5,', 'P1,', 'P4,P5,', '99473177322717184', '001', '76231', '2021-12-13 15:07:57'),
(3099, '1', '2021-02-22', 'Devaldi Caliesta Octadiani', 'P1,P2,P4,P5,P9,', 'P1,P6,', 'P2,P3,', 'P5,', '99473177322717184', '011', '57201', '2021-12-13 15:07:57'),
(3100, '1', '2021-02-22', 'H', 'P1,P2,P4,P6,P7,P8,P9,', 'P1,P2,P3,P4,P5,P7,', 'P2,P3,P4,', 'P5,', '99473177322717184', '001', '76231', '2021-12-13 15:07:57'),
(3101, '1', '2021-02-22', 'NK', 'P1,P2,P5,P6,P7,P8,P9,', 'P1,P5,P6,P7,', 'P1,P3,P4,', 'P5,', '99473177322717184', '001', '76231', '2021-12-13 15:07:57'),
(3102, '1', '2021-02-22', 'Naila S', 'P1,P2,P4,P7,P8,P9,', 'P1,P2,P3,P4,P5,P6,P7,', 'P1,', 'P5,', '99473177322717184', '006', '11201', '2021-12-13 15:07:57'),
(3103, '1', '2021-02-22', 'Alfia', 'P1,P2,P4,P5,P6,P7,P9,', 'P4,P5,', 'P1,P2,P3,P4,', 'P5,', '99473177322717184', '008', '86206', '2021-12-13 15:07:57');
INSERT INTO `tbl_dataset` (`id_dataset`, `itemset_dataset`, `datetime_dataset`, `subyek_dataset`, `params1_dataset`, `params2_dataset`, `params3_dataset`, `params4_dataset`, `author_dataset`, `id_fakultas`, `id_prodi`, `created_dataset`) VALUES
(3104, '1', '2021-02-22', 'Neno', 'P1,P2,P4,P5,P6,P7,P8,P9,', 'P1,P4,P7,', 'P3,', 'P4,', '99473177322717184', '008', '86206', '2021-12-13 15:07:57'),
(3105, '1', '2021-02-22', 'Yuyun', 'P1,P2,P4,P5,P6,P7,P8,P9,', 'P1,P2,P3,P5,P6,P7,', 'P3,', 'P2,', '99473177322717184', '001', '76231', '2021-12-13 15:07:57'),
(3106, '1', '2021-02-22', 'Sherin Dwi Utami ', 'P1,P2,P3,P4,P5,P6,P7,P8,P9,', 'P1,P2,P5,P6,P7,', 'P2,P3,P4,', 'P6,', '99473177322717184', '001', '76231', '2021-12-13 15:07:57'),
(3107, '1', '2021-02-22', 'Zulhijayanto', 'P1,P2,P8,P9,', 'P1,P3,P5,P6,', 'P1,P2,P3,P4,', 'P2,', '99473177322717184', '009', '20201', '2021-12-13 15:07:57'),
(3108, '1', '2021-02-22', 'Rosdianti', 'P1,P2,P4,P5,P6,P7,P8,P9,', 'P1,P5,', 'P3,', 'P5,P6,', '99473177322717184', '001', '76231', '2021-12-13 15:07:57'),
(3109, '1', '2021-02-22', 'K', 'P1,P2,P4,P5,P6,P7,P8,P9,', 'P1,P2,P3,P4,P5,P6,P7,', 'P3,', 'P4,', '99473177322717184', '009', '20201', '2021-12-13 15:07:57'),
(3110, '1', '2021-02-22', 'Ikhsan Dego Pranata', 'P1,P2,P4,P5,P6,P7,P8,P9,', 'P1,P3,', 'P1,P3,', 'P6,', '99473177322717184', '008', '86206', '2021-12-13 15:07:57'),
(3111, '1', '2021-02-22', 'Adelia ', 'P1,P2,P7,', 'P1,P3,P5,P7,', 'P2,P4,', 'P5,', '99473177322717184', '004', '73201', '2021-12-13 15:07:57'),
(3112, '1', '2021-02-22', 'Nin', 'P1,P2,P4,P5,P6,P7,P8,P9,', 'P1,P2,P5,P6,', 'P2,', 'P4,', '99473177322717184', '001', '76231', '2021-12-13 15:07:57'),
(3113, '1', '2021-02-22', 'A', 'P1,P2,P4,P5,P7,P8,P9,', 'P1,P2,P4,', 'P1,P2,P4,', 'P2,P3,P4,P6,', '99473177322717184', '004', '73201', '2021-12-13 15:07:57'),
(3114, '1', '2021-02-22', 'EP', 'P1,P2,P3,P4,P5,P6,P7,P8,P9,', 'P1,P2,P3,P4,P5,P6,P7,', 'P1,P2,P3,', 'P3,', '99473177322717184', '008', '86206', '2021-12-13 15:07:57'),
(3115, '1', '2021-02-22', 'Ima', 'P1,P2,P5,P8,P9,', 'P1,P4,P7,', 'P1,P2,P3,P4,', 'P5,P6,', '99473177322717184', '008', '86206', '2021-12-13 15:07:57'),
(3116, '1', '2021-02-22', 'Zine', 'P1,P2,P4,P6,P7,P8,P9,', 'P1,P2,P6,P7,', 'P3,', 'P5,', '99473177322717184', '001', '76231', '2021-12-13 15:07:57'),
(3117, '1', '2021-02-22', 'DA', 'P1,P2,P4,P5,P8,P9,', 'P1,P3,P4,P5,P6,P7,', 'P1,P2,', 'P4,', '99473177322717184', '008', '86206', '2021-12-13 15:07:57'),
(3118, '1', '2021-02-22', 'Taufiq', 'P1,P2,P3,P4,P5,P6,P7,P8,P9,', 'P1,P2,P3,P4,P5,P6,P7,', 'P1,P2,P3,', 'P5,P6,', '99473177322717184', '001', '76231', '2021-12-13 15:07:57'),
(3119, '1', '2021-02-22', 'Avila', 'P1,P2,P4,P6,P7,P9,', 'P1,P2,P3,P4,P5,P6,P7,', 'P3,P4,', 'P5,', '99473177322717184', '007', '13201', '2021-12-13 15:07:57'),
(3120, '1', '2021-02-22', 'Maisya', 'P1,P2,P4,P5,P7,P9,', 'P1,P2,P3,P5,P6,P7,', 'P3,', 'P4,', '99473177322717184', '007', '13201', '2021-12-13 15:07:57'),
(3121, '1', '2021-02-22', 'AT', 'P1,P2,P4,P6,P7,P8,P9,', 'P6,', 'P2,P3,P4,', 'P4,', '99473177322717184', '008', '86206', '2021-12-13 15:07:57'),
(3122, '1', '2021-02-22', 'Ayu', 'P1,P2,P5,P8,P9,', 'P2,P3,P4,P7,', 'P1,', 'P4,', '99473177322717184', '004', '73201', '2021-12-13 15:07:57'),
(3123, '1', '2021-02-22', 'Oktavianti nendra utami', 'P1,P2,P4,P7,P8,P9,', 'P1,P2,P5,', 'P1,', 'P5,', '99473177322717184', '001', '76231', '2021-12-13 15:07:57'),
(3124, '1', '2021-02-22', 'Ari setiawan', 'P1,P2,P4,P5,P6,P7,P9,', 'P4,P5,P6,P7,', 'P2,', 'P5,', '99473177322717184', '007', '13201', '2021-12-13 15:07:57'),
(3125, '1', '2021-02-22', 'Ice', 'P1,P2,P5,P8,P9,', 'P4,P7,', 'P2,P3,', 'P5,', '99473177322717184', '008', '84202', '2021-12-13 15:07:57'),
(3126, '1', '2021-02-22', 'R', 'P1,P2,P4,P5,P6,P7,P8,P9,', 'P1,P2,P3,', 'P1,P2,P3,P4,', 'P5,', '99473177322717184', '001', '76231', '2021-12-13 15:07:57'),
(3127, '1', '2021-02-22', 'Kaisar', 'P1,P2,P6,P7,P8,', 'P4,P5,P7,', 'P1,P3,', 'P3,', '99473177322717184', '008', '84202', '2021-12-13 15:07:57'),
(3128, '1', '2021-02-22', 'Zahfira', 'P1,P2,P5,P6,P7,P9,', 'P1,P2,', 'P3,', 'P5,', '99473177322717184', '004', '73201', '2021-12-13 15:07:57'),
(3129, '1', '2021-02-22', 'Lestari', 'P1,P2,P4,P5,P6,P7,P8,P9,', 'P1,P2,P3,P5,P6,P7,', 'P1,P2,P3,P4,', 'P5,', '99473177322717184', '004', '73201', '2021-12-13 15:07:57'),
(3130, '1', '2021-02-22', 'Kin', 'P1,P2,P4,P8,P9,', 'P1,P2,P3,P5,P6,P7,', 'P3,', 'P5,', '99473177322717184', '008', '86206', '2021-12-13 15:07:57'),
(3131, '1', '2021-02-22', 'Haidar', 'P1,P2,P4,P5,P8,P9,', 'P1,P2,P3,P4,P5,P6,P7,', 'P1,P2,P3,P4,', 'P5,P6,', '99473177322717184', '004', '73201', '2021-12-13 15:07:57'),
(3132, '1', '2021-02-22', 'Auril', 'P1,P2,P3,P4,P5,P9,', 'P1,P5,P6,P7,', 'P4,', 'P2,P4,P6,', '99473177322717184', '004', '73201', '2021-12-13 15:07:57'),
(3133, '1', '2021-02-22', 'Reka Apriyani', 'P1,P2,P4,P5,P7,P8,P9,', 'P1,P2,P3,P4,P6,P7,', 'P1,P3,', 'P4,P5,', '99473177322717184', '007', '13201', '2021-12-13 15:07:57'),
(3134, '1', '2021-02-22', 'EP', 'P1,P2,P3,P4,P5,P6,P7,P8,P9,', 'P1,P2,P3,P4,P5,P6,P7,', 'P1,P2,P3,', 'P3,', '99473177322717184', '008', '86206', '2021-12-13 15:07:57'),
(3135, '1', '2021-02-22', 'S', 'P1,P2,P5,P9,', 'P3,P5,', 'P3,', 'P5,', '99473177322717184', '004', '73201', '2021-12-13 15:07:57'),
(3136, '1', '2021-02-22', 'SWP', 'P1,P2,P4,P6,P7,P8,P9,', 'P1,P3,P5,P7,', 'P2,P3,P4,', 'P5,', '99473177322717184', '008', '84202', '2021-12-13 15:07:57'),
(3137, '1', '2021-02-22', 'Jasmine', 'P1,P2,P4,P5,P6,P7,P8,P9,', 'P1,P2,P3,P4,P5,P6,P7,', 'P1,P3,', 'P2,P5,', '99473177322717184', '007', '13201', '2021-12-13 15:07:57'),
(3138, '1', '2021-02-22', 'Purwadiantoro', 'P1,P2,P3,P4,P5,P7,P9,', 'P4,P7,', 'P2,P3,P4,', 'P5,', '99473177322717184', '004', '73201', '2021-12-13 15:07:57'),
(3139, '1', '2021-02-22', 'Yuli', 'P1,P2,P3,P4,P5,P7,P9,', 'P1,P2,P3,P5,P6,P7,', 'P1,P3,', 'P5,', '99473177322717184', '008', '86206', '2021-12-13 15:07:57'),
(3140, '1', '2021-02-22', 'MW', 'P1,P2,P4,P5,P7,P8,P9,', 'P1,P2,P3,P4,P5,P6,P7,', 'P1,P2,', 'P4,P6,', '99473177322717184', '008', '84202', '2021-12-13 15:07:57'),
(3141, '1', '2021-02-22', 'Maulidya', 'P1,P2,P4,P5,P6,P7,P8,P9,', 'P1,P2,P3,P4,P5,P6,P7,', 'P3,P4,', 'P4,', '99473177322717184', '007', '13201', '2021-12-13 15:07:57'),
(3142, '1', '2021-02-22', 'S', 'P1,P2,P5,P9,', 'P3,P5,', 'P3,', 'P5,', '99473177322717184', '004', '73201', '2021-12-13 15:07:57'),
(3143, '1', '2021-02-22', 'Galuh tri utami', 'P1,P2,P4,P5,P9,', 'P1,P2,P3,P6,P7,', 'P2,P3,', 'P5,', '99473177322717184', '008', '86206', '2021-12-13 15:07:57'),
(3144, '1', '2021-02-22', 'Mainis Aqmar Zakirah', 'P1,P2,P4,P5,P6,P7,P8,P9,', 'P1,P2,P3,P4,P5,P7,', 'P1,P2,P3,', 'P5,', '99473177322717184', '008', '84202', '2021-12-13 15:07:57'),
(3145, '1', '2021-02-22', 'DA IMATANNUR', 'P1,P2,P4,P5,P9,', 'P1,P4,', 'P1,P3,', 'P3,P4,P5,P6,', '99473177322717184', '008', '84202', '2021-12-13 15:07:57'),
(3146, '1', '2021-02-22', 'Syahni', 'P1,P2,P4,P5,P6,P8,P9,', 'P4,', 'P1,P3,', 'P5,', '99473177322717184', '004', '73201', '2021-12-13 15:07:57'),
(3147, '1', '2021-02-22', 'Nafa Arazila', 'P1,P2,P4,P5,P6,P7,P8,P9,', 'P1,', 'P2,P3,', 'P2,P3,P5,', '99473177322717184', '008', '84202', '2021-12-13 15:07:57'),
(3148, '1', '2021-02-22', 'AW', 'P1,P2,P5,P7,P9,', 'P1,', 'P3,', 'P2,P3,P5,', '99473177322717184', '004', '73201', '2021-12-13 15:07:57'),
(3149, '1', '2021-02-22', 'S', 'P1,P2,P5,P9,', 'P3,P5,', 'P3,', 'P5,', '99473177322717184', '004', '73201', '2021-12-13 15:07:57'),
(3150, '1', '2021-02-22', 'Amanda ', 'P1,P2,P4,P5,P6,P7,P8,P9,', 'P1,P2,P3,P4,P5,P6,P7,', 'P2,P3,P4,', 'P5,', '99473177322717184', '008', '84202', '2021-12-13 15:07:57'),
(3151, '1', '2021-02-22', 'N', 'P1,P2,P5,P7,P8,P9,', 'P1,', 'P3,', 'P5,', '99473177322717184', '004', '73201', '2021-12-13 15:07:57'),
(3152, '1', '2021-02-22', 'S', 'P1,P2,P9,', 'P1,P2,P4,P5,P6,P7,', 'P2,P3,', 'P2,', '99473177322717184', '004', '73201', '2021-12-13 15:07:57'),
(3153, '1', '2021-02-22', 'Mfd', 'P1,P2,P4,P5,P6,P7,P8,P9,', 'P1,P2,P4,P5,P7,', 'P1,P2,P3,P4,', 'P5,', '99473177322717184', '007', '13201', '2021-12-13 15:07:57'),
(3154, '1', '2021-02-22', 'DH', 'P1,P2,P4,P5,P7,P8,P9,', 'P1,P2,P4,P6,P7,', 'P1,P2,P3,P4,', 'P5,', '99473177322717184', '001', '76231', '2021-12-13 15:07:57'),
(3155, '1', '2021-02-22', 'Muhammad Syafrizal Pahlevi', 'P1,P2,P4,P5,P6,P7,P8,P9,', 'P1,P2,P3,P4,', 'P1,P2,P3,P4,', 'P5,', '99473177322717184', '001', '76231', '2021-12-13 15:07:57'),
(3156, '1', '2021-02-22', 'Ade tiara', 'P1,P2,P5,P7,P8,P9,', 'P1,P2,P3,P5,P7,', 'P3,', 'P4,P5,P6,', '99473177322717184', '007', '13201', '2021-12-13 15:07:58'),
(3157, '1', '2021-02-22', 'Nissa', 'P1,P2,P4,P5,P6,P7,P8,P9,', 'P1,P2,P3,P6,P7,', 'P1,P3,', 'P5,', '99473177322717184', '001', '76231', '2021-12-13 15:07:58'),
(3158, '1', '2021-02-22', 'Fatma Putri Ambika', 'P1,P2,P4,P5,P6,P7,P8,P9,', 'P2,P3,P5,P7,', 'P1,P3,', 'P2,P3,P5,', '99473177322717184', '007', '13201', '2021-12-13 15:07:58'),
(3159, '1', '2021-02-22', 'MN', 'P1,P2,P4,P5,P6,P7,P8,P9,', 'P6,', 'P2,P3,', 'P5,', '99473177322717184', '008', '84203', '2021-12-13 15:07:58'),
(3160, '1', '2021-02-22', 'S', 'P1,P2,P4,P5,P6,P7,P8,P9,', 'P1,P2,P3,P4,P5,P7,', 'P1,P2,P3,P4,', 'P2,P5,P6,', '99473177322717184', '008', '87205', '2021-12-13 15:07:58'),
(3161, '1', '2021-02-22', 'Idlal khalish Sulthan', 'P1,P2,P4,P5,P6,P7,P8,P9,', 'P1,P2,P6,P7,', 'P1,P2,P3,P4,', 'P2,', '99473177322717184', '009', '26201', '2021-12-13 15:07:58'),
(3162, '1', '2021-02-22', 'AY', 'P1,P2,P3,P4,P5,P7,P8,P9,', 'P1,P2,P3,P4,P5,P6,P7,', 'P3,P4,', 'P6,', '99473177322717184', '008', '87205', '2021-12-13 15:07:58'),
(3163, '1', '2021-02-22', 'Annisa Nabilla Awalin ', 'P1,P2,P4,P9,', 'P3,P7,', 'P3,', 'P2,P5,P6,', '99473177322717184', '008', '84203', '2021-12-13 15:07:58'),
(3164, '1', '2021-02-22', 'Ayu ramadhani', 'P1,P2,P8,', 'P1,P6,', 'P3,', 'P5,', '99473177322717184', '008', '87205', '2021-12-13 15:07:58'),
(3165, '1', '2021-02-22', 'Anggun S.S', 'P1,P2,P4,P5,P6,P7,P9,', 'P1,P2,P3,P4,P7,', 'P1,P2,P3,P4,', 'P5,', '99473177322717184', '001', '76231', '2021-12-13 15:07:58'),
(3166, '1', '2021-02-22', 'Saffa Ellok Aditiyas', 'P1,P2,P4,P5,P6,P7,P8,P9,', 'P6,P7,', 'P1,P2,P3,', 'P5,', '99473177322717184', '008', '84203', '2021-12-13 15:07:58'),
(3167, '1', '2021-02-22', 'Toing', 'P1,P2,P8,', 'P1,P2,P3,P4,', 'P1,P2,', 'P3,P5,', '99473177322717184', '009', '26201', '2021-12-13 15:07:58'),
(3168, '1', '2021-02-22', 'Mrg', 'P1,P2,P5,P7,P9,', 'P4,P5,', 'P1,P2,P3,', 'P6,', '99473177322717184', '009', '26201', '2021-12-13 15:07:58'),
(3169, '1', '2021-02-22', 'Unge', 'P1,P2,P4,P5,P6,P7,P8,', 'P4,P7,', 'P1,P2,P3,P4,', 'P3,P4,', '99473177322717184', '009', '26201', '2021-12-13 15:07:58'),
(3170, '1', '2021-02-22', 'N', 'P1,P2,P4,P5,P6,P7,P8,P9,', 'P1,P3,P4,P5,P6,P7,', 'P1,P2,P3,', 'P6,', '99473177322717184', '008', '86207', '2021-12-13 15:07:58'),
(3171, '1', '2021-02-22', 'Sva', 'P1,P2,P4,P5,P6,P7,P8,P9,', 'P2,P3,P5,P7,', 'P3,P4,', 'P3,P4,P5,P6,', '99473177322717184', '011', '46201', '2021-12-13 15:07:58'),
(3172, '1', '2021-02-21', 'Riza aulia rahman ', 'P1,P2,P5,P9,', 'P1,P6,', 'P1,P2,P4,', 'P4,', '99473177322717184', '010', '79201', '2021-12-13 15:07:58'),
(3173, '1', '2021-02-21', 'Gilangin', 'P1,P2,P5,P6,P7,P8,P9,', 'P2,P3,P4,P5,P7,', 'P1,P2,P3,P4,', 'P2,', '99473177322717184', '010', '70201', '2021-12-13 15:07:58'),
(3174, '1', '2021-02-21', 'W', 'P1,P2,P4,P5,P6,P7,P8,P9,', 'P1,P2,', 'P1,', 'P6,', '99473177322717184', '010', '70201', '2021-12-13 15:07:58'),
(3175, '1', '2021-02-21', 'Shella', 'P1,P2,P7,P8,P9,', 'P1,P2,P3,P4,P5,P6,', 'P2,P3,', 'P5,', '99473177322717184', '009', '55201', '2021-12-13 15:07:58'),
(3176, '1', '2021-02-21', 'Rio', 'P1,P2,P4,P5,P6,P7,P8,P9,', 'P1,P2,P3,P4,P5,P6,P7,', 'P1,P2,P3,', 'P6,', '99473177322717184', '009', '55201', '2021-12-13 15:07:58'),
(3177, '1', '2021-02-21', 'Farid Athallah', 'P1,P2,P4,P5,P7,P8,P9,', 'P1,P2,P4,P5,P6,P7,', 'P2,P3,P4,', 'P3,', '99473177322717184', '009', '55201', '2021-12-13 15:07:58'),
(3178, '1', '2021-02-21', 'Dhea', 'P1,P2,P8,P9,', 'P3,P4,P5,P6,P7,', 'P3,', 'P5,', '99473177322717184', '010', '70201', '2021-12-13 15:07:58'),
(3179, '1', '2021-02-21', 'Kurnia', 'P1,P2,P7,P8,P9,', 'P1,P4,P7,', 'P1,P3,', 'P4,', '99473177322717184', '009', '55201', '2021-12-13 15:07:58'),
(3180, '1', '2021-02-21', 'Alda', 'P1,P2,P4,P5,P7,P8,P9,', 'P1,P2,P3,P5,P6,P7,', 'P1,P2,P3,P4,', 'P2,P6,', '99473177322717184', '010', '70201', '2021-12-13 15:07:58'),
(3181, '1', '2021-02-21', 'Ariyan', 'P1,P2,P5,P6,P7,P8,P9,', 'P1,P2,P3,P5,P7,', 'P1,P2,P3,P4,', 'P4,', '99473177322717184', '009', '55201', '2021-12-13 15:07:58'),
(3182, '1', '2021-02-21', 'Endah Herminarimawati ', 'P1,P2,P4,P6,P7,P8,P9,', 'P1,P3,', 'P3,', 'P5,P6,', '99473177322717184', '009', '55201', '2021-12-13 15:07:58'),
(3183, '1', '2021-02-21', 'nadhili', 'P1,P2,P4,P5,P6,P7,P8,P9,', 'P1,P2,P3,P4,P6,P7,', 'P2,P3,P4,', 'P3,P5,', '99473177322717184', '009', '55201', '2021-12-13 15:07:58'),
(3184, '1', '2021-02-21', 'Kartika puspita', 'P1,P2,P4,P5,P8,', 'P4,P5,P6,P7,', 'P2,P3,P4,', 'P5,', '99473177322717184', '010', '70201', '2021-12-13 15:07:58'),
(3185, '1', '2021-02-21', 'Alfu', 'P1,P2,P4,P5,P7,P8,P9,', 'P1,', 'P1,P2,P3,P4,', 'P5,P6,', '99473177322717184', '010', '70201', '2021-12-13 15:07:58'),
(3186, '1', '2021-02-21', 'Dwi nvt ', 'P1,P2,P3,P4,P5,', 'P1,P2,', 'P1,P2,P3,P4,', 'P5,P6,', '99473177322717184', '010', '70201', '2021-12-13 15:07:58'),
(3187, '1', '2021-02-21', 'Sherly', 'P1,P2,P4,P5,P7,P8,P9,', 'P2,P3,', 'P1,P2,P3,', 'P5,P6,', '99473177322717184', '010', '70201', '2021-12-13 15:07:58'),
(3188, '1', '2021-02-21', 'DAPU', 'P1,P2,P4,P5,P6,P7,P8,P9,', 'P4,', 'P2,P3,P4,', 'P2,P6,', '99473177322717184', '001', '76231', '2021-12-13 15:07:58'),
(3189, '1', '2021-02-21', 'Tasya ', 'P1,P2,P4,P5,P7,P8,P9,', 'P1,P3,P5,P6,', 'P1,P3,', 'P2,P3,P5,', '99473177322717184', '004', '73201', '2021-12-13 15:07:58'),
(3190, '1', '2021-02-21', 'Astrid', 'P1,P2,P4,P9,', 'P1,P2,P3,P6,P7,', 'P1,P2,P3,P4,', 'P4,P6,', '99473177322717184', '009', '24201', '2021-12-13 15:07:58'),
(3191, '1', '2021-02-21', 'E', 'P1,P2,P4,P5,P7,P8,P9,', 'P1,P2,P3,P6,', 'P1,P3,', 'P5,', '99473177322717184', '004', '73201', '2021-12-13 15:07:58'),
(3192, '1', '2021-02-21', 'Rofina Febriani Salma', 'P1,P2,P4,P5,P7,P9,', 'P1,P2,P5,P7,', 'P2,P3,', 'P6,', '99473177322717184', '004', '73201', '2021-12-13 15:07:58'),
(3193, '1', '2021-02-21', 'Nana', 'P1,P2,P4,P5,P7,P8,P9,', 'P1,P4,P6,P7,', 'P1,P2,P3,P4,', 'P5,', '99473177322717184', '009', '24201', '2021-12-13 15:07:58'),
(3194, '1', '2021-02-21', 'J', 'P1,P2,P4,P5,P7,P8,P9,', 'P1,P2,P3,P5,P7,', 'P3,', 'P2,P6,', '99473177322717184', '004', '73201', '2021-12-13 15:07:58'),
(3195, '1', '2021-02-21', 'Tasya ', 'P1,P2,P4,P5,P7,P8,P9,', 'P1,P3,P5,P6,', 'P1,P3,', 'P2,P3,P5,', '99473177322717184', '004', '73201', '2021-12-13 15:07:58'),
(3196, '1', '2021-02-21', 'Gdd', 'P1,P2,P5,P7,P9,', 'P3,P5,P7,', 'P2,P3,P4,', 'P4,', '99473177322717184', '004', '73201', '2021-12-13 15:07:58'),
(3197, '1', '2021-02-21', 'Melvy Septria', 'P1,P2,P4,P5,P7,P8,P9,', 'P1,P5,P6,P7,', 'P4,', 'P2,', '99473177322717184', '004', '73201', '2021-12-13 15:07:58'),
(3198, '1', '2021-02-21', 'RAN', 'P1,P2,P3,', 'P7,', 'P1,', 'P3,P5,', '99473177322717184', '004', '73201', '2021-12-13 15:07:58'),
(3199, '1', '2021-02-21', 'Nurul', 'P1,P2,P9,', 'P1,P3,P4,P5,P7,', 'P1,', 'P5,', '99473177322717184', '004', '73201', '2021-12-13 15:07:58'),
(3200, '1', '2021-02-21', 'Hays', 'P1,P2,P5,P6,P7,P8,P9,', 'P7,', 'P1,P2,', 'P4,P5,', '99473177322717184', '004', '73201', '2021-12-13 15:07:58'),
(3201, '1', '2021-02-21', 'Aditya Santa ', 'P1,P2,P4,P5,P6,P7,P8,P9,', 'P1,P4,P6,P7,', 'P3,', 'P2,P4,P6,', '99473177322717184', '009', '20201', '2021-12-13 15:07:58'),
(3202, '1', '2021-02-21', 'Nafila ', 'P1,P2,P5,P9,', 'P1,P2,P3,P5,P6,P7,', 'P1,P2,P4,', 'P5,P6,', '99473177322717184', '007', '13201', '2021-12-13 15:07:58'),
(3203, '1', '2021-02-21', 'ARS', 'P1,P2,P4,P5,P7,', 'P2,P3,', 'P1,P3,', 'P5,', '99473177322717184', '007', '13201', '2021-12-13 15:07:58'),
(3204, '1', '2021-02-21', 'Nida', 'P1,P2,P4,P5,P7,P8,P9,', 'P1,P3,', 'P1,P2,P3,', 'P4,', '99473177322717184', '009', '41221', '2021-12-13 15:07:58'),
(3205, '1', '2021-02-21', 'Oriza Abidharma', 'P1,P2,P4,P9,', 'P1,P2,P3,P4,P5,', 'P1,P2,P3,', 'P4,', '99473177322717184', '009', '41221', '2021-12-13 15:07:58'),
(3206, '1', '2021-02-21', 'Rini Nursanti', 'P1,P2,P4,P7,', 'P2,P3,P5,', 'P1,P2,P3,P4,', 'P5,', '99473177322717184', '009', '26201', '2021-12-13 15:07:58'),
(3207, '1', '2021-02-21', 'Nabila', 'P1,P2,P4,P5,P6,P7,P8,P9,', 'P1,P2,P5,P6,P7,', 'P1,', 'P4,', '99473177322717184', '009', '41221', '2021-12-13 15:07:58'),
(3208, '1', '2021-02-21', 'F', 'P1,P2,P5,P8,P9,', 'P1,P2,P4,P6,P7,', 'P1,P2,P3,P4,', 'P5,', '99473177322717184', '009', '26201', '2021-12-13 15:07:58'),
(3209, '1', '2021-02-21', 'Adinda', 'P1,P2,P4,P5,P8,P9,', 'P1,P2,P3,P6,P7,', 'P3,', 'P5,', '99473177322717184', '009', '41221', '2021-12-13 15:07:58'),
(3210, '1', '2021-02-21', 'Rasyid', 'P1,P2,P5,P8,P9,', 'P1,P2,P3,P5,P6,P7,', 'P2,P3,P4,', 'P2,', '99473177322717184', '009', '41221', '2021-12-13 15:07:58'),
(3211, '1', '2021-02-21', 'Agum', 'P1,P2,P8,P9,', 'P1,P2,P3,P4,P5,P6,', 'P3,P4,', 'P5,', '99473177322717184', '009', '41221', '2021-12-13 15:07:58'),
(3212, '1', '2021-02-21', 'Helsi Yanti Handayani', 'P1,P2,P4,P5,P9,', 'P1,P2,P3,P4,P5,P6,P7,', 'P3,', 'P5,', '99473177322717184', '003', '74201', '2021-12-13 15:07:58'),
(3213, '1', '2021-02-21', 'alul', 'P1,P2,P3,P4,P6,P7,P8,P9,', 'P4,P7,', 'P4,', 'P2,P3,P4,P5,', '99473177322717184', '009', '26201', '2021-12-13 15:07:58'),
(3214, '1', '2021-02-21', 'Rasyid', 'P1,P2,P5,P8,P9,', 'P1,P2,P3,P5,P6,P7,', 'P2,P3,P4,', 'P2,', '99473177322717184', '009', '41221', '2021-12-13 15:07:58'),
(3215, '1', '2021-02-21', 'Rido Ramadhan', 'P1,P2,P4,P5,', 'P1,P2,', 'P2,P3,P4,', 'P2,P6,', '99473177322717184', '003', '74201', '2021-12-13 15:07:58'),
(3216, '1', '2021-02-21', 'Nabila', 'P1,P2,P4,P5,P6,P7,P8,P9,', 'P1,P2,P5,P6,P7,', 'P1,', 'P4,', '99473177322717184', '009', '41221', '2021-12-13 15:07:58'),
(3217, '1', '2021-02-21', 'I', 'P1,P2,P4,P5,P7,P9,', 'P1,P2,P3,P4,P6,P7,', 'P1,P2,P4,', 'P2,P4,', '99473177322717184', '009', '26201', '2021-12-13 15:07:58'),
(3218, '1', '2021-02-21', 'Fzzhrr', 'P1,P2,P4,P5,P7,P8,P9,', 'P1,P2,P3,P5,P6,', 'P2,P3,', 'P5,', '99473177322717184', '003', '74201', '2021-12-13 15:07:58'),
(3219, '1', '2021-02-21', 'Isman', 'P1,P2,P3,P5,P9,', 'P7,', 'P1,P3,', 'P2,P4,P5,P6,', '99473177322717184', '009', '41221', '2021-12-13 15:07:58'),
(3220, '1', '2021-02-21', 'FAA', 'P1,P2,P4,P5,P6,P9,', 'P1,P2,P3,P4,P5,P7,', 'P1,P3,', 'P2,P5,', '99473177322717184', '009', '26201', '2021-12-13 15:07:58'),
(3221, '1', '2021-02-21', 'Alviando', 'P1,P2,P7,P8,P9,', 'P4,P7,', 'P3,', 'P5,', '99473177322717184', '009', '26201', '2021-12-13 15:07:58'),
(3222, '1', '2021-02-21', 'Dwiky Sayfudin Huda', 'P1,P2,P4,P5,P6,P7,P8,P9,', 'P1,P2,P3,P4,P5,P6,P7,', 'P2,', 'P4,', '99473177322717184', '009', '26201', '2021-12-13 15:07:58'),
(3223, '1', '2021-02-21', 'Chairunisa Nindy Aqila ', 'P1,P2,P4,P5,P7,P8,P9,', 'P6,', 'P3,', 'P2,P4,P5,', '99473177322717184', '009', '41221', '2021-12-13 15:07:58'),
(3224, '1', '2021-02-21', 'Khairunnisa Indah Safitri', 'P1,P2,P4,P5,P6,P7,P8,P9,', 'P1,', 'P2,', 'P2,P3,P5,P6,', '99473177322717184', '009', '41221', '2021-12-13 15:07:58'),
(3225, '1', '2021-02-21', 'Rina Fatmawati', 'P1,P2,P4,P5,P7,P9,', 'P6,P7,', 'P3,P4,', 'P4,P6,', '99473177322717184', '009', '26201', '2021-12-13 15:07:58'),
(3226, '1', '2021-02-21', 'Arda Rospita Dewi', 'P1,P2,P4,P5,P6,P7,P8,P9,', 'P1,P2,P3,P6,P7,', 'P3,', 'P5,', '99473177322717184', '009', '41221', '2021-12-13 15:07:58'),
(3227, '1', '2021-02-21', 'Yayat Fahturrahman Labanu ', 'P1,P2,P5,P8,P9,', 'P4,P7,', 'P1,P3,', 'P5,', '99473177322717184', '009', '26201', '2021-12-13 15:07:58'),
(3228, '1', '2021-02-21', 'W', 'P1,P2,P4,P5,P6,P7,P8,P9,', 'P1,P2,P4,P7,', 'P1,P2,P3,P4,', 'P2,P3,P4,P5,P6,', '99473177322717184', '011', '46201', '2021-12-13 15:07:58'),
(3229, '1', '2021-02-21', 'CFU', 'P1,P2,P4,P5,P6,P7,P8,P9,', 'P1,P2,P3,P4,P5,P6,P7,', 'P3,', 'P5,', '99473177322717184', '008', '86207', '2021-12-13 15:07:58'),
(3230, '1', '2021-02-21', 'NW', 'P1,P2,P4,P5,P7,P9,', 'P1,P6,P7,', 'P2,P3,P4,', 'P4,', '99473177322717184', '011', '46201', '2021-12-13 15:07:58'),
(3231, '1', '2021-02-21', 'NW', 'P1,P2,P4,P5,P7,P9,', 'P1,P6,P7,', 'P2,P3,P4,', 'P4,', '99473177322717184', '011', '46201', '2021-12-13 15:07:58'),
(3232, '1', '2021-02-21', 'A', 'P1,P2,P4,P5,P7,P8,P9,', 'P2,P3,P4,P7,', 'P3,P4,', 'P3,', '99473177322717184', '011', '46201', '2021-12-13 15:07:58'),
(3233, '1', '2021-02-21', 'Ulan', 'P1,P2,P4,P5,P9,', 'P3,P4,P7,', 'P3,P4,', 'P2,P4,', '99473177322717184', '008', '86207', '2021-12-13 15:07:58'),
(3234, '1', '2021-02-21', 'Icha ayu viawati narizkia', 'P1,P2,P4,P6,P7,P8,P9,', 'P1,P2,P3,P4,P6,P7,', 'P1,P2,P3,', 'P3,P5,P6,', '99473177322717184', '011', '46201', '2021-12-13 15:07:58'),
(3235, '1', '2021-02-21', 'Rima Putri Cania', 'P1,P2,P4,P5,P7,P8,P9,', 'P1,P2,P3,P5,', 'P3,', 'P4,', '99473177322717184', '011', '46201', '2021-12-13 15:07:58'),
(3236, '1', '2021-02-21', 'Alfiatul Laila', 'P1,P2,P4,P5,P6,P7,P8,P9,', 'P1,P2,P3,P5,P6,P7,', 'P2,P3,', 'P5,', '99473177322717184', '011', '46201', '2021-12-13 15:07:58'),
(3237, '1', '2021-02-21', 'Sadam Risqi Ramdani', 'P1,P2,P4,P5,P7,P9,', 'P1,P2,P3,P4,P5,P6,P7,', 'P2,', 'P6,', '99473177322717184', '002', '93312', '2021-12-13 15:07:58'),
(3238, '1', '2021-02-21', 'Tafep', 'P1,P2,P4,P5,P9,', 'P6,P7,', 'P2,', 'P2,P3,P5,', '99473177322717184', '002', '93312', '2021-12-13 15:07:58'),
(3239, '1', '2021-02-21', 'Kumbang Arya Gumelar', 'P1,P2,P4,P5,P7,P8,P9,', 'P1,P2,P3,P4,P5,P6,P7,', 'P2,P3,P4,', 'P2,', '99473177322717184', '010', '79201', '2021-12-13 15:07:58'),
(3240, '1', '2021-02-21', 'Diandari', 'P1,P2,P4,P5,P6,P7,P8,', 'P1,P2,P4,P6,P7,', 'P3,P4,', 'P6,', '99473177322717184', '010', '79201', '2021-12-13 15:07:58'),
(3241, '1', '2021-02-21', 'Hertin', 'P1,P2,P4,P5,P7,P8,P9,', 'P1,P2,P3,P4,P5,P6,', 'P2,P3,P4,', 'P4,P5,', '99473177322717184', '002', '61101', '2021-12-13 15:07:58'),
(3242, '1', '2021-02-21', 'Pandu', 'P1,P2,P4,P9,', 'P1,', 'P2,P3,', 'P2,P4,', '99473177322717184', '010', '79201', '2021-12-13 15:07:58'),
(3243, '1', '2021-02-20', 'Ian', 'P1,P2,P4,P5,P9,', 'P2,P3,P4,P5,P6,P7,', 'P1,P2,P3,P4,', 'P3,', '99473177322717184', '010', '70201', '2021-12-13 15:07:58'),
(3244, '1', '2021-02-20', 'Ibrahim ', 'P1,P2,P4,P5,P7,P8,P9,', 'P2,P4,P5,P6,P7,', 'P2,P4,', 'P5,', '99473177322717184', '006', '11201', '2021-12-13 15:07:58'),
(3245, '1', '2021-02-20', 'Anggit Reza Pahlevi Ajmal Tsani', 'P1,P2,P4,P5,P7,P8,P9,', 'P1,P2,P3,P4,P5,P6,P7,', 'P2,P4,', 'P4,', '99473177322717184', '006', '11201', '2021-12-13 15:07:58'),
(3246, '1', '2021-02-20', 'Zz', 'P1,P2,P4,P6,P7,P8,P9,', 'P7,', 'P2,', 'P3,', '99473177322717184', '003', '74201', '2021-12-13 15:07:58'),
(3247, '1', '2021-02-20', 'MZM', 'P3,', 'P7,', 'P2,P3,P4,', 'P2,P3,P5,', '99473177322717184', '003', '74201', '2021-12-13 15:07:58'),
(3248, '1', '2021-02-20', 'Ir', 'P1,P2,P9,', 'P7,', 'P1,P2,P3,P4,', 'P2,P3,P4,P5,P6,', '99473177322717184', '003', '74201', '2021-12-13 15:07:58'),
(3249, '1', '2021-02-20', 'Naufal', 'P1,P2,P4,P5,P8,P9,', 'P1,P2,P3,P4,P5,P7,', 'P2,P4,', 'P5,', '99473177322717184', '003', '74201', '2021-12-13 15:07:58'),
(3250, '1', '2021-02-20', 'Erlang Bagus ', 'P1,P2,P5,P7,P8,P9,', 'P1,P2,P3,P4,P5,P6,P7,', 'P1,P2,P3,P4,', 'P2,', '99473177322717184', '003', '74201', '2021-12-13 15:07:58'),
(3251, '1', '2021-01-26', 'CC', 'P1,P2,P4,P5,P7,P9,', 'P1,P2,P5,P6,P7,', 'P1,', 'P2,', '99473177322717184', '008', '86201', '2021-12-13 15:07:58'),
(3252, NULL, '2021-12-13', 'Ervin Fikot M', 'P1,P2,P4,P5', 'P1,P2,P3,P4,P5', 'P1,P3,P5', 'P3', '286970wKYU8EVPutQXBarlbFThJCdI', '009', '55201', '2021-12-13 15:40:29');

-- --------------------------------------------------------

--
-- Struktur dari tabel `tbl_dataset_transit`
--

CREATE TABLE `tbl_dataset_transit` (
  `id_dataset` int(11) NOT NULL,
  `datetime_dataset` date DEFAULT NULL,
  `subyek_dataset` varchar(255) NOT NULL,
  `params1_dataset` text NOT NULL,
  `params2_dataset` text NOT NULL,
  `params3_dataset` text NOT NULL,
  `params4_dataset` text NOT NULL,
  `author_dataset` varchar(255) NOT NULL,
  `id_fakultas` varchar(50) DEFAULT NULL,
  `id_prodi` varchar(50) DEFAULT NULL,
  `created_dataset` timestamp NOT NULL DEFAULT current_timestamp()
) ENGINE=InnoDB DEFAULT CHARSET=utf8mb4;

-- --------------------------------------------------------

--
-- Struktur dari tabel `tbl_itemset1`
--

CREATE TABLE `tbl_itemset1` (
  `id_itemset1` int(11) NOT NULL,
  `id_proses` varchar(255) NOT NULL,
  `id_fakultas` varchar(50) DEFAULT NULL,
  `atribut` varchar(200) DEFAULT NULL,
  `jumlah` varchar(100) DEFAULT NULL,
  `support` varchar(100) DEFAULT NULL,
  `lolos` varchar(100) DEFAULT NULL
) ENGINE=InnoDB DEFAULT CHARSET=latin1;

--
-- Dumping data untuk tabel `tbl_itemset1`
--

INSERT INTO `tbl_itemset1` (`id_itemset1`, `id_proses`, `id_fakultas`, `atribut`, `jumlah`, `support`, `lolos`) VALUES
(1, '856379102', '001', 'P1', '1', '100', '0'),
(2, '856379102', '001', 'P2', '2', '100', '1'),
(3, '856379102', '001', 'P4', '3', '75', '1'),
(4, '856379102', '001', 'P5', '4', '80', '1'),
(5, '856379102', '001', 'P6', '4', '66.67', '1'),
(6, '856379102', '001', 'P7', '7', '100', '1'),
(7, '856379102', '001', 'P8', '7', '87.5', '1'),
(8, '856379102', '001', 'P9', '9', '100', '1'),
(9, '856379102', '002', 'P1', '53', '100', '1'),
(10, '856379102', '002', 'P2', '54', '100', '1'),
(11, '856379102', '002', 'P3', '8', '14.55', '1'),
(12, '856379102', '002', 'P4', '47', '83.93', '1'),
(13, '856379102', '002', 'P5', '48', '84.21', '1'),
(14, '856379102', '002', 'P6', '33', '56.9', '1'),
(15, '856379102', '002', 'P7', '53', '89.83', '1'),
(16, '856379102', '002', 'P8', '48', '80', '1'),
(17, '856379102', '002', 'P9', '59', '96.72', '1'),
(18, '856379102', '003', 'P1', '74', '100', '1'),
(19, '856379102', '003', 'P2', '75', '100', '1'),
(20, '856379102', '003', 'P3', '8', '10.53', '1'),
(21, '856379102', '003', 'P4', '64', '83.12', '1'),
(22, '856379102', '003', 'P5', '65', '83.33', '1'),
(23, '856379102', '003', 'P6', '41', '51.9', '1'),
(24, '856379102', '003', 'P7', '69', '86.25', '1'),
(25, '856379102', '003', 'P8', '58', '71.6', '1'),
(26, '856379102', '003', 'P9', '80', '97.56', '1'),
(27, '856379102', '004', 'P1', '100', '99.01', '1'),
(28, '856379102', '004', 'P2', '100', '98.04', '1'),
(29, '856379102', '004', 'P3', '11', '10.68', '1'),
(30, '856379102', '004', 'P4', '82', '78.85', '1'),
(31, '856379102', '004', 'P5', '83', '79.05', '1'),
(32, '856379102', '004', 'P6', '46', '43.4', '1'),
(33, '856379102', '004', 'P7', '85', '79.44', '1'),
(34, '856379102', '004', 'P8', '74', '68.52', '1'),
(35, '856379102', '004', 'P9', '103', '94.5', '1'),
(36, '856379102', '005', 'P1', '129', '98.47', '1'),
(37, '856379102', '005', 'P2', '129', '97.73', '1'),
(38, '856379102', '005', 'P3', '15', '11.28', '1'),
(39, '856379102', '005', 'P4', '98', '73.13', '1'),
(40, '856379102', '005', 'P5', '109', '80.74', '1'),
(41, '856379102', '005', 'P6', '54', '39.71', '1'),
(42, '856379102', '005', 'P7', '105', '76.64', '1'),
(43, '856379102', '005', 'P8', '90', '65.22', '1'),
(44, '856379102', '005', 'P9', '132', '94.96', '1'),
(45, '856379102', '006', 'P1', '163', '98.19', '1'),
(46, '856379102', '006', 'P2', '163', '97.6', '1'),
(47, '856379102', '006', 'P3', '15', '8.93', '1'),
(48, '856379102', '007', 'P1', '166', '98.22', '1'),
(49, '856379102', '007', 'P2', '166', '97.65', '1'),
(50, '856379102', '007', 'P3', '15', '8.77', '1'),
(51, '856379102', '007', 'P4', '133', '77.33', '1'),
(52, '856379102', '007', 'P5', '140', '80.92', '1'),
(53, '856379102', '007', 'P6', '75', '43.1', '1'),
(54, '856379102', '007', 'P7', '140', '80', '1'),
(55, '856379102', '007', 'P8', '120', '68.18', '1'),
(56, '856379102', '007', 'P9', '169', '95.48', '1'),
(57, '856379102', '008', 'P1', '199', '98.51', '1'),
(58, '856379102', '008', 'P2', '198', '97.54', '1'),
(59, '856379102', '008', 'P3', '18', '8.82', '1'),
(60, '856379102', '008', 'P4', '159', '77.56', '1'),
(61, '856379102', '008', 'P5', '168', '81.55', '1'),
(62, '856379102', '008', 'P6', '91', '43.96', '1'),
(63, '856379102', '008', 'P7', '170', '81.73', '1'),
(64, '856379102', '008', 'P8', '138', '66.03', '1'),
(65, '856379102', '008', 'P9', '200', '95.24', '1'),
(66, '856379102', '009', 'P1', '342', '98.84', '1'),
(67, '856379102', '009', 'P2', '337', '97.12', '1'),
(68, '856379102', '009', 'P3', '36', '10.34', '1'),
(69, '856379102', '009', 'P4', '276', '79.08', '1'),
(70, '856379102', '009', 'P5', '281', '80.29', '1'),
(71, '856379102', '009', 'P6', '158', '45.01', '1'),
(72, '856379102', '009', 'P7', '280', '79.55', '1'),
(73, '856379102', '009', 'P8', '230', '65.16', '1'),
(74, '856379102', '009', 'P9', '333', '94.07', '1'),
(75, '856379102', '010', 'P1', '402', '99.01', '1'),
(76, '856379102', '010', 'P2', '397', '97.54', '1'),
(77, '856379102', '010', 'P3', '41', '10.05', '1'),
(78, '856379102', '010', 'P4', '314', '76.77', '1'),
(79, '856379102', '010', 'P5', '326', '79.51', '1'),
(80, '856379102', '010', 'P6', '183', '44.53', '1'),
(81, '856379102', '010', 'P7', '325', '78.88', '1'),
(82, '856379102', '010', 'P8', '277', '67.07', '1'),
(83, '856379102', '010', 'P9', '388', '93.72', '1'),
(84, '856379102', '011', 'P1', '439', '98.87', '1'),
(85, '856379102', '011', 'P2', '435', '97.75', '1'),
(86, '856379102', '011', 'P3', '43', '9.64', '1'),
(87, '856379102', '011', 'P4', '340', '76.06', '1'),
(88, '856379102', '011', 'P5', '356', '79.46', '1'),
(89, '856379102', '011', 'P6', '197', '43.88', '1'),
(90, '856379102', '011', 'P7', '347', '77.11', '1'),
(91, '856379102', '011', 'P8', '302', '66.96', '1'),
(92, '856379102', '011', 'P9', '416', '92.04', '1'),
(93, '5467391082', '009', 'P1', '4', '80', '1'),
(94, '5467391082', '009', 'P2', '2', '40', '1'),
(95, '5467391082', '009', 'P3', '3', '60', '1'),
(96, '5467391082', '009', 'P4', '2', '40', '1'),
(97, '5467391082', '009', 'P5', '4', '80', '1');

-- --------------------------------------------------------

--
-- Struktur dari tabel `tbl_itemset2`
--

CREATE TABLE `tbl_itemset2` (
  `id_itemset2` int(11) NOT NULL,
  `id_proses` varchar(100) NOT NULL,
  `id_fakultas` varchar(50) DEFAULT NULL,
  `atribut1` varchar(200) DEFAULT NULL,
  `atribut2` varchar(200) DEFAULT NULL,
  `jumlah` int(11) DEFAULT NULL,
  `support` double DEFAULT NULL,
  `lolos` tinyint(4) DEFAULT NULL
) ENGINE=InnoDB DEFAULT CHARSET=latin1;

--
-- Dumping data untuk tabel `tbl_itemset2`
--

INSERT INTO `tbl_itemset2` (`id_itemset2`, `id_proses`, `id_fakultas`, `atribut1`, `atribut2`, `jumlah`, `support`, `lolos`) VALUES
(1, '856379102', '001', 'P2', 'P4', 2, 3.85, 1),
(2, '856379102', '001', 'P2', 'P5', 2, 3.85, 1),
(3, '856379102', '001', 'P2', 'P6', 2, 3.85, 1),
(4, '856379102', '001', 'P2', 'P7', 2, 3.85, 1),
(5, '856379102', '001', 'P2', 'P8', 2, 3.85, 1),
(6, '856379102', '001', 'P2', 'P9', 2, 3.85, 1),
(7, '856379102', '001', 'P4', 'P5', 2, 3.85, 1),
(8, '856379102', '001', 'P4', 'P6', 2, 3.85, 1),
(9, '856379102', '001', 'P4', 'P7', 2, 3.85, 1),
(10, '856379102', '001', 'P4', 'P8', 2, 3.85, 1),
(11, '856379102', '001', 'P4', 'P9', 2, 3.85, 1),
(12, '856379102', '001', 'P5', 'P6', 2, 3.85, 1),
(13, '856379102', '001', 'P5', 'P7', 2, 3.85, 1),
(14, '856379102', '001', 'P5', 'P8', 2, 3.85, 1),
(15, '856379102', '001', 'P5', 'P9', 2, 3.85, 1),
(16, '856379102', '001', 'P6', 'P7', 2, 3.85, 1),
(17, '856379102', '001', 'P6', 'P8', 2, 3.85, 1),
(18, '856379102', '001', 'P6', 'P9', 2, 3.85, 1),
(19, '856379102', '001', 'P7', 'P8', 2, 3.85, 1),
(20, '856379102', '001', 'P7', 'P9', 2, 3.85, 1),
(21, '856379102', '001', 'P8', 'P9', 2, 3.85, 1),
(22, '856379102', '002', 'P1', 'P2', 2, 9.52, 1),
(23, '856379102', '002', 'P1', 'P3', 1, 4.76, 0),
(24, '856379102', '002', 'P1', 'P4', 2, 9.52, 1),
(25, '856379102', '002', 'P1', 'P5', 2, 9.52, 1),
(26, '856379102', '002', 'P1', 'P6', 1, 4.76, 0),
(27, '856379102', '002', 'P1', 'P7', 2, 9.52, 1),
(28, '856379102', '002', 'P1', 'P8', 2, 9.52, 1),
(29, '856379102', '002', 'P1', 'P9', 2, 9.52, 1),
(30, '856379102', '002', 'P2', 'P3', 1, 4.76, 0),
(31, '856379102', '002', 'P2', 'P4', 2, 9.52, 1),
(32, '856379102', '002', 'P2', 'P5', 2, 9.52, 1),
(33, '856379102', '002', 'P2', 'P6', 1, 4.76, 0),
(34, '856379102', '002', 'P2', 'P7', 2, 9.52, 1),
(35, '856379102', '002', 'P2', 'P8', 2, 9.52, 1),
(36, '856379102', '002', 'P2', 'P9', 2, 9.52, 1),
(37, '856379102', '002', 'P3', 'P4', 1, 4.76, 0),
(38, '856379102', '002', 'P3', 'P5', 1, 4.76, 0),
(39, '856379102', '002', 'P3', 'P6', 0, 0, 0),
(40, '856379102', '002', 'P3', 'P7', 1, 4.76, 0),
(41, '856379102', '002', 'P3', 'P8', 1, 4.76, 0),
(42, '856379102', '002', 'P3', 'P9', 1, 4.76, 0),
(43, '856379102', '002', 'P4', 'P5', 2, 9.52, 1),
(44, '856379102', '002', 'P4', 'P6', 1, 4.76, 0),
(45, '856379102', '002', 'P4', 'P7', 2, 9.52, 1),
(46, '856379102', '002', 'P4', 'P8', 2, 9.52, 1),
(47, '856379102', '002', 'P4', 'P9', 2, 9.52, 1),
(48, '856379102', '002', 'P5', 'P6', 1, 4.76, 0),
(49, '856379102', '002', 'P5', 'P7', 2, 9.52, 1),
(50, '856379102', '002', 'P5', 'P8', 2, 9.52, 1),
(51, '856379102', '002', 'P5', 'P9', 2, 9.52, 1),
(52, '856379102', '002', 'P6', 'P7', 1, 4.76, 0),
(53, '856379102', '002', 'P6', 'P8', 1, 4.76, 0),
(54, '856379102', '002', 'P6', 'P9', 1, 4.76, 0),
(55, '856379102', '002', 'P7', 'P8', 2, 9.52, 1),
(56, '856379102', '002', 'P7', 'P9', 2, 9.52, 1),
(57, '856379102', '002', 'P8', 'P9', 2, 9.52, 1),
(58, '856379102', '003', 'P1', 'P2', 2, 7.41, 1),
(59, '856379102', '003', 'P1', 'P3', 1, 3.7, 0),
(60, '856379102', '003', 'P1', 'P4', 1, 3.7, 0),
(61, '856379102', '003', 'P1', 'P5', 2, 7.41, 1),
(62, '856379102', '003', 'P1', 'P6', 1, 3.7, 0),
(63, '856379102', '003', 'P1', 'P7', 2, 7.41, 1),
(64, '856379102', '003', 'P1', 'P8', 2, 7.41, 1),
(65, '856379102', '003', 'P1', 'P9', 2, 7.41, 1),
(66, '856379102', '003', 'P2', 'P3', 1, 3.7, 0),
(67, '856379102', '003', 'P2', 'P4', 1, 3.7, 0),
(68, '856379102', '003', 'P2', 'P5', 2, 7.41, 1),
(69, '856379102', '003', 'P2', 'P6', 1, 3.7, 0),
(70, '856379102', '003', 'P2', 'P7', 2, 7.41, 1),
(71, '856379102', '003', 'P2', 'P8', 2, 7.41, 1),
(72, '856379102', '003', 'P2', 'P9', 2, 7.41, 1),
(73, '856379102', '003', 'P3', 'P4', 0, 0, 0),
(74, '856379102', '003', 'P3', 'P5', 1, 3.7, 0),
(75, '856379102', '003', 'P3', 'P6', 0, 0, 0),
(76, '856379102', '003', 'P3', 'P7', 1, 3.7, 0),
(77, '856379102', '003', 'P3', 'P8', 1, 3.7, 0),
(78, '856379102', '003', 'P3', 'P9', 1, 3.7, 0),
(79, '856379102', '003', 'P4', 'P5', 1, 3.7, 0),
(80, '856379102', '003', 'P4', 'P6', 0, 0, 0),
(81, '856379102', '003', 'P4', 'P7', 1, 3.7, 0),
(82, '856379102', '003', 'P4', 'P8', 1, 3.7, 0),
(83, '856379102', '003', 'P4', 'P9', 1, 3.7, 0),
(84, '856379102', '003', 'P5', 'P6', 1, 3.7, 0),
(85, '856379102', '003', 'P5', 'P7', 2, 7.41, 1),
(86, '856379102', '003', 'P5', 'P8', 2, 7.41, 1),
(87, '856379102', '003', 'P5', 'P9', 2, 7.41, 1),
(88, '856379102', '003', 'P6', 'P7', 1, 3.7, 0),
(89, '856379102', '003', 'P6', 'P8', 1, 3.7, 0),
(90, '856379102', '003', 'P6', 'P9', 1, 3.7, 0),
(91, '856379102', '003', 'P7', 'P8', 2, 7.41, 1),
(92, '856379102', '003', 'P7', 'P9', 2, 7.41, 1),
(93, '856379102', '003', 'P8', 'P9', 2, 7.41, 1),
(94, '856379102', '004', 'P1', 'P2', 2, 6.67, 1),
(95, '856379102', '004', 'P1', 'P3', 1, 3.33, 0),
(96, '856379102', '004', 'P1', 'P4', 1, 3.33, 0),
(97, '856379102', '004', 'P1', 'P5', 2, 6.67, 1),
(98, '856379102', '004', 'P1', 'P6', 2, 6.67, 1),
(99, '856379102', '004', 'P1', 'P7', 2, 6.67, 1),
(100, '856379102', '004', 'P1', 'P8', 2, 6.67, 1),
(101, '856379102', '004', 'P1', 'P9', 2, 6.67, 1),
(102, '856379102', '004', 'P2', 'P3', 1, 3.33, 0),
(103, '856379102', '004', 'P2', 'P4', 1, 3.33, 0),
(104, '856379102', '004', 'P2', 'P5', 2, 6.67, 1),
(105, '856379102', '004', 'P2', 'P6', 2, 6.67, 1),
(106, '856379102', '004', 'P2', 'P7', 2, 6.67, 1),
(107, '856379102', '004', 'P2', 'P8', 2, 6.67, 1),
(108, '856379102', '004', 'P2', 'P9', 2, 6.67, 1),
(109, '856379102', '004', 'P3', 'P4', 0, 0, 0),
(110, '856379102', '004', 'P3', 'P5', 1, 3.33, 0),
(111, '856379102', '004', 'P3', 'P6', 1, 3.33, 0),
(112, '856379102', '004', 'P3', 'P7', 1, 3.33, 0),
(113, '856379102', '004', 'P3', 'P8', 1, 3.33, 0),
(114, '856379102', '004', 'P3', 'P9', 1, 3.33, 0),
(115, '856379102', '004', 'P4', 'P5', 1, 3.33, 0),
(116, '856379102', '004', 'P4', 'P6', 1, 3.33, 0),
(117, '856379102', '004', 'P4', 'P7', 1, 3.33, 0),
(118, '856379102', '004', 'P4', 'P8', 1, 3.33, 0),
(119, '856379102', '004', 'P4', 'P9', 1, 3.33, 0),
(120, '856379102', '004', 'P5', 'P6', 2, 6.67, 1),
(121, '856379102', '004', 'P5', 'P7', 2, 6.67, 1),
(122, '856379102', '004', 'P5', 'P8', 2, 6.67, 1),
(123, '856379102', '004', 'P5', 'P9', 2, 6.67, 1),
(124, '856379102', '004', 'P6', 'P7', 2, 6.67, 1),
(125, '856379102', '004', 'P6', 'P8', 2, 6.67, 1),
(126, '856379102', '004', 'P6', 'P9', 2, 6.67, 1),
(127, '856379102', '004', 'P7', 'P8', 2, 6.67, 1),
(128, '856379102', '004', 'P7', 'P9', 2, 6.67, 1),
(129, '856379102', '004', 'P8', 'P9', 2, 6.67, 1),
(130, '856379102', '005', 'P1', 'P2', 2, 5.71, 1),
(131, '856379102', '005', 'P1', 'P3', 1, 2.86, 0),
(132, '856379102', '005', 'P1', 'P4', 2, 5.71, 1),
(133, '856379102', '005', 'P1', 'P5', 2, 5.71, 1),
(134, '856379102', '005', 'P1', 'P6', 2, 5.71, 1),
(135, '856379102', '005', 'P1', 'P7', 2, 5.71, 1),
(136, '856379102', '005', 'P1', 'P8', 2, 5.71, 1),
(137, '856379102', '005', 'P1', 'P9', 2, 5.71, 1),
(138, '856379102', '005', 'P2', 'P3', 1, 2.86, 0),
(139, '856379102', '005', 'P2', 'P4', 2, 5.71, 1),
(140, '856379102', '005', 'P2', 'P5', 2, 5.71, 1),
(141, '856379102', '005', 'P2', 'P6', 2, 5.71, 1),
(142, '856379102', '005', 'P2', 'P7', 2, 5.71, 1),
(143, '856379102', '005', 'P2', 'P8', 2, 5.71, 1),
(144, '856379102', '005', 'P2', 'P9', 2, 5.71, 1),
(145, '856379102', '005', 'P3', 'P4', 1, 2.86, 0),
(146, '856379102', '005', 'P3', 'P5', 1, 2.86, 0),
(147, '856379102', '005', 'P3', 'P6', 1, 2.86, 0),
(148, '856379102', '005', 'P3', 'P7', 1, 2.86, 0),
(149, '856379102', '005', 'P3', 'P8', 1, 2.86, 0),
(150, '856379102', '005', 'P3', 'P9', 1, 2.86, 0),
(151, '856379102', '005', 'P4', 'P5', 2, 5.71, 1),
(152, '856379102', '005', 'P4', 'P6', 2, 5.71, 1),
(153, '856379102', '005', 'P4', 'P7', 2, 5.71, 1),
(154, '856379102', '005', 'P4', 'P8', 2, 5.71, 1),
(155, '856379102', '005', 'P4', 'P9', 2, 5.71, 1),
(156, '856379102', '005', 'P5', 'P6', 2, 5.71, 1),
(157, '856379102', '005', 'P5', 'P7', 2, 5.71, 1),
(158, '856379102', '005', 'P5', 'P8', 2, 5.71, 1),
(159, '856379102', '005', 'P5', 'P9', 2, 5.71, 1),
(160, '856379102', '005', 'P6', 'P7', 2, 5.71, 1),
(161, '856379102', '005', 'P6', 'P8', 2, 5.71, 1),
(162, '856379102', '005', 'P6', 'P9', 2, 5.71, 1),
(163, '856379102', '005', 'P7', 'P8', 2, 5.71, 1),
(164, '856379102', '005', 'P7', 'P9', 2, 5.71, 1),
(165, '856379102', '005', 'P8', 'P9', 2, 5.71, 1),
(166, '856379102', '006', 'P1', 'P2', 2, 66.67, 1),
(167, '856379102', '006', 'P1', 'P3', 1, 33.33, 0),
(168, '856379102', '006', 'P2', 'P3', 1, 33.33, 0),
(169, '856379102', '007', 'P1', 'P2', 2, 6.06, 1),
(170, '856379102', '007', 'P1', 'P3', 1, 3.03, 0),
(171, '856379102', '007', 'P1', 'P4', 2, 6.06, 1),
(172, '856379102', '007', 'P1', 'P5', 2, 6.06, 1),
(173, '856379102', '007', 'P1', 'P6', 1, 3.03, 0),
(174, '856379102', '007', 'P1', 'P7', 2, 6.06, 1),
(175, '856379102', '007', 'P1', 'P8', 1, 3.03, 0),
(176, '856379102', '007', 'P1', 'P9', 1, 3.03, 0),
(177, '856379102', '007', 'P2', 'P3', 1, 3.03, 0),
(178, '856379102', '007', 'P2', 'P4', 2, 6.06, 1),
(179, '856379102', '007', 'P2', 'P5', 2, 6.06, 1),
(180, '856379102', '007', 'P2', 'P6', 1, 3.03, 0),
(181, '856379102', '007', 'P2', 'P7', 2, 6.06, 1),
(182, '856379102', '007', 'P2', 'P8', 1, 3.03, 0),
(183, '856379102', '007', 'P2', 'P9', 1, 3.03, 0),
(184, '856379102', '007', 'P3', 'P4', 1, 3.03, 0),
(185, '856379102', '007', 'P3', 'P5', 1, 3.03, 0),
(186, '856379102', '007', 'P3', 'P6', 0, 0, 0),
(187, '856379102', '007', 'P3', 'P7', 1, 3.03, 0),
(188, '856379102', '007', 'P3', 'P8', 0, 0, 0),
(189, '856379102', '007', 'P3', 'P9', 0, 0, 0),
(190, '856379102', '007', 'P4', 'P5', 2, 6.06, 1),
(191, '856379102', '007', 'P4', 'P6', 1, 3.03, 0),
(192, '856379102', '007', 'P4', 'P7', 2, 6.06, 1),
(193, '856379102', '007', 'P4', 'P8', 1, 3.03, 0),
(194, '856379102', '007', 'P4', 'P9', 1, 3.03, 0),
(195, '856379102', '007', 'P5', 'P6', 1, 3.03, 0),
(196, '856379102', '007', 'P5', 'P7', 2, 6.06, 1),
(197, '856379102', '007', 'P5', 'P8', 1, 3.03, 0),
(198, '856379102', '007', 'P5', 'P9', 1, 3.03, 0),
(199, '856379102', '007', 'P6', 'P7', 1, 3.03, 0),
(200, '856379102', '007', 'P6', 'P8', 0, 0, 0),
(201, '856379102', '007', 'P6', 'P9', 0, 0, 0),
(202, '856379102', '007', 'P7', 'P8', 1, 3.03, 0),
(203, '856379102', '007', 'P7', 'P9', 1, 3.03, 0),
(204, '856379102', '007', 'P8', 'P9', 0, 0, 0),
(205, '856379102', '008', 'P1', 'P2', 2, 1.39, 1),
(206, '856379102', '008', 'P1', 'P3', 1, 0.69, 0),
(207, '856379102', '008', 'P1', 'P4', 2, 1.39, 1),
(208, '856379102', '008', 'P1', 'P5', 2, 1.39, 1),
(209, '856379102', '008', 'P1', 'P6', 1, 0.69, 0),
(210, '856379102', '008', 'P1', 'P7', 1, 0.69, 0),
(211, '856379102', '008', 'P1', 'P8', 1, 0.69, 0),
(212, '856379102', '008', 'P1', 'P9', 2, 1.39, 1),
(213, '856379102', '008', 'P2', 'P3', 1, 0.69, 0),
(214, '856379102', '008', 'P2', 'P4', 2, 1.39, 1),
(215, '856379102', '008', 'P2', 'P5', 2, 1.39, 1),
(216, '856379102', '008', 'P2', 'P6', 1, 0.69, 0),
(217, '856379102', '008', 'P2', 'P7', 1, 0.69, 0),
(218, '856379102', '008', 'P2', 'P8', 1, 0.69, 0),
(219, '856379102', '008', 'P2', 'P9', 2, 1.39, 1),
(220, '856379102', '008', 'P3', 'P4', 1, 0.69, 0),
(221, '856379102', '008', 'P3', 'P5', 1, 0.69, 0),
(222, '856379102', '008', 'P3', 'P6', 0, 0, 0),
(223, '856379102', '008', 'P3', 'P7', 0, 0, 0),
(224, '856379102', '008', 'P3', 'P8', 0, 0, 0),
(225, '856379102', '008', 'P3', 'P9', 1, 0.69, 0),
(226, '856379102', '008', 'P4', 'P5', 2, 1.39, 1),
(227, '856379102', '008', 'P4', 'P6', 1, 0.69, 0),
(228, '856379102', '008', 'P4', 'P7', 1, 0.69, 0),
(229, '856379102', '008', 'P4', 'P8', 1, 0.69, 0),
(230, '856379102', '008', 'P4', 'P9', 2, 1.39, 1),
(231, '856379102', '008', 'P5', 'P6', 1, 0.69, 0),
(232, '856379102', '008', 'P5', 'P7', 1, 0.69, 0),
(233, '856379102', '008', 'P5', 'P8', 1, 0.69, 0),
(234, '856379102', '008', 'P5', 'P9', 2, 1.39, 1),
(235, '856379102', '008', 'P6', 'P7', 0, 0, 0),
(236, '856379102', '008', 'P6', 'P8', 0, 0, 0),
(237, '856379102', '008', 'P6', 'P9', 1, 0.69, 0),
(238, '856379102', '008', 'P7', 'P8', 0, 0, 0),
(239, '856379102', '008', 'P7', 'P9', 1, 0.69, 0),
(240, '856379102', '008', 'P8', 'P9', 1, 0.69, 0),
(241, '856379102', '009', 'P1', 'P2', 2, 3.33, 1),
(242, '856379102', '009', 'P1', 'P3', 1, 1.67, 0),
(243, '856379102', '009', 'P1', 'P4', 1, 1.67, 0),
(244, '856379102', '009', 'P1', 'P5', 2, 3.33, 1),
(245, '856379102', '009', 'P1', 'P6', 1, 1.67, 0),
(246, '856379102', '009', 'P1', 'P7', 1, 1.67, 0),
(247, '856379102', '009', 'P1', 'P8', 2, 3.33, 1),
(248, '856379102', '009', 'P1', 'P9', 2, 3.33, 1),
(249, '856379102', '009', 'P2', 'P3', 1, 1.67, 0),
(250, '856379102', '009', 'P2', 'P4', 1, 1.67, 0),
(251, '856379102', '009', 'P2', 'P5', 2, 3.33, 1),
(252, '856379102', '009', 'P2', 'P6', 1, 1.67, 0),
(253, '856379102', '009', 'P2', 'P7', 1, 1.67, 0),
(254, '856379102', '009', 'P2', 'P8', 2, 3.33, 1),
(255, '856379102', '009', 'P2', 'P9', 2, 3.33, 1),
(256, '856379102', '009', 'P3', 'P4', 0, 0, 0),
(257, '856379102', '009', 'P3', 'P5', 1, 1.67, 0),
(258, '856379102', '009', 'P3', 'P6', 0, 0, 0),
(259, '856379102', '009', 'P3', 'P7', 0, 0, 0),
(260, '856379102', '009', 'P3', 'P8', 1, 1.67, 0),
(261, '856379102', '009', 'P3', 'P9', 1, 1.67, 0),
(262, '856379102', '009', 'P4', 'P5', 1, 1.67, 0),
(263, '856379102', '009', 'P4', 'P6', 0, 0, 0),
(264, '856379102', '009', 'P4', 'P7', 0, 0, 0),
(265, '856379102', '009', 'P4', 'P8', 1, 1.67, 0),
(266, '856379102', '009', 'P4', 'P9', 1, 1.67, 0),
(267, '856379102', '009', 'P5', 'P6', 1, 1.67, 0),
(268, '856379102', '009', 'P5', 'P7', 1, 1.67, 0),
(269, '856379102', '009', 'P5', 'P8', 2, 3.33, 1),
(270, '856379102', '009', 'P5', 'P9', 2, 3.33, 1),
(271, '856379102', '009', 'P6', 'P7', 0, 0, 0),
(272, '856379102', '009', 'P6', 'P8', 1, 1.67, 0),
(273, '856379102', '009', 'P6', 'P9', 1, 1.67, 0),
(274, '856379102', '009', 'P7', 'P8', 1, 1.67, 0),
(275, '856379102', '009', 'P7', 'P9', 1, 1.67, 0),
(276, '856379102', '009', 'P8', 'P9', 2, 3.33, 1),
(277, '856379102', '010', 'P1', 'P2', 2, 5.26, 1),
(278, '856379102', '010', 'P1', 'P3', 1, 2.63, 0),
(279, '856379102', '010', 'P1', 'P4', 2, 5.26, 1),
(280, '856379102', '010', 'P1', 'P5', 2, 5.26, 1),
(281, '856379102', '010', 'P1', 'P6', 1, 2.63, 0),
(282, '856379102', '010', 'P1', 'P7', 1, 2.63, 0),
(283, '856379102', '010', 'P1', 'P8', 1, 2.63, 0),
(284, '856379102', '010', 'P1', 'P9', 2, 5.26, 1),
(285, '856379102', '010', 'P2', 'P3', 1, 2.63, 0),
(286, '856379102', '010', 'P2', 'P4', 2, 5.26, 1),
(287, '856379102', '010', 'P2', 'P5', 2, 5.26, 1),
(288, '856379102', '010', 'P2', 'P6', 1, 2.63, 0),
(289, '856379102', '010', 'P2', 'P7', 1, 2.63, 0),
(290, '856379102', '010', 'P2', 'P8', 1, 2.63, 0),
(291, '856379102', '010', 'P2', 'P9', 2, 5.26, 1),
(292, '856379102', '010', 'P3', 'P4', 1, 2.63, 0),
(293, '856379102', '010', 'P3', 'P5', 1, 2.63, 0),
(294, '856379102', '010', 'P3', 'P6', 0, 0, 0),
(295, '856379102', '010', 'P3', 'P7', 0, 0, 0),
(296, '856379102', '010', 'P3', 'P8', 0, 0, 0),
(297, '856379102', '010', 'P3', 'P9', 1, 2.63, 0),
(298, '856379102', '010', 'P4', 'P5', 2, 5.26, 1),
(299, '856379102', '010', 'P4', 'P6', 1, 2.63, 0),
(300, '856379102', '010', 'P4', 'P7', 1, 2.63, 0),
(301, '856379102', '010', 'P4', 'P8', 1, 2.63, 0),
(302, '856379102', '010', 'P4', 'P9', 2, 5.26, 1),
(303, '856379102', '010', 'P5', 'P6', 1, 2.63, 0),
(304, '856379102', '010', 'P5', 'P7', 1, 2.63, 0),
(305, '856379102', '010', 'P5', 'P8', 1, 2.63, 0),
(306, '856379102', '010', 'P5', 'P9', 2, 5.26, 1),
(307, '856379102', '010', 'P6', 'P7', 0, 0, 0),
(308, '856379102', '010', 'P6', 'P8', 0, 0, 0),
(309, '856379102', '010', 'P6', 'P9', 1, 2.63, 0),
(310, '856379102', '010', 'P7', 'P8', 0, 0, 0),
(311, '856379102', '010', 'P7', 'P9', 1, 2.63, 0),
(312, '856379102', '010', 'P8', 'P9', 1, 2.63, 0),
(313, '856379102', '011', 'P1', 'P2', 2, 9.52, 1),
(314, '856379102', '011', 'P1', 'P3', 1, 4.76, 0),
(315, '856379102', '011', 'P1', 'P4', 2, 9.52, 1),
(316, '856379102', '011', 'P1', 'P5', 2, 9.52, 1),
(317, '856379102', '011', 'P1', 'P6', 2, 9.52, 1),
(318, '856379102', '011', 'P1', 'P7', 2, 9.52, 1),
(319, '856379102', '011', 'P1', 'P8', 2, 9.52, 1),
(320, '856379102', '011', 'P1', 'P9', 2, 9.52, 1),
(321, '856379102', '011', 'P2', 'P3', 1, 4.76, 0),
(322, '856379102', '011', 'P2', 'P4', 2, 9.52, 1),
(323, '856379102', '011', 'P2', 'P5', 2, 9.52, 1),
(324, '856379102', '011', 'P2', 'P6', 2, 9.52, 1),
(325, '856379102', '011', 'P2', 'P7', 2, 9.52, 1),
(326, '856379102', '011', 'P2', 'P8', 2, 9.52, 1),
(327, '856379102', '011', 'P2', 'P9', 2, 9.52, 1),
(328, '856379102', '011', 'P3', 'P4', 1, 4.76, 0),
(329, '856379102', '011', 'P3', 'P5', 1, 4.76, 0),
(330, '856379102', '011', 'P3', 'P6', 1, 4.76, 0),
(331, '856379102', '011', 'P3', 'P7', 1, 4.76, 0),
(332, '856379102', '011', 'P3', 'P8', 1, 4.76, 0),
(333, '856379102', '011', 'P3', 'P9', 1, 4.76, 0),
(334, '856379102', '011', 'P4', 'P5', 2, 9.52, 1),
(335, '856379102', '011', 'P4', 'P6', 2, 9.52, 1),
(336, '856379102', '011', 'P4', 'P7', 2, 9.52, 1),
(337, '856379102', '011', 'P4', 'P8', 2, 9.52, 1),
(338, '856379102', '011', 'P4', 'P9', 2, 9.52, 1),
(339, '856379102', '011', 'P5', 'P6', 2, 9.52, 1),
(340, '856379102', '011', 'P5', 'P7', 2, 9.52, 1),
(341, '856379102', '011', 'P5', 'P8', 2, 9.52, 1),
(342, '856379102', '011', 'P5', 'P9', 2, 9.52, 1),
(343, '856379102', '011', 'P6', 'P7', 2, 9.52, 1),
(344, '856379102', '011', 'P6', 'P8', 2, 9.52, 1),
(345, '856379102', '011', 'P6', 'P9', 2, 9.52, 1),
(346, '856379102', '011', 'P7', 'P8', 2, 9.52, 1),
(347, '856379102', '011', 'P7', 'P9', 2, 9.52, 1),
(348, '856379102', '011', 'P8', 'P9', 2, 9.52, 1),
(349, '5467391082', '009', 'P1', 'P2', 2, 50, 1),
(350, '5467391082', '009', 'P1', 'P3', 2, 50, 1),
(351, '5467391082', '009', 'P1', 'P4', 2, 50, 1),
(352, '5467391082', '009', 'P1', 'P5', 3, 75, 1),
(353, '5467391082', '009', 'P2', 'P3', 1, 25, 0),
(354, '5467391082', '009', 'P2', 'P4', 2, 50, 1),
(355, '5467391082', '009', 'P2', 'P5', 2, 50, 1),
(356, '5467391082', '009', 'P3', 'P4', 1, 25, 0),
(357, '5467391082', '009', 'P3', 'P5', 2, 50, 1),
(358, '5467391082', '009', 'P4', 'P5', 2, 50, 1);

-- --------------------------------------------------------

--
-- Struktur dari tabel `tbl_itemset3`
--

CREATE TABLE `tbl_itemset3` (
  `id_itemset3` int(11) NOT NULL,
  `id_proses` varchar(100) NOT NULL,
  `id_fakultas` varchar(50) DEFAULT NULL,
  `atribut1` varchar(200) DEFAULT NULL,
  `atribut2` varchar(200) DEFAULT NULL,
  `atribut3` varchar(200) DEFAULT NULL,
  `jumlah` int(11) DEFAULT NULL,
  `support` varchar(100) DEFAULT NULL,
  `lolos` int(1) DEFAULT NULL
) ENGINE=InnoDB DEFAULT CHARSET=latin1;

--
-- Dumping data untuk tabel `tbl_itemset3`
--

INSERT INTO `tbl_itemset3` (`id_itemset3`, `id_proses`, `id_fakultas`, `atribut1`, `atribut2`, `atribut3`, `jumlah`, `support`, `lolos`) VALUES
(1, '856379102', '001', 'P2', 'P4', 'P8', 248, '53.45', 1),
(2, '856379102', '001', 'P2', 'P5', 'P8', 258, '55.6', 1),
(3, '856379102', '001', 'P2', 'P6', 'P8', 185, '39.87', 1),
(4, '856379102', '001', 'P2', 'P7', 'P8', 273, '58.84', 1),
(5, '856379102', '001', 'P2', 'P8', 'P9', 297, '64.01', 1),
(6, '856379102', '001', 'P4', 'P5', 'P8', 218, '46.98', 1),
(7, '856379102', '001', 'P4', 'P6', 'P8', 162, '34.91', 1),
(8, '856379102', '001', 'P4', 'P7', 'P8', 234, '50.43', 1),
(9, '856379102', '001', 'P4', 'P8', 'P9', 244, '52.59', 1),
(10, '856379102', '001', 'P5', 'P6', 'P8', 159, '34.27', 1),
(11, '856379102', '001', 'P5', 'P7', 'P8', 233, '50.22', 1),
(12, '856379102', '001', 'P5', 'P8', 'P9', 252, '54.31', 1),
(13, '856379102', '001', 'P6', 'P7', 'P8', 182, '39.22', 1),
(14, '856379102', '001', 'P6', 'P8', 'P9', 181, '39.01', 1),
(15, '856379102', '001', 'P7', 'P8', 'P9', 268, '57.76', 1),
(16, '856379102', '002', 'P1', 'P2', 'P8', 308, '66.38', 1),
(17, '856379102', '002', 'P1', 'P4', 'P8', 250, '53.88', 1),
(18, '856379102', '002', 'P1', 'P5', 'P8', 259, '55.82', 1),
(19, '856379102', '002', 'P1', 'P7', 'P8', 275, '59.27', 1),
(20, '856379102', '002', 'P1', 'P8', 'P9', 299, '64.44', 1),
(21, '856379102', '004', 'P1', 'P6', 'P8', 186, '40.09', 1),
(22, '856379102', '007', 'P1', 'P2', 'P5', 365, '78.66', 1),
(23, '856379102', '007', 'P1', 'P4', 'P5', 302, '65.09', 1),
(24, '856379102', '007', 'P1', 'P5', 'P7', 296, '63.79', 1),
(25, '856379102', '007', 'P2', 'P4', 'P5', 299, '64.44', 1),
(26, '856379102', '007', 'P2', 'P5', 'P7', 294, '63.36', 1),
(27, '856379102', '007', 'P4', 'P5', 'P7', 255, '54.96', 1),
(28, '856379102', '008', 'P1', 'P5', 'P9', 349, '75.22', 1),
(29, '856379102', '008', 'P2', 'P5', 'P9', 347, '74.78', 1),
(30, '856379102', '008', 'P4', 'P5', 'P9', 288, '62.07', 1),
(31, '5467391082', '009', 'P1', 'P2', 'P4', 2, '50', 1),
(32, '5467391082', '009', 'P1', 'P3', 'P4', 1, '25', 0),
(33, '5467391082', '009', 'P1', 'P4', 'P5', 2, '50', 1),
(34, '5467391082', '009', 'P2', 'P3', 'P4', 1, '25', 0),
(35, '5467391082', '009', 'P2', 'P4', 'P5', 2, '50', 1),
(36, '5467391082', '009', 'P3', 'P4', 'P5', 1, '25', 0);

-- --------------------------------------------------------

--
-- Struktur dari tabel `tbl_konsultasi`
--

CREATE TABLE `tbl_konsultasi` (
  `id_konsultasi` varchar(255) NOT NULL,
  `subyek_konsultasi` varchar(255) NOT NULL,
  `params1_konsultasi` text DEFAULT NULL,
  `params2_konsultasi` text DEFAULT NULL,
  `params3_konsultasi` text DEFAULT NULL,
  `params4_konsultasi` text DEFAULT NULL,
  `author_konsultasi` varchar(255) NOT NULL,
  `status_konsultasi` int(1) NOT NULL,
  `created_konsultasi` timestamp NOT NULL DEFAULT current_timestamp()
) ENGINE=InnoDB DEFAULT CHARSET=utf8mb4;

--
-- Dumping data untuk tabel `tbl_konsultasi`
--

INSERT INTO `tbl_konsultasi` (`id_konsultasi`, `subyek_konsultasi`, `params1_konsultasi`, `params2_konsultasi`, `params3_konsultasi`, `params4_konsultasi`, `author_konsultasi`, `status_konsultasi`, `created_konsultasi`) VALUES
('97150248365421079368', 'Ervin Fikot M', 'P1,P2,P4,P5', 'P1,P2,P3,P4,P5', 'P1,P3,P5', 'P3', '286970wKYU8EVPutQXBarlbFThJCdI', 0, '2021-12-13 15:40:29');

-- --------------------------------------------------------

--
-- Struktur dari tabel `tbl_konsultasi_hasil`
--

CREATE TABLE `tbl_konsultasi_hasil` (
  `id_proses_hasil` int(11) NOT NULL,
  `id_proses` varchar(100) NOT NULL,
  `kombinasi1` varchar(255) DEFAULT NULL,
  `kombinasi2` varchar(255) DEFAULT NULL,
  `support_xUy` double DEFAULT NULL,
  `support_x` double DEFAULT NULL,
  `confidence` double DEFAULT NULL,
  `jumlah_a` int(11) DEFAULT NULL,
  `jumlah_b` int(11) DEFAULT NULL,
  `jumlah_ab` int(11) DEFAULT NULL,
  `px` double DEFAULT NULL,
  `py` double DEFAULT NULL,
  `pxuy` double DEFAULT NULL,
  `uji_lift` double DEFAULT NULL,
  `aturan_korelasi` varchar(255) NOT NULL,
  `iterasi` int(11) DEFAULT NULL COMMENT 'dari itemset 2/3',
  `lolos_proses_hasil` int(11) NOT NULL
) ENGINE=MyISAM DEFAULT CHARSET=latin1;

--
-- Dumping data untuk tabel `tbl_konsultasi_hasil`
--

INSERT INTO `tbl_konsultasi_hasil` (`id_proses_hasil`, `id_proses`, `kombinasi1`, `kombinasi2`, `support_xUy`, `support_x`, `confidence`, `jumlah_a`, `jumlah_b`, `jumlah_ab`, `px`, `py`, `pxuy`, `uji_lift`, `aturan_korelasi`, `iterasi`, `lolos_proses_hasil`) VALUES
(1, '5467391082', 'P1,P2', 'P4', 4, 4, 100, 1, 1, 1, 0.25, 0.25, 0.25, 4, 'Korelasi Positif', 3, 1),
(2, '5467391082', 'P4,P2', 'P1', 6, 2, 33.333333333333, 11, 11, 1, 2.75, 0.25, 0.25, 0.36363636363636, 'Korelasi Positif', 3, 1),
(3, '5467391082', 'P1,P4', 'P2', 4, 4, 100, 1, 1, 1, 0.25, 0.25, 0.25, 4, 'Korelasi Positif', 3, 1),
(4, '5467391082', 'P1,P3', 'P4', 4, 4, 100, 1, 1, 1, 0.25, 0.25, 0.25, 4, 'Korelasi Positif', 3, 1),
(5, '5467391082', 'P4,P3', 'P1', 5, 2, 40, 10, 10, 1, 2.5, 0.25, 0.25, 0.4, 'Korelasi Positif', 3, 1),
(6, '5467391082', 'P1,P4', 'P3', 5, 4, 80, 1, 1, 1, 0.25, 0.25, 0.25, 4, 'Korelasi Positif', 3, 1),
(7, '5467391082', 'P1,P4', 'P5', 6, 4, 66.666666666667, 1, 1, 1, 0.25, 0.25, 0.25, 4, 'Korelasi Positif', 3, 1),
(8, '5467391082', 'P5,P4', 'P1', 6, 4, 66.666666666667, 11, 11, 1, 2.75, 0.25, 0.25, 0.36363636363636, 'Korelasi Positif', 3, 1),
(9, '5467391082', 'P1,P5', 'P4', 5, 4, 80, 1, 1, 1, 0.25, 0.25, 0.25, 4, 'Korelasi Positif', 3, 1),
(10, '5467391082', 'P2,P3', 'P4', 3, 2, 66.666666666667, 1, 1, 1, 0.25, 0.25, 0.25, 4, 'Korelasi Positif', 3, 1),
(11, '5467391082', 'P4,P3', 'P2', 3, 2, 66.666666666667, 10, 10, 1, 2.5, 0.25, 0.25, 0.4, 'Korelasi Positif', 3, 1),
(12, '5467391082', 'P2,P4', 'P3', 5, 2, 40, 1, 1, 1, 0.25, 0.25, 0.25, 4, 'Korelasi Positif', 3, 1),
(13, '5467391082', 'P2,P4', 'P5', 6, 2, 33.333333333333, 1, 1, 1, 0.25, 0.25, 0.25, 4, 'Korelasi Positif', 3, 1),
(14, '5467391082', 'P5,P4', 'P2', 4, 4, 100, 11, 11, 1, 2.75, 0.25, 0.25, 0.36363636363636, 'Korelasi Positif', 3, 1),
(15, '5467391082', 'P2,P5', 'P4', 4, 2, 50, 1, 1, 1, 0.25, 0.25, 0.25, 4, 'Korelasi Positif', 3, 1),
(16, '5467391082', 'P3,P4', 'P5', 5, 3, 60, 1, 1, 1, 0.25, 0.25, 0.25, 4, 'Korelasi Positif', 3, 1),
(17, '5467391082', 'P5,P4', 'P3', 5, 4, 80, 11, 11, 1, 2.75, 0.25, 0.25, 0.36363636363636, 'Korelasi Positif', 3, 1),
(18, '5467391082', 'P3,P5', 'P4', 4, 3, 75, 1, 1, 1, 0.25, 0.25, 0.25, 4, 'Korelasi Positif', 3, 1);

-- --------------------------------------------------------

--
-- Struktur dari tabel `tbl_konsultasi_log`
--

CREATE TABLE `tbl_konsultasi_log` (
  `id_proses` varchar(255) NOT NULL,
  `id_konsultasi` varchar(255) NOT NULL,
  `min_support` int(11) NOT NULL,
  `min_confident` int(11) NOT NULL,
  `author_proses` varchar(255) NOT NULL,
  `status_proses` int(11) NOT NULL,
  `created_proses` timestamp NOT NULL DEFAULT current_timestamp()
) ENGINE=InnoDB DEFAULT CHARSET=utf8mb4;

--
-- Dumping data untuk tabel `tbl_konsultasi_log`
--

INSERT INTO `tbl_konsultasi_log` (`id_proses`, `id_konsultasi`, `min_support`, `min_confident`, `author_proses`, `status_proses`, `created_proses`) VALUES
('5467391082', '97150248365421079368', 1, 25, '286970wKYU8EVPutQXBarlbFThJCdI', 1, '2021-12-13 15:40:29');

-- --------------------------------------------------------

--
-- Struktur dari tabel `tbl_proses_analitik`
--

CREATE TABLE `tbl_proses_analitik` (
  `id_analitik` int(11) NOT NULL,
  `id_proses` varchar(50) NOT NULL,
  `id_fakultas` varchar(50) NOT NULL,
  `conf_analitik` varchar(50) NOT NULL,
  `predikat_analitik` varchar(5) NOT NULL,
  `created_analitik` timestamp NOT NULL DEFAULT current_timestamp()
) ENGINE=InnoDB DEFAULT CHARSET=utf8mb4;

--
-- Dumping data untuk tabel `tbl_proses_analitik`
--

INSERT INTO `tbl_proses_analitik` (`id_analitik`, `id_proses`, `id_fakultas`, `conf_analitik`, `predikat_analitik`, `created_analitik`) VALUES
(1, '856379102', '001', '61', 'D', '2021-12-13 15:08:17'),
(2, '856379102', '002', '67', 'D', '2021-12-13 15:08:17'),
(3, '856379102', '003', '72', 'D', '2021-12-13 15:08:17'),
(4, '856379102', '004', '73', 'D', '2021-12-13 15:08:17'),
(5, '856379102', '005', '74', 'D', '2021-12-13 15:08:17'),
(6, '856379102', '006', '100', 'E', '2021-12-13 15:08:17'),
(7, '856379102', '007', '60', 'C', '2021-12-13 15:08:17'),
(8, '856379102', '008', '63', 'D', '2021-12-13 15:08:17'),
(9, '856379102', '009', '72', 'D', '2021-12-13 15:08:17'),
(10, '856379102', '010', '73', 'D', '2021-12-13 15:08:17'),
(11, '856379102', '011', '73', 'D', '2021-12-13 15:08:17');

-- --------------------------------------------------------

--
-- Struktur dari tabel `tbl_proses_hasil`
--

CREATE TABLE `tbl_proses_hasil` (
  `id_proses_hasil` int(11) NOT NULL,
  `id_proses` int(11) NOT NULL,
  `id_fakultas` varchar(50) DEFAULT NULL,
  `kombinasi1` varchar(255) DEFAULT NULL,
  `kombinasi2` varchar(255) DEFAULT NULL,
  `support_xUy` double DEFAULT NULL,
  `support_x` double DEFAULT NULL,
  `confidence` double DEFAULT NULL,
  `jumlah_a` int(11) DEFAULT NULL,
  `jumlah_b` int(11) DEFAULT NULL,
  `jumlah_ab` int(11) DEFAULT NULL,
  `px` double DEFAULT NULL,
  `py` double DEFAULT NULL,
  `pxuy` double DEFAULT NULL,
  `uji_lift` double DEFAULT NULL,
  `aturan_korelasi` varchar(255) NOT NULL,
  `iterasi` int(11) DEFAULT NULL COMMENT 'dari itemset 2/3',
  `lolos_proses_hasil` int(11) NOT NULL
) ENGINE=MyISAM DEFAULT CHARSET=latin1;

--
-- Dumping data untuk tabel `tbl_proses_hasil`
--

INSERT INTO `tbl_proses_hasil` (`id_proses_hasil`, `id_proses`, `id_fakultas`, `kombinasi1`, `kombinasi2`, `support_xUy`, `support_x`, `confidence`, `jumlah_a`, `jumlah_b`, `jumlah_ab`, `px`, `py`, `pxuy`, `uji_lift`, `aturan_korelasi`, `iterasi`, `lolos_proses_hasil`) VALUES
(1, 856379102, '001', 'P8,P4', 'P2', 2, NULL, 0, 10, 10, 1, 0.19230769230769, 0.019230769230769, 0.019230769230769, 6, 'Korelasi Positif', 3, 0),
(2, 856379102, '001', 'P8,P5', 'P2', 2, NULL, 0, 10, 10, 1, 0.19230769230769, 0.019230769230769, 0.019230769230769, 6, 'Korelasi Positif', 3, 0),
(3, 856379102, '001', 'P8,P6', 'P2', 2, NULL, 0, 10, 10, 1, 0.19230769230769, 0.019230769230769, 0.019230769230769, 6, 'Korelasi Positif', 3, 0),
(4, 856379102, '001', 'P8,P7', 'P2', 2, NULL, 0, 10, 10, 1, 0.19230769230769, 0.019230769230769, 0.019230769230769, 6, 'Korelasi Positif', 3, 0),
(5, 856379102, '001', 'P9,P8', 'P2', 2, NULL, 0, 10, 10, 1, 0.19230769230769, 0.019230769230769, 0.019230769230769, 6, 'Korelasi Positif', 3, 0),
(6, 856379102, '001', 'P8,P5', 'P4', 2, NULL, 0, 10, 10, 1, 0.19230769230769, 0.019230769230769, 0.019230769230769, 6, 'Korelasi Positif', 3, 0),
(7, 856379102, '001', 'P8,P6', 'P4', 2, NULL, 0, 10, 10, 1, 0.19230769230769, 0.019230769230769, 0.019230769230769, 6, 'Korelasi Positif', 3, 0),
(8, 856379102, '001', 'P8,P7', 'P4', 2, NULL, 0, 10, 10, 1, 0.19230769230769, 0.019230769230769, 0.019230769230769, 6, 'Korelasi Positif', 3, 0),
(9, 856379102, '001', 'P9,P8', 'P4', 2, NULL, 0, 10, 10, 1, 0.19230769230769, 0.019230769230769, 0.019230769230769, 6, 'Korelasi Positif', 3, 0),
(10, 856379102, '001', 'P8,P6', 'P5', 2, NULL, 0, 10, 10, 1, 0.19230769230769, 0.019230769230769, 0.019230769230769, 6, 'Korelasi Positif', 3, 0),
(11, 856379102, '001', 'P8,P7', 'P5', 2, NULL, 0, 10, 10, 1, 0.19230769230769, 0.019230769230769, 0.019230769230769, 6, 'Korelasi Positif', 3, 0),
(12, 856379102, '001', 'P9,P8', 'P5', 2, NULL, 0, 10, 10, 1, 0.19230769230769, 0.019230769230769, 0.019230769230769, 6, 'Korelasi Positif', 3, 0),
(13, 856379102, '001', 'P8,P7', 'P6', 2, NULL, 0, 10, 10, 1, 0.19230769230769, 0.019230769230769, 0.019230769230769, 6, 'Korelasi Positif', 3, 0),
(14, 856379102, '001', 'P9,P8', 'P6', 2, NULL, 0, 10, 10, 1, 0.19230769230769, 0.019230769230769, 0.019230769230769, 6, 'Korelasi Positif', 3, 0),
(15, 856379102, '001', 'P9,P8', 'P7', 2, NULL, 0, 10, 10, 1, 0.19230769230769, 0.019230769230769, 0.019230769230769, 6, 'Korelasi Positif', 3, 0),
(16, 856379102, '001', 'P2', 'P4', 3, 2, 66.67, 1, 1, 1, 0.0003698224852071, 0.0003698224852071, 0.019230769230769, 1, 'Korelasi Positif', 2, 1),
(17, 856379102, '001', 'P4', 'P2', 2, 3, 75, 1, 1, 10, 0.0003698224852071, 0.0003698224852071, 0.19230769230769, 1, 'Korelasi Positif', 2, 1),
(18, 856379102, '001', 'P2', 'P5', 4, 2, 50, 1, 1, 1, 0.0003698224852071, 0.0003698224852071, 0.019230769230769, 1, 'Korelasi Positif', 2, 1),
(19, 856379102, '001', 'P5', 'P2', 2, 4, 100, 1, 1, 10, 0.0003698224852071, 0.0003698224852071, 0.19230769230769, 1, 'Korelasi Positif', 2, 1),
(20, 856379102, '001', 'P2', 'P6', 4, 2, 50, 1, 1, 1, 0.0003698224852071, 0.0003698224852071, 0.019230769230769, 1, 'Korelasi Positif', 2, 1),
(21, 856379102, '001', 'P6', 'P2', 2, 4, 100, 1, 1, 10, 0.0003698224852071, 0.0003698224852071, 0.19230769230769, 1, 'Korelasi Positif', 2, 1),
(22, 856379102, '001', 'P2', 'P7', 7, 2, 28.57, 1, 1, 1, 0.0003698224852071, 0.0003698224852071, 0.019230769230769, 1, 'Korelasi Positif', 2, 1),
(23, 856379102, '001', 'P7', 'P2', 2, 7, 175, 1, 1, 10, 0.0003698224852071, 0.0003698224852071, 0.19230769230769, 1, 'Korelasi Positif', 2, 1),
(24, 856379102, '001', 'P2', 'P8', 7, 2, 28.57, 1, 1, 1, 0.0003698224852071, 0.0003698224852071, 0.019230769230769, 1, 'Korelasi Positif', 2, 1),
(25, 856379102, '001', 'P8', 'P2', 2, 7, 175, 1, 1, 10, 0.0003698224852071, 0.0003698224852071, 0.19230769230769, 1, 'Korelasi Positif', 2, 1),
(26, 856379102, '001', 'P9', 'P2', 2, 9, 225, 1, 1, 10, 0.0003698224852071, 0.0003698224852071, 0.19230769230769, 1, 'Korelasi Positif', 2, 1),
(27, 856379102, '001', 'P4', 'P5', 4, 3, 75, 1, 1, 1, 0.0003698224852071, 0.0003698224852071, 0.019230769230769, 1, 'Korelasi Positif', 2, 1),
(28, 856379102, '001', 'P5', 'P4', 3, 4, 66.67, 1, 1, 10, 0.0003698224852071, 0.0003698224852071, 0.19230769230769, 1, 'Korelasi Positif', 2, 1),
(29, 856379102, '001', 'P4', 'P6', 4, 3, 75, 1, 1, 1, 0.0003698224852071, 0.0003698224852071, 0.019230769230769, 1, 'Korelasi Positif', 2, 1),
(30, 856379102, '001', 'P6', 'P4', 3, 4, 66.67, 1, 1, 10, 0.0003698224852071, 0.0003698224852071, 0.19230769230769, 1, 'Korelasi Positif', 2, 1),
(31, 856379102, '001', 'P4', 'P7', 7, 3, 42.86, 1, 1, 1, 0.0003698224852071, 0.0003698224852071, 0.019230769230769, 1, 'Korelasi Positif', 2, 1),
(32, 856379102, '001', 'P7', 'P4', 3, 7, 116.67, 1, 1, 10, 0.0003698224852071, 0.0003698224852071, 0.19230769230769, 1, 'Korelasi Positif', 2, 1),
(33, 856379102, '001', 'P4', 'P8', 7, 3, 42.86, 1, 1, 1, 0.0003698224852071, 0.0003698224852071, 0.019230769230769, 1, 'Korelasi Positif', 2, 1),
(34, 856379102, '001', 'P8', 'P4', 3, 7, 116.67, 1, 1, 10, 0.0003698224852071, 0.0003698224852071, 0.19230769230769, 1, 'Korelasi Positif', 2, 1),
(35, 856379102, '001', 'P4', 'P9', 9, 3, 33.33, 1, 1, 1, 0.0003698224852071, 0.0003698224852071, 0.019230769230769, 1, 'Korelasi Positif', 2, 1),
(36, 856379102, '001', 'P9', 'P4', 3, 9, 150, 1, 1, 10, 0.0003698224852071, 0.0003698224852071, 0.19230769230769, 1, 'Korelasi Positif', 2, 1),
(37, 856379102, '001', 'P5', 'P6', 4, 4, 100, 1, 1, 1, 0.0003698224852071, 0.0003698224852071, 0.019230769230769, 1, 'Korelasi Positif', 2, 1),
(38, 856379102, '001', 'P6', 'P5', 4, 4, 100, 1, 1, 10, 0.0003698224852071, 0.0003698224852071, 0.19230769230769, 1, 'Korelasi Positif', 2, 1),
(39, 856379102, '001', 'P5', 'P7', 7, 4, 57.14, 1, 1, 1, 0.0003698224852071, 0.0003698224852071, 0.019230769230769, 1, 'Korelasi Positif', 2, 1),
(40, 856379102, '001', 'P7', 'P5', 4, 7, 87.5, 1, 1, 10, 0.0003698224852071, 0.0003698224852071, 0.19230769230769, 1, 'Korelasi Positif', 2, 1),
(41, 856379102, '001', 'P5', 'P8', 7, 4, 57.14, 1, 1, 1, 0.0003698224852071, 0.0003698224852071, 0.019230769230769, 1, 'Korelasi Positif', 2, 1),
(42, 856379102, '001', 'P8', 'P5', 4, 7, 87.5, 1, 1, 10, 0.0003698224852071, 0.0003698224852071, 0.19230769230769, 1, 'Korelasi Positif', 2, 1),
(43, 856379102, '001', 'P5', 'P9', 9, 4, 44.44, 1, 1, 1, 0.0003698224852071, 0.0003698224852071, 0.019230769230769, 1, 'Korelasi Positif', 2, 1),
(44, 856379102, '001', 'P9', 'P5', 4, 9, 112.5, 1, 1, 10, 0.0003698224852071, 0.0003698224852071, 0.19230769230769, 1, 'Korelasi Positif', 2, 1),
(45, 856379102, '001', 'P6', 'P7', 7, 4, 57.14, 1, 1, 1, 0.0003698224852071, 0.0003698224852071, 0.019230769230769, 1, 'Korelasi Positif', 2, 1),
(46, 856379102, '001', 'P7', 'P6', 4, 7, 87.5, 1, 1, 10, 0.0003698224852071, 0.0003698224852071, 0.19230769230769, 1, 'Korelasi Positif', 2, 1),
(47, 856379102, '001', 'P6', 'P8', 7, 4, 57.14, 1, 1, 1, 0.0003698224852071, 0.0003698224852071, 0.019230769230769, 1, 'Korelasi Positif', 2, 1),
(48, 856379102, '001', 'P8', 'P6', 4, 7, 87.5, 1, 1, 10, 0.0003698224852071, 0.0003698224852071, 0.19230769230769, 1, 'Korelasi Positif', 2, 1),
(49, 856379102, '001', 'P6', 'P9', 9, 4, 44.44, 1, 1, 1, 0.0003698224852071, 0.0003698224852071, 0.019230769230769, 1, 'Korelasi Positif', 2, 1),
(50, 856379102, '001', 'P9', 'P6', 4, 9, 112.5, 1, 1, 10, 0.0003698224852071, 0.0003698224852071, 0.19230769230769, 1, 'Korelasi Positif', 2, 1),
(51, 856379102, '001', 'P7', 'P8', 7, 7, 100, 1, 1, 1, 0.0003698224852071, 0.0003698224852071, 0.019230769230769, 1, 'Korelasi Positif', 2, 1),
(52, 856379102, '001', 'P8', 'P7', 7, 7, 100, 1, 1, 10, 0.0003698224852071, 0.0003698224852071, 0.19230769230769, 1, 'Korelasi Positif', 2, 1),
(53, 856379102, '001', 'P7', 'P9', 9, 7, 77.78, 1, 1, 1, 0.0003698224852071, 0.0003698224852071, 0.019230769230769, 1, 'Korelasi Positif', 2, 1),
(54, 856379102, '001', 'P9', 'P7', 7, 9, 64.29, 1, 1, 10, 0.0003698224852071, 0.0003698224852071, 0.19230769230769, 1, 'Korelasi Positif', 2, 1),
(55, 856379102, '001', 'P8', 'P9', 9, 7, 77.78, 1, 1, 1, 0.0003698224852071, 0.0003698224852071, 0.019230769230769, 1, 'Korelasi Positif', 2, 1),
(56, 856379102, '001', 'P9', 'P8', 7, 9, 64.29, 1, 1, 10, 0.0003698224852071, 0.0003698224852071, 0.19230769230769, 1, 'Korelasi Positif', 2, 1),
(57, 856379102, '002', 'P8,P2', 'P1', 2, NULL, 0, 10, 10, 1, 0.47619047619048, 0.047619047619048, 0.047619047619048, 3, 'Korelasi Positif', 3, 0),
(58, 856379102, '002', 'P8,P4', 'P1', 2, NULL, 0, 10, 10, 1, 0.47619047619048, 0.047619047619048, 0.047619047619048, 3, 'Korelasi Positif', 3, 0),
(59, 856379102, '002', 'P8,P5', 'P1', 2, NULL, 0, 10, 10, 1, 0.47619047619048, 0.047619047619048, 0.047619047619048, 3, 'Korelasi Positif', 3, 0),
(60, 856379102, '002', 'P8,P7', 'P1', 2, NULL, 0, 10, 10, 1, 0.47619047619048, 0.047619047619048, 0.047619047619048, 3, 'Korelasi Positif', 3, 0),
(61, 856379102, '002', 'P9,P8', 'P1', 2, NULL, 0, 10, 10, 1, 0.47619047619048, 0.047619047619048, 0.047619047619048, 3, 'Korelasi Positif', 3, 0),
(62, 856379102, '002', 'P1', 'P2', 54, 53, 98.15, 1, 1, 1, 0.0022675736961451, 0.0022675736961451, 0.047619047619048, 9, 'Korelasi Positif', 2, 1),
(63, 856379102, '002', 'P2', 'P1', 53, 54, 50.94, 1, 1, 10, 0.0022675736961451, 0.0022675736961451, 0.47619047619048, 9, 'Korelasi Positif', 2, 1),
(64, 856379102, '002', 'P1', 'P4', 47, 53, 56.38, 1, 1, 1, 0.0022675736961451, 0.0022675736961451, 0.047619047619048, 9, 'Korelasi Positif', 2, 1),
(65, 856379102, '002', 'P4', 'P1', 53, 47, 88.68, 1, 1, 9, 0.0022675736961451, 0.0022675736961451, 0.42857142857143, 8, 'Korelasi Positif', 2, 1),
(66, 856379102, '002', 'P1', 'P5', 48, 53, 55.21, 1, 1, 1, 0.0022675736961451, 0.0022675736961451, 0.047619047619048, 9, 'Korelasi Positif', 2, 1),
(67, 856379102, '002', 'P5', 'P1', 53, 48, 90.57, 1, 1, 9, 0.0022675736961451, 0.0022675736961451, 0.42857142857143, 8, 'Korelasi Positif', 2, 1),
(68, 856379102, '002', 'P1', 'P7', 53, 53, 100, 1, 1, 1, 0.0022675736961451, 0.0022675736961451, 0.047619047619048, 9, 'Korelasi Positif', 2, 1),
(69, 856379102, '002', 'P7', 'P1', 53, 53, 100, 1, 1, 9, 0.0022675736961451, 0.0022675736961451, 0.42857142857143, 8, 'Korelasi Positif', 2, 1),
(70, 856379102, '002', 'P1', 'P8', 48, 53, 55.21, 1, 1, 1, 0.0022675736961451, 0.0022675736961451, 0.047619047619048, 9, 'Korelasi Positif', 2, 1),
(71, 856379102, '002', 'P8', 'P1', 53, 48, 90.57, 1, 1, 9, 0.0022675736961451, 0.0022675736961451, 0.42857142857143, 8, 'Korelasi Positif', 2, 1),
(72, 856379102, '002', 'P1', 'P9', 59, 53, 89.83, 1, 1, 1, 0.0022675736961451, 0.0022675736961451, 0.047619047619048, 9, 'Korelasi Positif', 2, 1),
(73, 856379102, '002', 'P9', 'P1', 53, 59, 55.66, 1, 1, 9, 0.0022675736961451, 0.0022675736961451, 0.42857142857143, 8, 'Korelasi Positif', 2, 1),
(74, 856379102, '002', 'P2', 'P4', 47, 54, 57.45, 1, 1, 1, 0.0022675736961451, 0.0022675736961451, 0.047619047619048, 9, 'Korelasi Positif', 2, 1),
(75, 856379102, '002', 'P4', 'P2', 54, 47, 87.04, 1, 1, 10, 0.0022675736961451, 0.0022675736961451, 0.47619047619048, 9, 'Korelasi Positif', 2, 1),
(76, 856379102, '002', 'P2', 'P5', 48, 54, 56.25, 1, 1, 1, 0.0022675736961451, 0.0022675736961451, 0.047619047619048, 9, 'Korelasi Positif', 2, 1),
(77, 856379102, '002', 'P5', 'P2', 54, 48, 88.89, 1, 1, 10, 0.0022675736961451, 0.0022675736961451, 0.47619047619048, 9, 'Korelasi Positif', 2, 1),
(78, 856379102, '002', 'P2', 'P7', 53, 54, 50.94, 1, 1, 1, 0.0022675736961451, 0.0022675736961451, 0.047619047619048, 9, 'Korelasi Positif', 2, 1),
(79, 856379102, '002', 'P7', 'P2', 54, 53, 98.15, 1, 1, 10, 0.0022675736961451, 0.0022675736961451, 0.47619047619048, 9, 'Korelasi Positif', 2, 1),
(80, 856379102, '002', 'P2', 'P8', 48, 54, 56.25, 1, 1, 1, 0.0022675736961451, 0.0022675736961451, 0.047619047619048, 9, 'Korelasi Positif', 2, 1),
(81, 856379102, '002', 'P8', 'P2', 54, 48, 88.89, 1, 1, 10, 0.0022675736961451, 0.0022675736961451, 0.47619047619048, 9, 'Korelasi Positif', 2, 1),
(82, 856379102, '002', 'P2', 'P9', 59, 54, 91.53, 1, 1, 1, 0.0022675736961451, 0.0022675736961451, 0.047619047619048, 9, 'Korelasi Positif', 2, 1),
(83, 856379102, '002', 'P9', 'P2', 54, 59, 54.63, 1, 1, 10, 0.0022675736961451, 0.0022675736961451, 0.47619047619048, 9, 'Korelasi Positif', 2, 1),
(84, 856379102, '002', 'P4', 'P5', 48, 47, 97.92, 1, 1, 1, 0.0022675736961451, 0.0022675736961451, 0.047619047619048, 9, 'Korelasi Positif', 2, 1),
(85, 856379102, '002', 'P5', 'P4', 47, 48, 51.06, 1, 1, 10, 0.0022675736961451, 0.0022675736961451, 0.47619047619048, 9, 'Korelasi Positif', 2, 1),
(86, 856379102, '002', 'P4', 'P7', 53, 47, 88.68, 1, 1, 1, 0.0022675736961451, 0.0022675736961451, 0.047619047619048, 9, 'Korelasi Positif', 2, 1),
(87, 856379102, '002', 'P7', 'P4', 47, 53, 56.38, 1, 1, 10, 0.0022675736961451, 0.0022675736961451, 0.47619047619048, 9, 'Korelasi Positif', 2, 1),
(88, 856379102, '002', 'P4', 'P8', 48, 47, 97.92, 1, 1, 1, 0.0022675736961451, 0.0022675736961451, 0.047619047619048, 9, 'Korelasi Positif', 2, 1),
(89, 856379102, '002', 'P8', 'P4', 47, 48, 51.06, 1, 1, 10, 0.0022675736961451, 0.0022675736961451, 0.47619047619048, 9, 'Korelasi Positif', 2, 1),
(90, 856379102, '002', 'P4', 'P9', 59, 47, 79.66, 1, 1, 1, 0.0022675736961451, 0.0022675736961451, 0.047619047619048, 9, 'Korelasi Positif', 2, 1),
(91, 856379102, '002', 'P9', 'P4', 47, 59, 62.77, 1, 1, 10, 0.0022675736961451, 0.0022675736961451, 0.47619047619048, 9, 'Korelasi Positif', 2, 1),
(92, 856379102, '002', 'P5', 'P7', 53, 48, 90.57, 1, 1, 1, 0.0022675736961451, 0.0022675736961451, 0.047619047619048, 9, 'Korelasi Positif', 2, 1),
(93, 856379102, '002', 'P7', 'P5', 48, 53, 55.21, 1, 1, 10, 0.0022675736961451, 0.0022675736961451, 0.47619047619048, 9, 'Korelasi Positif', 2, 1),
(94, 856379102, '002', 'P5', 'P8', 48, 48, 100, 1, 1, 1, 0.0022675736961451, 0.0022675736961451, 0.047619047619048, 9, 'Korelasi Positif', 2, 1),
(95, 856379102, '002', 'P8', 'P5', 48, 48, 100, 1, 1, 10, 0.0022675736961451, 0.0022675736961451, 0.47619047619048, 9, 'Korelasi Positif', 2, 1),
(96, 856379102, '002', 'P5', 'P9', 59, 48, 81.36, 1, 1, 1, 0.0022675736961451, 0.0022675736961451, 0.047619047619048, 9, 'Korelasi Positif', 2, 1),
(97, 856379102, '002', 'P9', 'P5', 48, 59, 61.46, 1, 1, 10, 0.0022675736961451, 0.0022675736961451, 0.47619047619048, 9, 'Korelasi Positif', 2, 1),
(98, 856379102, '002', 'P7', 'P8', 48, 53, 55.21, 1, 1, 1, 0.0022675736961451, 0.0022675736961451, 0.047619047619048, 9, 'Korelasi Positif', 2, 1),
(99, 856379102, '002', 'P8', 'P7', 53, 48, 90.57, 1, 1, 10, 0.0022675736961451, 0.0022675736961451, 0.47619047619048, 9, 'Korelasi Positif', 2, 1),
(100, 856379102, '002', 'P7', 'P9', 59, 53, 89.83, 1, 1, 1, 0.0022675736961451, 0.0022675736961451, 0.047619047619048, 9, 'Korelasi Positif', 2, 1),
(101, 856379102, '002', 'P9', 'P7', 53, 59, 55.66, 1, 1, 10, 0.0022675736961451, 0.0022675736961451, 0.47619047619048, 9, 'Korelasi Positif', 2, 1),
(102, 856379102, '002', 'P8', 'P9', 59, 48, 81.36, 1, 1, 1, 0.0022675736961451, 0.0022675736961451, 0.047619047619048, 9, 'Korelasi Positif', 2, 1),
(103, 856379102, '002', 'P9', 'P8', 48, 59, 61.46, 1, 1, 10, 0.0022675736961451, 0.0022675736961451, 0.47619047619048, 9, 'Korelasi Positif', 2, 1),
(104, 856379102, '003', 'P1', 'P2', 75, 74, 98.67, 1, 1, 1, 0.0013717421124829, 0.0013717421124829, 0.037037037037037, 1, 'Korelasi Positif', 2, 1),
(105, 856379102, '003', 'P2', 'P1', 74, 75, 50.68, 1, 1, 10, 0.0013717421124829, 0.0013717421124829, 0.37037037037037, 1, 'Korelasi Positif', 2, 1),
(106, 856379102, '003', 'P1', 'P5', 65, 74, 56.92, 1, 1, 1, 0.0013717421124829, 0.0013717421124829, 0.037037037037037, 1, 'Korelasi Positif', 2, 1),
(107, 856379102, '003', 'P5', 'P1', 74, 65, 87.84, 1, 1, 9, 0.0013717421124829, 0.0013717421124829, 0.33333333333333, 1, 'Korelasi Positif', 2, 1),
(108, 856379102, '003', 'P1', 'P7', 69, 74, 53.62, 1, 1, 1, 0.0013717421124829, 0.0013717421124829, 0.037037037037037, 1, 'Korelasi Positif', 2, 1),
(109, 856379102, '003', 'P7', 'P1', 74, 69, 93.24, 1, 1, 9, 0.0013717421124829, 0.0013717421124829, 0.33333333333333, 1, 'Korelasi Positif', 2, 1),
(110, 856379102, '003', 'P1', 'P8', 58, 74, 63.79, 1, 1, 1, 0.0013717421124829, 0.0013717421124829, 0.037037037037037, 1, 'Korelasi Positif', 2, 1),
(111, 856379102, '003', 'P8', 'P1', 74, 58, 78.38, 1, 1, 9, 0.0013717421124829, 0.0013717421124829, 0.33333333333333, 1, 'Korelasi Positif', 2, 1),
(112, 856379102, '003', 'P1', 'P9', 80, 74, 92.5, 1, 1, 1, 0.0013717421124829, 0.0013717421124829, 0.037037037037037, 1, 'Korelasi Positif', 2, 1),
(113, 856379102, '003', 'P9', 'P1', 74, 80, 54.05, 1, 1, 9, 0.0013717421124829, 0.0013717421124829, 0.33333333333333, 1, 'Korelasi Positif', 2, 1),
(114, 856379102, '003', 'P2', 'P5', 65, 75, 57.69, 1, 1, 1, 0.0013717421124829, 0.0013717421124829, 0.037037037037037, 1, 'Korelasi Positif', 2, 1),
(115, 856379102, '003', 'P5', 'P2', 75, 65, 86.67, 1, 1, 10, 0.0013717421124829, 0.0013717421124829, 0.37037037037037, 1, 'Korelasi Positif', 2, 1),
(116, 856379102, '003', 'P2', 'P7', 69, 75, 54.35, 1, 1, 1, 0.0013717421124829, 0.0013717421124829, 0.037037037037037, 1, 'Korelasi Positif', 2, 1),
(117, 856379102, '003', 'P7', 'P2', 75, 69, 92, 1, 1, 10, 0.0013717421124829, 0.0013717421124829, 0.37037037037037, 1, 'Korelasi Positif', 2, 1),
(118, 856379102, '003', 'P2', 'P8', 58, 75, 64.66, 1, 1, 1, 0.0013717421124829, 0.0013717421124829, 0.037037037037037, 1, 'Korelasi Positif', 2, 1),
(119, 856379102, '003', 'P8', 'P2', 75, 58, 77.33, 1, 1, 10, 0.0013717421124829, 0.0013717421124829, 0.37037037037037, 1, 'Korelasi Positif', 2, 1),
(120, 856379102, '003', 'P2', 'P9', 80, 75, 93.75, 1, 1, 1, 0.0013717421124829, 0.0013717421124829, 0.037037037037037, 1, 'Korelasi Positif', 2, 1),
(121, 856379102, '003', 'P9', 'P2', 75, 80, 53.33, 1, 1, 10, 0.0013717421124829, 0.0013717421124829, 0.37037037037037, 1, 'Korelasi Positif', 2, 1),
(122, 856379102, '003', 'P5', 'P7', 69, 65, 94.2, 1, 1, 1, 0.0013717421124829, 0.0013717421124829, 0.037037037037037, 1, 'Korelasi Positif', 2, 1),
(123, 856379102, '003', 'P7', 'P5', 65, 69, 53.08, 1, 1, 10, 0.0013717421124829, 0.0013717421124829, 0.37037037037037, 1, 'Korelasi Positif', 2, 1),
(124, 856379102, '003', 'P5', 'P8', 58, 65, 56.03, 1, 1, 1, 0.0013717421124829, 0.0013717421124829, 0.037037037037037, 1, 'Korelasi Positif', 2, 1),
(125, 856379102, '003', 'P8', 'P5', 65, 58, 89.23, 1, 1, 10, 0.0013717421124829, 0.0013717421124829, 0.37037037037037, 1, 'Korelasi Positif', 2, 1),
(126, 856379102, '003', 'P5', 'P9', 80, 65, 81.25, 1, 1, 1, 0.0013717421124829, 0.0013717421124829, 0.037037037037037, 1, 'Korelasi Positif', 2, 1),
(127, 856379102, '003', 'P9', 'P5', 65, 80, 61.54, 1, 1, 10, 0.0013717421124829, 0.0013717421124829, 0.37037037037037, 1, 'Korelasi Positif', 2, 1),
(128, 856379102, '003', 'P7', 'P8', 58, 69, 59.48, 1, 1, 1, 0.0013717421124829, 0.0013717421124829, 0.037037037037037, 1, 'Korelasi Positif', 2, 1),
(129, 856379102, '003', 'P8', 'P7', 69, 58, 84.06, 1, 1, 10, 0.0013717421124829, 0.0013717421124829, 0.37037037037037, 1, 'Korelasi Positif', 2, 1),
(130, 856379102, '003', 'P7', 'P9', 80, 69, 86.25, 1, 1, 1, 0.0013717421124829, 0.0013717421124829, 0.037037037037037, 1, 'Korelasi Positif', 2, 1),
(131, 856379102, '003', 'P9', 'P7', 69, 80, 57.97, 1, 1, 10, 0.0013717421124829, 0.0013717421124829, 0.37037037037037, 1, 'Korelasi Positif', 2, 1),
(132, 856379102, '003', 'P8', 'P9', 80, 58, 72.5, 1, 1, 1, 0.0013717421124829, 0.0013717421124829, 0.037037037037037, 1, 'Korelasi Positif', 2, 1),
(133, 856379102, '003', 'P9', 'P8', 58, 80, 68.97, 1, 1, 10, 0.0013717421124829, 0.0013717421124829, 0.37037037037037, 1, 'Korelasi Positif', 2, 1),
(134, 856379102, '004', 'P8,P6', 'P1', 2, NULL, 0, 10, 10, 1, 0.33333333333333, 0.033333333333333, 0.033333333333333, 4, 'Korelasi Positif', 3, 0),
(135, 856379102, '004', 'P1', 'P2', 100, 100, 100, 1, 1, 1, 0.0011111111111111, 0.0011111111111111, 0.033333333333333, 2, 'Korelasi Positif', 2, 1),
(136, 856379102, '004', 'P2', 'P1', 100, 100, 100, 1, 1, 10, 0.0011111111111111, 0.0011111111111111, 0.33333333333333, 2, 'Korelasi Positif', 2, 1),
(137, 856379102, '004', 'P1', 'P5', 83, 100, 60.24, 1, 1, 1, 0.0011111111111111, 0.0011111111111111, 0.033333333333333, 2, 'Korelasi Positif', 2, 1),
(138, 856379102, '004', 'P5', 'P1', 100, 83, 83, 1, 1, 9, 0.0011111111111111, 0.0011111111111111, 0.3, 2, 'Korelasi Positif', 2, 1),
(139, 856379102, '004', 'P1', 'P6', 46, 100, 108.7, 1, 1, 1, 0.0011111111111111, 0.0011111111111111, 0.033333333333333, 2, 'Korelasi Positif', 2, 1),
(140, 856379102, '004', 'P6', 'P1', 100, 46, 46, 1, 1, 9, 0.0011111111111111, 0.0011111111111111, 0.3, 2, 'Korelasi Positif', 2, 1),
(141, 856379102, '004', 'P1', 'P7', 85, 100, 58.82, 1, 1, 1, 0.0011111111111111, 0.0011111111111111, 0.033333333333333, 2, 'Korelasi Positif', 2, 1),
(142, 856379102, '004', 'P7', 'P1', 100, 85, 85, 1, 1, 9, 0.0011111111111111, 0.0011111111111111, 0.3, 2, 'Korelasi Positif', 2, 1),
(143, 856379102, '004', 'P1', 'P8', 74, 100, 67.57, 1, 1, 1, 0.0011111111111111, 0.0011111111111111, 0.033333333333333, 2, 'Korelasi Positif', 2, 1),
(144, 856379102, '004', 'P8', 'P1', 100, 74, 74, 1, 1, 9, 0.0011111111111111, 0.0011111111111111, 0.3, 2, 'Korelasi Positif', 2, 1),
(145, 856379102, '004', 'P1', 'P9', 103, 100, 97.09, 1, 1, 1, 0.0011111111111111, 0.0011111111111111, 0.033333333333333, 2, 'Korelasi Positif', 2, 1),
(146, 856379102, '004', 'P9', 'P1', 100, 103, 51.5, 1, 1, 9, 0.0011111111111111, 0.0011111111111111, 0.3, 2, 'Korelasi Positif', 2, 1),
(147, 856379102, '004', 'P2', 'P5', 83, 100, 60.24, 1, 1, 1, 0.0011111111111111, 0.0011111111111111, 0.033333333333333, 2, 'Korelasi Positif', 2, 1),
(148, 856379102, '004', 'P5', 'P2', 100, 83, 83, 1, 1, 10, 0.0011111111111111, 0.0011111111111111, 0.33333333333333, 2, 'Korelasi Positif', 2, 1),
(149, 856379102, '004', 'P2', 'P6', 46, 100, 108.7, 1, 1, 1, 0.0011111111111111, 0.0011111111111111, 0.033333333333333, 2, 'Korelasi Positif', 2, 1),
(150, 856379102, '004', 'P6', 'P2', 100, 46, 46, 1, 1, 10, 0.0011111111111111, 0.0011111111111111, 0.33333333333333, 2, 'Korelasi Positif', 2, 1),
(151, 856379102, '004', 'P2', 'P7', 85, 100, 58.82, 1, 1, 1, 0.0011111111111111, 0.0011111111111111, 0.033333333333333, 2, 'Korelasi Positif', 2, 1),
(152, 856379102, '004', 'P7', 'P2', 100, 85, 85, 1, 1, 10, 0.0011111111111111, 0.0011111111111111, 0.33333333333333, 2, 'Korelasi Positif', 2, 1),
(153, 856379102, '004', 'P2', 'P8', 74, 100, 67.57, 1, 1, 1, 0.0011111111111111, 0.0011111111111111, 0.033333333333333, 2, 'Korelasi Positif', 2, 1),
(154, 856379102, '004', 'P8', 'P2', 100, 74, 74, 1, 1, 10, 0.0011111111111111, 0.0011111111111111, 0.33333333333333, 2, 'Korelasi Positif', 2, 1),
(155, 856379102, '004', 'P2', 'P9', 103, 100, 97.09, 1, 1, 1, 0.0011111111111111, 0.0011111111111111, 0.033333333333333, 2, 'Korelasi Positif', 2, 1),
(156, 856379102, '004', 'P9', 'P2', 100, 103, 51.5, 1, 1, 10, 0.0011111111111111, 0.0011111111111111, 0.33333333333333, 2, 'Korelasi Positif', 2, 1),
(157, 856379102, '004', 'P5', 'P6', 46, 83, 90.22, 1, 1, 1, 0.0011111111111111, 0.0011111111111111, 0.033333333333333, 2, 'Korelasi Positif', 2, 1),
(158, 856379102, '004', 'P6', 'P5', 83, 46, 55.42, 1, 1, 10, 0.0011111111111111, 0.0011111111111111, 0.33333333333333, 2, 'Korelasi Positif', 2, 1),
(159, 856379102, '004', 'P5', 'P7', 85, 83, 97.65, 1, 1, 1, 0.0011111111111111, 0.0011111111111111, 0.033333333333333, 2, 'Korelasi Positif', 2, 1),
(160, 856379102, '004', 'P7', 'P5', 83, 85, 51.2, 1, 1, 10, 0.0011111111111111, 0.0011111111111111, 0.33333333333333, 2, 'Korelasi Positif', 2, 1),
(161, 856379102, '004', 'P5', 'P8', 74, 83, 56.08, 1, 1, 1, 0.0011111111111111, 0.0011111111111111, 0.033333333333333, 2, 'Korelasi Positif', 2, 1),
(162, 856379102, '004', 'P8', 'P5', 83, 74, 89.16, 1, 1, 10, 0.0011111111111111, 0.0011111111111111, 0.33333333333333, 2, 'Korelasi Positif', 2, 1),
(163, 856379102, '004', 'P5', 'P9', 103, 83, 80.58, 1, 1, 1, 0.0011111111111111, 0.0011111111111111, 0.033333333333333, 2, 'Korelasi Positif', 2, 1),
(164, 856379102, '004', 'P9', 'P5', 83, 103, 62.05, 1, 1, 10, 0.0011111111111111, 0.0011111111111111, 0.33333333333333, 2, 'Korelasi Positif', 2, 1),
(165, 856379102, '004', 'P6', 'P7', 85, 46, 54.12, 1, 1, 1, 0.0011111111111111, 0.0011111111111111, 0.033333333333333, 2, 'Korelasi Positif', 2, 1),
(166, 856379102, '004', 'P7', 'P6', 46, 85, 92.39, 1, 1, 10, 0.0011111111111111, 0.0011111111111111, 0.33333333333333, 2, 'Korelasi Positif', 2, 1),
(167, 856379102, '004', 'P6', 'P8', 74, 46, 62.16, 1, 1, 1, 0.0011111111111111, 0.0011111111111111, 0.033333333333333, 2, 'Korelasi Positif', 2, 1),
(168, 856379102, '004', 'P8', 'P6', 46, 74, 80.43, 1, 1, 10, 0.0011111111111111, 0.0011111111111111, 0.33333333333333, 2, 'Korelasi Positif', 2, 1),
(169, 856379102, '004', 'P6', 'P9', 103, 46, 44.66, 1, 1, 1, 0.0011111111111111, 0.0011111111111111, 0.033333333333333, 2, 'Korelasi Positif', 2, 1),
(170, 856379102, '004', 'P9', 'P6', 46, 103, 111.96, 1, 1, 10, 0.0011111111111111, 0.0011111111111111, 0.33333333333333, 2, 'Korelasi Positif', 2, 1),
(171, 856379102, '004', 'P7', 'P8', 74, 85, 57.43, 1, 1, 1, 0.0011111111111111, 0.0011111111111111, 0.033333333333333, 2, 'Korelasi Positif', 2, 1),
(172, 856379102, '004', 'P8', 'P7', 85, 74, 87.06, 1, 1, 10, 0.0011111111111111, 0.0011111111111111, 0.33333333333333, 2, 'Korelasi Positif', 2, 1),
(173, 856379102, '004', 'P7', 'P9', 103, 85, 82.52, 1, 1, 1, 0.0011111111111111, 0.0011111111111111, 0.033333333333333, 2, 'Korelasi Positif', 2, 1),
(174, 856379102, '004', 'P9', 'P7', 85, 103, 60.59, 1, 1, 10, 0.0011111111111111, 0.0011111111111111, 0.33333333333333, 2, 'Korelasi Positif', 2, 1),
(175, 856379102, '004', 'P8', 'P9', 103, 74, 71.84, 1, 1, 1, 0.0011111111111111, 0.0011111111111111, 0.033333333333333, 2, 'Korelasi Positif', 2, 1),
(176, 856379102, '004', 'P9', 'P8', 74, 103, 69.59, 1, 1, 10, 0.0011111111111111, 0.0011111111111111, 0.33333333333333, 2, 'Korelasi Positif', 2, 1),
(177, 856379102, '005', 'P1', 'P2', 129, 129, 100, 1, 1, 1, 0.00081632653061224, 0.00081632653061224, 0.028571428571429, 4, 'Korelasi Positif', 2, 1),
(178, 856379102, '005', 'P2', 'P1', 129, 129, 100, 1, 1, 10, 0.00081632653061224, 0.00081632653061224, 0.28571428571429, 4, 'Korelasi Positif', 2, 1),
(179, 856379102, '005', 'P1', 'P4', 98, 129, 65.82, 1, 1, 1, 0.00081632653061224, 0.00081632653061224, 0.028571428571429, 4, 'Korelasi Positif', 2, 1),
(180, 856379102, '005', 'P4', 'P1', 129, 98, 75.97, 1, 1, 9, 0.00081632653061224, 0.00081632653061224, 0.25714285714286, 3, 'Korelasi Positif', 2, 1),
(181, 856379102, '005', 'P1', 'P5', 109, 129, 59.17, 1, 1, 1, 0.00081632653061224, 0.00081632653061224, 0.028571428571429, 4, 'Korelasi Positif', 2, 1),
(182, 856379102, '005', 'P5', 'P1', 129, 109, 84.5, 1, 1, 9, 0.00081632653061224, 0.00081632653061224, 0.25714285714286, 3, 'Korelasi Positif', 2, 1),
(183, 856379102, '005', 'P1', 'P6', 54, 129, 119.44, 1, 1, 1, 0.00081632653061224, 0.00081632653061224, 0.028571428571429, 4, 'Korelasi Positif', 2, 1),
(184, 856379102, '005', 'P6', 'P1', 129, 54, 41.86, 1, 1, 9, 0.00081632653061224, 0.00081632653061224, 0.25714285714286, 3, 'Korelasi Positif', 2, 1),
(185, 856379102, '005', 'P1', 'P7', 105, 129, 61.43, 1, 1, 1, 0.00081632653061224, 0.00081632653061224, 0.028571428571429, 4, 'Korelasi Positif', 2, 1),
(186, 856379102, '005', 'P7', 'P1', 129, 105, 81.4, 1, 1, 9, 0.00081632653061224, 0.00081632653061224, 0.25714285714286, 3, 'Korelasi Positif', 2, 1),
(187, 856379102, '005', 'P1', 'P8', 90, 129, 71.67, 1, 1, 1, 0.00081632653061224, 0.00081632653061224, 0.028571428571429, 4, 'Korelasi Positif', 2, 1),
(188, 856379102, '005', 'P8', 'P1', 129, 90, 69.77, 1, 1, 9, 0.00081632653061224, 0.00081632653061224, 0.25714285714286, 3, 'Korelasi Positif', 2, 1),
(189, 856379102, '005', 'P1', 'P9', 132, 129, 97.73, 1, 1, 1, 0.00081632653061224, 0.00081632653061224, 0.028571428571429, 4, 'Korelasi Positif', 2, 1),
(190, 856379102, '005', 'P9', 'P1', 129, 132, 51.16, 1, 1, 9, 0.00081632653061224, 0.00081632653061224, 0.25714285714286, 3, 'Korelasi Positif', 2, 1),
(191, 856379102, '005', 'P2', 'P4', 98, 129, 65.82, 1, 1, 1, 0.00081632653061224, 0.00081632653061224, 0.028571428571429, 4, 'Korelasi Positif', 2, 1),
(192, 856379102, '005', 'P4', 'P2', 129, 98, 75.97, 1, 1, 10, 0.00081632653061224, 0.00081632653061224, 0.28571428571429, 4, 'Korelasi Positif', 2, 1),
(193, 856379102, '005', 'P2', 'P5', 109, 129, 59.17, 1, 1, 1, 0.00081632653061224, 0.00081632653061224, 0.028571428571429, 4, 'Korelasi Positif', 2, 1),
(194, 856379102, '005', 'P5', 'P2', 129, 109, 84.5, 1, 1, 10, 0.00081632653061224, 0.00081632653061224, 0.28571428571429, 4, 'Korelasi Positif', 2, 1),
(195, 856379102, '005', 'P2', 'P6', 54, 129, 119.44, 1, 1, 1, 0.00081632653061224, 0.00081632653061224, 0.028571428571429, 4, 'Korelasi Positif', 2, 1),
(196, 856379102, '005', 'P6', 'P2', 129, 54, 41.86, 1, 1, 10, 0.00081632653061224, 0.00081632653061224, 0.28571428571429, 4, 'Korelasi Positif', 2, 1),
(197, 856379102, '005', 'P2', 'P7', 105, 129, 61.43, 1, 1, 1, 0.00081632653061224, 0.00081632653061224, 0.028571428571429, 4, 'Korelasi Positif', 2, 1),
(198, 856379102, '005', 'P7', 'P2', 129, 105, 81.4, 1, 1, 10, 0.00081632653061224, 0.00081632653061224, 0.28571428571429, 4, 'Korelasi Positif', 2, 1),
(199, 856379102, '005', 'P2', 'P8', 90, 129, 71.67, 1, 1, 1, 0.00081632653061224, 0.00081632653061224, 0.028571428571429, 4, 'Korelasi Positif', 2, 1),
(200, 856379102, '005', 'P8', 'P2', 129, 90, 69.77, 1, 1, 10, 0.00081632653061224, 0.00081632653061224, 0.28571428571429, 4, 'Korelasi Positif', 2, 1),
(201, 856379102, '005', 'P2', 'P9', 132, 129, 97.73, 1, 1, 1, 0.00081632653061224, 0.00081632653061224, 0.028571428571429, 4, 'Korelasi Positif', 2, 1),
(202, 856379102, '005', 'P9', 'P2', 129, 132, 51.16, 1, 1, 10, 0.00081632653061224, 0.00081632653061224, 0.28571428571429, 4, 'Korelasi Positif', 2, 1),
(203, 856379102, '005', 'P4', 'P5', 109, 98, 89.91, 1, 1, 1, 0.00081632653061224, 0.00081632653061224, 0.028571428571429, 4, 'Korelasi Positif', 2, 1),
(204, 856379102, '005', 'P5', 'P4', 98, 109, 55.61, 1, 1, 10, 0.00081632653061224, 0.00081632653061224, 0.28571428571429, 4, 'Korelasi Positif', 2, 1),
(205, 856379102, '005', 'P4', 'P6', 54, 98, 90.74, 1, 1, 1, 0.00081632653061224, 0.00081632653061224, 0.028571428571429, 4, 'Korelasi Positif', 2, 1),
(206, 856379102, '005', 'P6', 'P4', 98, 54, 55.1, 1, 1, 10, 0.00081632653061224, 0.00081632653061224, 0.28571428571429, 4, 'Korelasi Positif', 2, 1),
(207, 856379102, '005', 'P4', 'P7', 105, 98, 93.33, 1, 1, 1, 0.00081632653061224, 0.00081632653061224, 0.028571428571429, 4, 'Korelasi Positif', 2, 1),
(208, 856379102, '005', 'P7', 'P4', 98, 105, 53.57, 1, 1, 10, 0.00081632653061224, 0.00081632653061224, 0.28571428571429, 4, 'Korelasi Positif', 2, 1),
(209, 856379102, '005', 'P4', 'P8', 90, 98, 54.44, 1, 1, 1, 0.00081632653061224, 0.00081632653061224, 0.028571428571429, 4, 'Korelasi Positif', 2, 1),
(210, 856379102, '005', 'P8', 'P4', 98, 90, 91.84, 1, 1, 10, 0.00081632653061224, 0.00081632653061224, 0.28571428571429, 4, 'Korelasi Positif', 2, 1),
(211, 856379102, '005', 'P4', 'P9', 132, 98, 74.24, 1, 1, 1, 0.00081632653061224, 0.00081632653061224, 0.028571428571429, 4, 'Korelasi Positif', 2, 1),
(212, 856379102, '005', 'P9', 'P4', 98, 132, 67.35, 1, 1, 10, 0.00081632653061224, 0.00081632653061224, 0.28571428571429, 4, 'Korelasi Positif', 2, 1),
(213, 856379102, '005', 'P5', 'P6', 54, 109, 100.93, 1, 1, 1, 0.00081632653061224, 0.00081632653061224, 0.028571428571429, 4, 'Korelasi Positif', 2, 1),
(214, 856379102, '005', 'P6', 'P5', 109, 54, 49.54, 1, 1, 10, 0.00081632653061224, 0.00081632653061224, 0.28571428571429, 4, 'Korelasi Positif', 2, 1),
(215, 856379102, '005', 'P5', 'P7', 105, 109, 51.9, 1, 1, 1, 0.00081632653061224, 0.00081632653061224, 0.028571428571429, 4, 'Korelasi Positif', 2, 1),
(216, 856379102, '005', 'P7', 'P5', 109, 105, 96.33, 1, 1, 10, 0.00081632653061224, 0.00081632653061224, 0.28571428571429, 4, 'Korelasi Positif', 2, 1),
(217, 856379102, '005', 'P5', 'P8', 90, 109, 60.56, 1, 1, 1, 0.00081632653061224, 0.00081632653061224, 0.028571428571429, 4, 'Korelasi Positif', 2, 1),
(218, 856379102, '005', 'P8', 'P5', 109, 90, 82.57, 1, 1, 10, 0.00081632653061224, 0.00081632653061224, 0.28571428571429, 4, 'Korelasi Positif', 2, 1),
(219, 856379102, '005', 'P5', 'P9', 132, 109, 82.58, 1, 1, 1, 0.00081632653061224, 0.00081632653061224, 0.028571428571429, 4, 'Korelasi Positif', 2, 1),
(220, 856379102, '005', 'P9', 'P5', 109, 132, 60.55, 1, 1, 10, 0.00081632653061224, 0.00081632653061224, 0.28571428571429, 4, 'Korelasi Positif', 2, 1),
(221, 856379102, '005', 'P6', 'P7', 105, 54, 51.43, 1, 1, 1, 0.00081632653061224, 0.00081632653061224, 0.028571428571429, 4, 'Korelasi Positif', 2, 1),
(222, 856379102, '005', 'P7', 'P6', 54, 105, 97.22, 1, 1, 10, 0.00081632653061224, 0.00081632653061224, 0.28571428571429, 4, 'Korelasi Positif', 2, 1),
(223, 856379102, '005', 'P6', 'P8', 90, 54, 60, 1, 1, 1, 0.00081632653061224, 0.00081632653061224, 0.028571428571429, 4, 'Korelasi Positif', 2, 1),
(224, 856379102, '005', 'P8', 'P6', 54, 90, 83.33, 1, 1, 10, 0.00081632653061224, 0.00081632653061224, 0.28571428571429, 4, 'Korelasi Positif', 2, 1),
(225, 856379102, '005', 'P6', 'P9', 132, 54, 40.91, 1, 1, 1, 0.00081632653061224, 0.00081632653061224, 0.028571428571429, 4, 'Korelasi Positif', 2, 1),
(226, 856379102, '005', 'P9', 'P6', 54, 132, 122.22, 1, 1, 10, 0.00081632653061224, 0.00081632653061224, 0.28571428571429, 4, 'Korelasi Positif', 2, 1),
(227, 856379102, '005', 'P7', 'P8', 90, 105, 58.33, 1, 1, 1, 0.00081632653061224, 0.00081632653061224, 0.028571428571429, 4, 'Korelasi Positif', 2, 1),
(228, 856379102, '005', 'P8', 'P7', 105, 90, 85.71, 1, 1, 10, 0.00081632653061224, 0.00081632653061224, 0.28571428571429, 4, 'Korelasi Positif', 2, 1),
(229, 856379102, '005', 'P7', 'P9', 132, 105, 79.55, 1, 1, 1, 0.00081632653061224, 0.00081632653061224, 0.028571428571429, 4, 'Korelasi Positif', 2, 1),
(230, 856379102, '005', 'P9', 'P7', 105, 132, 62.86, 1, 1, 10, 0.00081632653061224, 0.00081632653061224, 0.28571428571429, 4, 'Korelasi Positif', 2, 1),
(231, 856379102, '005', 'P8', 'P9', 132, 90, 68.18, 1, 1, 1, 0.00081632653061224, 0.00081632653061224, 0.028571428571429, 4, 'Korelasi Positif', 2, 1),
(232, 856379102, '005', 'P9', 'P8', 90, 132, 73.33, 1, 1, 10, 0.00081632653061224, 0.00081632653061224, 0.28571428571429, 4, 'Korelasi Positif', 2, 1),
(233, 856379102, '006', 'P1', 'P2', 163, 163, 100, 1, 1, 1, 0.11111111111111, 0.11111111111111, 0.33333333333333, 2, 'Korelasi Positif', 2, 1),
(234, 856379102, '006', 'P2', 'P1', 163, 163, 100, 1, 1, 10, 0.11111111111111, 0.11111111111111, 3.3333333333333, 2, 'Korelasi Positif', 2, 1),
(235, 856379102, '007', 'P5,P2', 'P1', 2, NULL, 0, 10, 10, 1, 0.3030303030303, 0.03030303030303, 0.03030303030303, 4, 'Korelasi Positif', 3, 0),
(236, 856379102, '007', 'P5,P4', 'P1', 2, NULL, 0, 10, 10, 1, 0.3030303030303, 0.03030303030303, 0.03030303030303, 4, 'Korelasi Positif', 3, 0),
(237, 856379102, '007', 'P7,P5', 'P1', 2, NULL, 0, 10, 10, 1, 0.3030303030303, 0.03030303030303, 0.03030303030303, 4, 'Korelasi Positif', 3, 0),
(238, 856379102, '007', 'P5,P4', 'P2', 2, NULL, 0, 10, 10, 1, 0.3030303030303, 0.03030303030303, 0.03030303030303, 4, 'Korelasi Positif', 3, 0),
(239, 856379102, '007', 'P7,P5', 'P2', 2, NULL, 0, 10, 10, 1, 0.3030303030303, 0.03030303030303, 0.03030303030303, 4, 'Korelasi Positif', 3, 0),
(240, 856379102, '007', 'P7,P5', 'P4', 2, NULL, 0, 10, 10, 1, 0.3030303030303, 0.03030303030303, 0.03030303030303, 4, 'Korelasi Positif', 3, 0),
(241, 856379102, '007', 'P1', 'P2', 166, 166, 100, 1, 1, 1, 0.00091827364554637, 0.00091827364554637, 0.03030303030303, 3, 'Korelasi Positif', 2, 1),
(242, 856379102, '007', 'P2', 'P1', 166, 166, 100, 1, 1, 10, 0.00091827364554637, 0.00091827364554637, 0.3030303030303, 3, 'Korelasi Positif', 2, 1),
(243, 856379102, '007', 'P1', 'P4', 133, 166, 62.41, 1, 1, 1, 0.00091827364554637, 0.00091827364554637, 0.03030303030303, 3, 'Korelasi Positif', 2, 1),
(244, 856379102, '007', 'P4', 'P1', 166, 133, 80.12, 1, 1, 9, 0.00091827364554637, 0.00091827364554637, 0.27272727272727, 3, 'Korelasi Positif', 2, 1),
(245, 856379102, '007', 'P1', 'P5', 140, 166, 59.29, 1, 1, 1, 0.00091827364554637, 0.00091827364554637, 0.03030303030303, 3, 'Korelasi Positif', 2, 1),
(246, 856379102, '007', 'P5', 'P1', 166, 140, 84.34, 1, 1, 9, 0.00091827364554637, 0.00091827364554637, 0.27272727272727, 3, 'Korelasi Positif', 2, 1),
(247, 856379102, '007', 'P1', 'P7', 140, 166, 59.29, 1, 1, 1, 0.00091827364554637, 0.00091827364554637, 0.03030303030303, 3, 'Korelasi Positif', 2, 1),
(248, 856379102, '007', 'P7', 'P1', 166, 140, 84.34, 1, 1, 9, 0.00091827364554637, 0.00091827364554637, 0.27272727272727, 3, 'Korelasi Positif', 2, 1),
(249, 856379102, '007', 'P2', 'P4', 133, 166, 62.41, 1, 1, 1, 0.00091827364554637, 0.00091827364554637, 0.03030303030303, 3, 'Korelasi Positif', 2, 1),
(250, 856379102, '007', 'P4', 'P2', 166, 133, 80.12, 1, 1, 10, 0.00091827364554637, 0.00091827364554637, 0.3030303030303, 3, 'Korelasi Positif', 2, 1),
(251, 856379102, '007', 'P2', 'P5', 140, 166, 59.29, 1, 1, 1, 0.00091827364554637, 0.00091827364554637, 0.03030303030303, 3, 'Korelasi Positif', 2, 1),
(252, 856379102, '007', 'P5', 'P2', 166, 140, 84.34, 1, 1, 10, 0.00091827364554637, 0.00091827364554637, 0.3030303030303, 3, 'Korelasi Positif', 2, 1),
(253, 856379102, '007', 'P2', 'P7', 140, 166, 59.29, 1, 1, 1, 0.00091827364554637, 0.00091827364554637, 0.03030303030303, 3, 'Korelasi Positif', 2, 1),
(254, 856379102, '007', 'P7', 'P2', 166, 140, 84.34, 1, 1, 10, 0.00091827364554637, 0.00091827364554637, 0.3030303030303, 3, 'Korelasi Positif', 2, 1),
(255, 856379102, '007', 'P4', 'P5', 140, 133, 95, 1, 1, 1, 0.00091827364554637, 0.00091827364554637, 0.03030303030303, 3, 'Korelasi Positif', 2, 1),
(256, 856379102, '007', 'P5', 'P4', 133, 140, 52.63, 1, 1, 10, 0.00091827364554637, 0.00091827364554637, 0.3030303030303, 3, 'Korelasi Positif', 2, 1),
(257, 856379102, '007', 'P4', 'P7', 140, 133, 95, 1, 1, 1, 0.00091827364554637, 0.00091827364554637, 0.03030303030303, 3, 'Korelasi Positif', 2, 1),
(258, 856379102, '007', 'P7', 'P4', 133, 140, 52.63, 1, 1, 10, 0.00091827364554637, 0.00091827364554637, 0.3030303030303, 3, 'Korelasi Positif', 2, 1),
(259, 856379102, '007', 'P5', 'P7', 140, 140, 100, 1, 1, 1, 0.00091827364554637, 0.00091827364554637, 0.03030303030303, 3, 'Korelasi Positif', 2, 1),
(260, 856379102, '007', 'P7', 'P5', 140, 140, 100, 1, 1, 10, 0.00091827364554637, 0.00091827364554637, 0.3030303030303, 3, 'Korelasi Positif', 2, 1),
(261, 856379102, '008', 'P9,P5', 'P1', 2, NULL, 0, 10, 10, 1, 0.069444444444444, 0.0069444444444444, 0.0069444444444444, 15, 'Korelasi Positif', 3, 0),
(262, 856379102, '008', 'P9,P5', 'P2', 2, NULL, 0, 10, 10, 1, 0.069444444444444, 0.0069444444444444, 0.0069444444444444, 15, 'Korelasi Positif', 3, 0),
(263, 856379102, '008', 'P9,P5', 'P4', 2, NULL, 0, 10, 10, 1, 0.069444444444444, 0.0069444444444444, 0.0069444444444444, 15, 'Korelasi Positif', 3, 0),
(264, 856379102, '008', 'P1', 'P2', 198, 199, 50.25, 1, 1, 1, 0.000048225308641975, 0.000048225308641975, 0.0069444444444444, 2, 'Korelasi Positif', 2, 1),
(265, 856379102, '008', 'P2', 'P1', 199, 198, 99.5, 1, 1, 10, 0.000048225308641975, 0.000048225308641975, 0.069444444444444, 2, 'Korelasi Positif', 2, 1),
(266, 856379102, '008', 'P1', 'P4', 159, 199, 62.58, 1, 1, 1, 0.000048225308641975, 0.000048225308641975, 0.0069444444444444, 2, 'Korelasi Positif', 2, 1),
(267, 856379102, '008', 'P4', 'P1', 199, 159, 79.9, 1, 1, 9, 0.000048225308641975, 0.000048225308641975, 0.0625, 2, 'Korelasi Positif', 2, 1),
(268, 856379102, '008', 'P1', 'P5', 168, 199, 59.23, 1, 1, 1, 0.000048225308641975, 0.000048225308641975, 0.0069444444444444, 2, 'Korelasi Positif', 2, 1),
(269, 856379102, '008', 'P5', 'P1', 199, 168, 84.42, 1, 1, 9, 0.000048225308641975, 0.000048225308641975, 0.0625, 2, 'Korelasi Positif', 2, 1),
(270, 856379102, '008', 'P1', 'P9', 200, 199, 99.5, 1, 1, 1, 0.000048225308641975, 0.000048225308641975, 0.0069444444444444, 2, 'Korelasi Positif', 2, 1),
(271, 856379102, '008', 'P9', 'P1', 199, 200, 50.25, 1, 1, 9, 0.000048225308641975, 0.000048225308641975, 0.0625, 2, 'Korelasi Positif', 2, 1),
(272, 856379102, '008', 'P2', 'P4', 159, 198, 62.26, 1, 1, 1, 0.000048225308641975, 0.000048225308641975, 0.0069444444444444, 2, 'Korelasi Positif', 2, 1),
(273, 856379102, '008', 'P4', 'P2', 198, 159, 80.3, 1, 1, 10, 0.000048225308641975, 0.000048225308641975, 0.069444444444444, 2, 'Korelasi Positif', 2, 1),
(274, 856379102, '008', 'P2', 'P5', 168, 198, 58.93, 1, 1, 1, 0.000048225308641975, 0.000048225308641975, 0.0069444444444444, 2, 'Korelasi Positif', 2, 1),
(275, 856379102, '008', 'P5', 'P2', 198, 168, 84.85, 1, 1, 10, 0.000048225308641975, 0.000048225308641975, 0.069444444444444, 2, 'Korelasi Positif', 2, 1),
(276, 856379102, '008', 'P2', 'P9', 200, 198, 99, 1, 1, 1, 0.000048225308641975, 0.000048225308641975, 0.0069444444444444, 2, 'Korelasi Positif', 2, 1),
(277, 856379102, '008', 'P9', 'P2', 198, 200, 50.51, 1, 1, 10, 0.000048225308641975, 0.000048225308641975, 0.069444444444444, 2, 'Korelasi Positif', 2, 1),
(278, 856379102, '008', 'P4', 'P5', 168, 159, 94.64, 1, 1, 1, 0.000048225308641975, 0.000048225308641975, 0.0069444444444444, 2, 'Korelasi Positif', 2, 1),
(279, 856379102, '008', 'P5', 'P4', 159, 168, 52.83, 1, 1, 10, 0.000048225308641975, 0.000048225308641975, 0.069444444444444, 2, 'Korelasi Positif', 2, 1),
(280, 856379102, '008', 'P4', 'P9', 200, 159, 79.5, 1, 1, 1, 0.000048225308641975, 0.000048225308641975, 0.0069444444444444, 2, 'Korelasi Positif', 2, 1),
(281, 856379102, '008', 'P9', 'P4', 159, 200, 62.89, 1, 1, 10, 0.000048225308641975, 0.000048225308641975, 0.069444444444444, 2, 'Korelasi Positif', 2, 1),
(282, 856379102, '008', 'P5', 'P9', 200, 168, 84, 1, 1, 1, 0.000048225308641975, 0.000048225308641975, 0.0069444444444444, 2, 'Korelasi Positif', 2, 1),
(283, 856379102, '008', 'P9', 'P5', 168, 200, 59.52, 1, 1, 10, 0.000048225308641975, 0.000048225308641975, 0.069444444444444, 2, 'Korelasi Positif', 2, 1),
(284, 856379102, '009', 'P1', 'P2', 337, 342, 50.74, 1, 1, 1, 0.00027777777777778, 0.00027777777777778, 0.016666666666667, 2, 'Korelasi Positif', 2, 1),
(285, 856379102, '009', 'P2', 'P1', 342, 337, 98.54, 1, 1, 10, 0.00027777777777778, 0.00027777777777778, 0.16666666666667, 2, 'Korelasi Positif', 2, 1),
(286, 856379102, '009', 'P1', 'P5', 281, 342, 60.85, 1, 1, 1, 0.00027777777777778, 0.00027777777777778, 0.016666666666667, 2, 'Korelasi Positif', 2, 1),
(287, 856379102, '009', 'P5', 'P1', 342, 281, 82.16, 1, 1, 9, 0.00027777777777778, 0.00027777777777778, 0.15, 1, 'Korelasi Positif', 2, 1),
(288, 856379102, '009', 'P1', 'P8', 230, 342, 74.35, 1, 1, 1, 0.00027777777777778, 0.00027777777777778, 0.016666666666667, 2, 'Korelasi Positif', 2, 1),
(289, 856379102, '009', 'P8', 'P1', 342, 230, 67.25, 1, 1, 9, 0.00027777777777778, 0.00027777777777778, 0.15, 1, 'Korelasi Positif', 2, 1),
(290, 856379102, '009', 'P1', 'P9', 333, 342, 51.35, 1, 1, 1, 0.00027777777777778, 0.00027777777777778, 0.016666666666667, 2, 'Korelasi Positif', 2, 1),
(291, 856379102, '009', 'P9', 'P1', 342, 333, 97.37, 1, 1, 9, 0.00027777777777778, 0.00027777777777778, 0.15, 1, 'Korelasi Positif', 2, 1),
(292, 856379102, '009', 'P2', 'P5', 281, 337, 59.96, 1, 1, 1, 0.00027777777777778, 0.00027777777777778, 0.016666666666667, 2, 'Korelasi Positif', 2, 1),
(293, 856379102, '009', 'P5', 'P2', 337, 281, 83.38, 1, 1, 10, 0.00027777777777778, 0.00027777777777778, 0.16666666666667, 2, 'Korelasi Positif', 2, 1),
(294, 856379102, '009', 'P2', 'P8', 230, 337, 73.26, 1, 1, 1, 0.00027777777777778, 0.00027777777777778, 0.016666666666667, 2, 'Korelasi Positif', 2, 1),
(295, 856379102, '009', 'P8', 'P2', 337, 230, 68.25, 1, 1, 10, 0.00027777777777778, 0.00027777777777778, 0.16666666666667, 2, 'Korelasi Positif', 2, 1),
(296, 856379102, '009', 'P2', 'P9', 333, 337, 50.6, 1, 1, 1, 0.00027777777777778, 0.00027777777777778, 0.016666666666667, 2, 'Korelasi Positif', 2, 1),
(297, 856379102, '009', 'P9', 'P2', 337, 333, 98.81, 1, 1, 10, 0.00027777777777778, 0.00027777777777778, 0.16666666666667, 2, 'Korelasi Positif', 2, 1),
(298, 856379102, '009', 'P5', 'P8', 230, 281, 61.09, 1, 1, 1, 0.00027777777777778, 0.00027777777777778, 0.016666666666667, 2, 'Korelasi Positif', 2, 1),
(299, 856379102, '009', 'P8', 'P5', 281, 230, 81.85, 1, 1, 10, 0.00027777777777778, 0.00027777777777778, 0.16666666666667, 2, 'Korelasi Positif', 2, 1),
(300, 856379102, '009', 'P5', 'P9', 333, 281, 84.38, 1, 1, 1, 0.00027777777777778, 0.00027777777777778, 0.016666666666667, 2, 'Korelasi Positif', 2, 1),
(301, 856379102, '009', 'P9', 'P5', 281, 333, 59.25, 1, 1, 10, 0.00027777777777778, 0.00027777777777778, 0.16666666666667, 2, 'Korelasi Positif', 2, 1),
(302, 856379102, '009', 'P8', 'P9', 333, 230, 69.07, 1, 1, 1, 0.00027777777777778, 0.00027777777777778, 0.016666666666667, 2, 'Korelasi Positif', 2, 1),
(303, 856379102, '009', 'P9', 'P8', 230, 333, 72.39, 1, 1, 10, 0.00027777777777778, 0.00027777777777778, 0.16666666666667, 2, 'Korelasi Positif', 2, 1),
(304, 856379102, '010', 'P1', 'P2', 397, 402, 50.63, 1, 1, 1, 0.00069252077562327, 0.00069252077562327, 0.026315789473684, 5, 'Korelasi Positif', 2, 1),
(305, 856379102, '010', 'P2', 'P1', 402, 397, 98.76, 1, 1, 10, 0.00069252077562327, 0.00069252077562327, 0.26315789473684, 5, 'Korelasi Positif', 2, 1),
(306, 856379102, '010', 'P1', 'P4', 314, 402, 64.01, 1, 1, 1, 0.00069252077562327, 0.00069252077562327, 0.026315789473684, 5, 'Korelasi Positif', 2, 1),
(307, 856379102, '010', 'P4', 'P1', 402, 314, 78.11, 1, 1, 9, 0.00069252077562327, 0.00069252077562327, 0.23684210526316, 4, 'Korelasi Positif', 2, 1),
(308, 856379102, '010', 'P1', 'P5', 326, 402, 61.66, 1, 1, 1, 0.00069252077562327, 0.00069252077562327, 0.026315789473684, 5, 'Korelasi Positif', 2, 1),
(309, 856379102, '010', 'P5', 'P1', 402, 326, 81.09, 1, 1, 9, 0.00069252077562327, 0.00069252077562327, 0.23684210526316, 4, 'Korelasi Positif', 2, 1),
(310, 856379102, '010', 'P1', 'P9', 388, 402, 51.8, 1, 1, 1, 0.00069252077562327, 0.00069252077562327, 0.026315789473684, 5, 'Korelasi Positif', 2, 1),
(311, 856379102, '010', 'P9', 'P1', 402, 388, 96.52, 1, 1, 9, 0.00069252077562327, 0.00069252077562327, 0.23684210526316, 4, 'Korelasi Positif', 2, 1),
(312, 856379102, '010', 'P2', 'P4', 314, 397, 63.22, 1, 1, 1, 0.00069252077562327, 0.00069252077562327, 0.026315789473684, 5, 'Korelasi Positif', 2, 1),
(313, 856379102, '010', 'P4', 'P2', 397, 314, 79.09, 1, 1, 10, 0.00069252077562327, 0.00069252077562327, 0.26315789473684, 5, 'Korelasi Positif', 2, 1),
(314, 856379102, '010', 'P2', 'P5', 326, 397, 60.89, 1, 1, 1, 0.00069252077562327, 0.00069252077562327, 0.026315789473684, 5, 'Korelasi Positif', 2, 1),
(315, 856379102, '010', 'P5', 'P2', 397, 326, 82.12, 1, 1, 10, 0.00069252077562327, 0.00069252077562327, 0.26315789473684, 5, 'Korelasi Positif', 2, 1),
(316, 856379102, '010', 'P2', 'P9', 388, 397, 51.16, 1, 1, 1, 0.00069252077562327, 0.00069252077562327, 0.026315789473684, 5, 'Korelasi Positif', 2, 1),
(317, 856379102, '010', 'P9', 'P2', 397, 388, 97.73, 1, 1, 10, 0.00069252077562327, 0.00069252077562327, 0.26315789473684, 5, 'Korelasi Positif', 2, 1),
(318, 856379102, '010', 'P4', 'P5', 326, 314, 96.32, 1, 1, 1, 0.00069252077562327, 0.00069252077562327, 0.026315789473684, 5, 'Korelasi Positif', 2, 1),
(319, 856379102, '010', 'P5', 'P4', 314, 326, 51.91, 1, 1, 10, 0.00069252077562327, 0.00069252077562327, 0.26315789473684, 5, 'Korelasi Positif', 2, 1),
(320, 856379102, '010', 'P4', 'P9', 388, 314, 80.93, 1, 1, 1, 0.00069252077562327, 0.00069252077562327, 0.026315789473684, 5, 'Korelasi Positif', 2, 1),
(321, 856379102, '010', 'P9', 'P4', 314, 388, 61.78, 1, 1, 10, 0.00069252077562327, 0.00069252077562327, 0.26315789473684, 5, 'Korelasi Positif', 2, 1),
(322, 856379102, '010', 'P5', 'P9', 388, 326, 84.02, 1, 1, 1, 0.00069252077562327, 0.00069252077562327, 0.026315789473684, 5, 'Korelasi Positif', 2, 1),
(323, 856379102, '010', 'P9', 'P5', 326, 388, 59.51, 1, 1, 10, 0.00069252077562327, 0.00069252077562327, 0.26315789473684, 5, 'Korelasi Positif', 2, 1),
(324, 856379102, '011', 'P1', 'P2', 435, 439, 50.46, 1, 1, 1, 0.0022675736961451, 0.0022675736961451, 0.047619047619048, 9, 'Korelasi Positif', 2, 1),
(325, 856379102, '011', 'P2', 'P1', 439, 435, 99.09, 1, 1, 10, 0.0022675736961451, 0.0022675736961451, 0.47619047619048, 9, 'Korelasi Positif', 2, 1),
(326, 856379102, '011', 'P1', 'P4', 340, 439, 64.56, 1, 1, 1, 0.0022675736961451, 0.0022675736961451, 0.047619047619048, 9, 'Korelasi Positif', 2, 1),
(327, 856379102, '011', 'P4', 'P1', 439, 340, 77.45, 1, 1, 9, 0.0022675736961451, 0.0022675736961451, 0.42857142857143, 8, 'Korelasi Positif', 2, 1),
(328, 856379102, '011', 'P1', 'P5', 356, 439, 61.66, 1, 1, 1, 0.0022675736961451, 0.0022675736961451, 0.047619047619048, 9, 'Korelasi Positif', 2, 1),
(329, 856379102, '011', 'P5', 'P1', 439, 356, 81.09, 1, 1, 9, 0.0022675736961451, 0.0022675736961451, 0.42857142857143, 8, 'Korelasi Positif', 2, 1),
(330, 856379102, '011', 'P1', 'P6', 197, 439, 111.42, 1, 1, 1, 0.0022675736961451, 0.0022675736961451, 0.047619047619048, 9, 'Korelasi Positif', 2, 1),
(331, 856379102, '011', 'P6', 'P1', 439, 197, 44.87, 1, 1, 9, 0.0022675736961451, 0.0022675736961451, 0.42857142857143, 8, 'Korelasi Positif', 2, 1),
(332, 856379102, '011', 'P1', 'P7', 347, 439, 63.26, 1, 1, 1, 0.0022675736961451, 0.0022675736961451, 0.047619047619048, 9, 'Korelasi Positif', 2, 1),
(333, 856379102, '011', 'P7', 'P1', 439, 347, 79.04, 1, 1, 9, 0.0022675736961451, 0.0022675736961451, 0.42857142857143, 8, 'Korelasi Positif', 2, 1),
(334, 856379102, '011', 'P1', 'P8', 302, 439, 72.68, 1, 1, 1, 0.0022675736961451, 0.0022675736961451, 0.047619047619048, 9, 'Korelasi Positif', 2, 1),
(335, 856379102, '011', 'P8', 'P1', 439, 302, 68.79, 1, 1, 9, 0.0022675736961451, 0.0022675736961451, 0.42857142857143, 8, 'Korelasi Positif', 2, 1),
(336, 856379102, '011', 'P1', 'P9', 416, 439, 52.76, 1, 1, 1, 0.0022675736961451, 0.0022675736961451, 0.047619047619048, 9, 'Korelasi Positif', 2, 1),
(337, 856379102, '011', 'P9', 'P1', 439, 416, 94.76, 1, 1, 9, 0.0022675736961451, 0.0022675736961451, 0.42857142857143, 8, 'Korelasi Positif', 2, 1);
INSERT INTO `tbl_proses_hasil` (`id_proses_hasil`, `id_proses`, `id_fakultas`, `kombinasi1`, `kombinasi2`, `support_xUy`, `support_x`, `confidence`, `jumlah_a`, `jumlah_b`, `jumlah_ab`, `px`, `py`, `pxuy`, `uji_lift`, `aturan_korelasi`, `iterasi`, `lolos_proses_hasil`) VALUES
(338, 856379102, '011', 'P2', 'P4', 340, 435, 63.97, 1, 1, 1, 0.0022675736961451, 0.0022675736961451, 0.047619047619048, 9, 'Korelasi Positif', 2, 1),
(339, 856379102, '011', 'P4', 'P2', 435, 340, 78.16, 1, 1, 10, 0.0022675736961451, 0.0022675736961451, 0.47619047619048, 9, 'Korelasi Positif', 2, 1),
(340, 856379102, '011', 'P2', 'P5', 356, 435, 61.1, 1, 1, 1, 0.0022675736961451, 0.0022675736961451, 0.047619047619048, 9, 'Korelasi Positif', 2, 1),
(341, 856379102, '011', 'P5', 'P2', 435, 356, 81.84, 1, 1, 10, 0.0022675736961451, 0.0022675736961451, 0.47619047619048, 9, 'Korelasi Positif', 2, 1),
(342, 856379102, '011', 'P2', 'P6', 197, 435, 110.41, 1, 1, 1, 0.0022675736961451, 0.0022675736961451, 0.047619047619048, 9, 'Korelasi Positif', 2, 1),
(343, 856379102, '011', 'P6', 'P2', 435, 197, 45.29, 1, 1, 10, 0.0022675736961451, 0.0022675736961451, 0.47619047619048, 9, 'Korelasi Positif', 2, 1),
(344, 856379102, '011', 'P2', 'P7', 347, 435, 62.68, 1, 1, 1, 0.0022675736961451, 0.0022675736961451, 0.047619047619048, 9, 'Korelasi Positif', 2, 1),
(345, 856379102, '011', 'P7', 'P2', 435, 347, 79.77, 1, 1, 10, 0.0022675736961451, 0.0022675736961451, 0.47619047619048, 9, 'Korelasi Positif', 2, 1),
(346, 856379102, '011', 'P2', 'P8', 302, 435, 72.02, 1, 1, 1, 0.0022675736961451, 0.0022675736961451, 0.047619047619048, 9, 'Korelasi Positif', 2, 1),
(347, 856379102, '011', 'P8', 'P2', 435, 302, 69.43, 1, 1, 10, 0.0022675736961451, 0.0022675736961451, 0.47619047619048, 9, 'Korelasi Positif', 2, 1),
(348, 856379102, '011', 'P2', 'P9', 416, 435, 52.28, 1, 1, 1, 0.0022675736961451, 0.0022675736961451, 0.047619047619048, 9, 'Korelasi Positif', 2, 1),
(349, 856379102, '011', 'P9', 'P2', 435, 416, 95.63, 1, 1, 10, 0.0022675736961451, 0.0022675736961451, 0.47619047619048, 9, 'Korelasi Positif', 2, 1),
(350, 856379102, '011', 'P4', 'P5', 356, 340, 95.51, 1, 1, 1, 0.0022675736961451, 0.0022675736961451, 0.047619047619048, 9, 'Korelasi Positif', 2, 1),
(351, 856379102, '011', 'P5', 'P4', 340, 356, 52.35, 1, 1, 10, 0.0022675736961451, 0.0022675736961451, 0.47619047619048, 9, 'Korelasi Positif', 2, 1),
(352, 856379102, '011', 'P4', 'P6', 197, 340, 86.29, 1, 1, 1, 0.0022675736961451, 0.0022675736961451, 0.047619047619048, 9, 'Korelasi Positif', 2, 1),
(353, 856379102, '011', 'P6', 'P4', 340, 197, 57.94, 1, 1, 10, 0.0022675736961451, 0.0022675736961451, 0.47619047619048, 9, 'Korelasi Positif', 2, 1),
(354, 856379102, '011', 'P4', 'P7', 347, 340, 97.98, 1, 1, 1, 0.0022675736961451, 0.0022675736961451, 0.047619047619048, 9, 'Korelasi Positif', 2, 1),
(355, 856379102, '011', 'P7', 'P4', 340, 347, 51.03, 1, 1, 10, 0.0022675736961451, 0.0022675736961451, 0.47619047619048, 9, 'Korelasi Positif', 2, 1),
(356, 856379102, '011', 'P4', 'P8', 302, 340, 56.29, 1, 1, 1, 0.0022675736961451, 0.0022675736961451, 0.047619047619048, 9, 'Korelasi Positif', 2, 1),
(357, 856379102, '011', 'P8', 'P4', 340, 302, 88.82, 1, 1, 10, 0.0022675736961451, 0.0022675736961451, 0.47619047619048, 9, 'Korelasi Positif', 2, 1),
(358, 856379102, '011', 'P4', 'P9', 416, 340, 81.73, 1, 1, 1, 0.0022675736961451, 0.0022675736961451, 0.047619047619048, 9, 'Korelasi Positif', 2, 1),
(359, 856379102, '011', 'P9', 'P4', 340, 416, 61.18, 1, 1, 10, 0.0022675736961451, 0.0022675736961451, 0.47619047619048, 9, 'Korelasi Positif', 2, 1),
(360, 856379102, '011', 'P5', 'P6', 197, 356, 90.36, 1, 1, 1, 0.0022675736961451, 0.0022675736961451, 0.047619047619048, 9, 'Korelasi Positif', 2, 1),
(361, 856379102, '011', 'P6', 'P5', 356, 197, 55.34, 1, 1, 10, 0.0022675736961451, 0.0022675736961451, 0.47619047619048, 9, 'Korelasi Positif', 2, 1),
(362, 856379102, '011', 'P5', 'P7', 347, 356, 51.3, 1, 1, 1, 0.0022675736961451, 0.0022675736961451, 0.047619047619048, 9, 'Korelasi Positif', 2, 1),
(363, 856379102, '011', 'P7', 'P5', 356, 347, 97.47, 1, 1, 10, 0.0022675736961451, 0.0022675736961451, 0.47619047619048, 9, 'Korelasi Positif', 2, 1),
(364, 856379102, '011', 'P5', 'P8', 302, 356, 58.94, 1, 1, 1, 0.0022675736961451, 0.0022675736961451, 0.047619047619048, 9, 'Korelasi Positif', 2, 1),
(365, 856379102, '011', 'P8', 'P5', 356, 302, 84.83, 1, 1, 10, 0.0022675736961451, 0.0022675736961451, 0.47619047619048, 9, 'Korelasi Positif', 2, 1),
(366, 856379102, '011', 'P5', 'P9', 416, 356, 85.58, 1, 1, 1, 0.0022675736961451, 0.0022675736961451, 0.047619047619048, 9, 'Korelasi Positif', 2, 1),
(367, 856379102, '011', 'P9', 'P5', 356, 416, 58.43, 1, 1, 10, 0.0022675736961451, 0.0022675736961451, 0.47619047619048, 9, 'Korelasi Positif', 2, 1),
(368, 856379102, '011', 'P6', 'P7', 347, 197, 56.77, 1, 1, 1, 0.0022675736961451, 0.0022675736961451, 0.047619047619048, 9, 'Korelasi Positif', 2, 1),
(369, 856379102, '011', 'P7', 'P6', 197, 347, 88.07, 1, 1, 10, 0.0022675736961451, 0.0022675736961451, 0.47619047619048, 9, 'Korelasi Positif', 2, 1),
(370, 856379102, '011', 'P6', 'P8', 302, 197, 65.23, 1, 1, 1, 0.0022675736961451, 0.0022675736961451, 0.047619047619048, 9, 'Korelasi Positif', 2, 1),
(371, 856379102, '011', 'P8', 'P6', 197, 302, 76.65, 1, 1, 10, 0.0022675736961451, 0.0022675736961451, 0.47619047619048, 9, 'Korelasi Positif', 2, 1),
(372, 856379102, '011', 'P6', 'P9', 416, 197, 47.36, 1, 1, 1, 0.0022675736961451, 0.0022675736961451, 0.047619047619048, 9, 'Korelasi Positif', 2, 1),
(373, 856379102, '011', 'P9', 'P6', 197, 416, 105.58, 1, 1, 10, 0.0022675736961451, 0.0022675736961451, 0.47619047619048, 9, 'Korelasi Positif', 2, 1),
(374, 856379102, '011', 'P7', 'P8', 302, 347, 57.45, 1, 1, 1, 0.0022675736961451, 0.0022675736961451, 0.047619047619048, 9, 'Korelasi Positif', 2, 1),
(375, 856379102, '011', 'P8', 'P7', 347, 302, 87.03, 1, 1, 10, 0.0022675736961451, 0.0022675736961451, 0.47619047619048, 9, 'Korelasi Positif', 2, 1),
(376, 856379102, '011', 'P7', 'P9', 416, 347, 83.41, 1, 1, 1, 0.0022675736961451, 0.0022675736961451, 0.047619047619048, 9, 'Korelasi Positif', 2, 1),
(377, 856379102, '011', 'P9', 'P7', 347, 416, 59.94, 1, 1, 10, 0.0022675736961451, 0.0022675736961451, 0.47619047619048, 9, 'Korelasi Positif', 2, 1),
(378, 856379102, '011', 'P8', 'P9', 416, 302, 72.6, 1, 1, 1, 0.0022675736961451, 0.0022675736961451, 0.047619047619048, 9, 'Korelasi Positif', 2, 1),
(379, 856379102, '011', 'P9', 'P8', 302, 416, 68.87, 1, 1, 10, 0.0022675736961451, 0.0022675736961451, 0.47619047619048, 9, 'Korelasi Positif', 2, 1);

-- --------------------------------------------------------

--
-- Struktur dari tabel `tbl_proses_log`
--

CREATE TABLE `tbl_proses_log` (
  `id_proses` int(9) NOT NULL,
  `date_first` date NOT NULL,
  `date_last` date NOT NULL,
  `min_support` varchar(255) NOT NULL,
  `min_confident` varchar(255) NOT NULL,
  `kriteria_proses` int(1) NOT NULL,
  `status_proses` int(1) NOT NULL,
  `author_proses` varchar(255) NOT NULL,
  `created_proses` timestamp NOT NULL DEFAULT current_timestamp()
) ENGINE=InnoDB DEFAULT CHARSET=utf8mb4;

--
-- Dumping data untuk tabel `tbl_proses_log`
--

INSERT INTO `tbl_proses_log` (`id_proses`, `date_first`, `date_last`, `min_support`, `min_confident`, `kriteria_proses`, `status_proses`, `author_proses`, `created_proses`) VALUES
(856379102, '2021-02-01', '2021-12-13', '1', '24', 1, 1, '99473177322717184', '2021-12-13 15:08:11');

-- --------------------------------------------------------

--
-- Struktur dari tabel `tbl_sistem`
--

CREATE TABLE `tbl_sistem` (
  `id_sistem` int(11) NOT NULL,
  `nama_sistem` varchar(255) NOT NULL,
  `email_sistem` varchar(255) NOT NULL,
  `pass_email_sistem` varchar(255) NOT NULL,
  `status_sistem` int(1) NOT NULL,
  `logo_sistem` varchar(255) DEFAULT NULL,
  `admin_sistem` varchar(255) NOT NULL,
  `updated_sistem` timestamp NULL DEFAULT NULL
) ENGINE=InnoDB DEFAULT CHARSET=utf8mb4;

--
-- Dumping data untuk tabel `tbl_sistem`
--

INSERT INTO `tbl_sistem` (`id_sistem`, `nama_sistem`, `email_sistem`, `pass_email_sistem`, `status_sistem`, `logo_sistem`, `admin_sistem`, `updated_sistem`) VALUES
(1, 'Sistem Pemetaan Perilaku Mahasiswa Universitas Ahmad Dahlan', 'mabes.develover@gmail.com', 'mabes@group17', 1, NULL, '99473177322717184', '2021-11-28 08:32:08');

-- --------------------------------------------------------

--
-- Struktur dari tabel `tbl_user`
--

CREATE TABLE `tbl_user` (
  `id_user` varchar(50) NOT NULL,
  `id_prodi` varchar(100) DEFAULT NULL,
  `id_fakultas` varchar(100) DEFAULT NULL,
  `email_user` varchar(255) NOT NULL,
  `nim_user` varchar(100) DEFAULT NULL,
  `nama_user` varchar(255) NOT NULL,
  `username_user` varchar(255) NOT NULL,
  `password_user` varchar(255) NOT NULL,
  `level_user` int(1) NOT NULL,
  `status_user` int(1) NOT NULL,
  `image_user` varchar(255) DEFAULT NULL,
  `created_user` timestamp NOT NULL DEFAULT current_timestamp()
) ENGINE=InnoDB DEFAULT CHARSET=utf8mb4;

--
-- Dumping data untuk tabel `tbl_user`
--

INSERT INTO `tbl_user` (`id_user`, `id_prodi`, `id_fakultas`, `email_user`, `nim_user`, `nama_user`, `username_user`, `password_user`, `level_user`, `status_user`, `image_user`, `created_user`) VALUES
('286970wKYU8EVPutQXBarlbFThJCdI', '55201', '009', 'ervin1700018127@webmail.uad.ac.id', '1700018127', 'Ervin Fikot M', 'user14', '12dea96fec20593566ab75692c9949596833adc9', 2, 1, NULL, '2021-12-13 15:38:40'),
('819765yh2Do0pCF61jQTK5a3vxMrw7', NULL, NULL, 'tiara@gmail.com', NULL, 'Tiara Anggraini', 'user', '12dea96fec20593566ab75692c9949596833adc9', 2, 1, NULL, '2021-10-22 05:50:47'),
('99473177322717184', NULL, NULL, 'tiaraagaib@gmail.com', NULL, 'Tiara Anggraini Gaib', 'admin', 'd033e22ae348aeb5660fc2140aec35850c4da997', 1, 1, 'user-JCgGbja9n0zAQUHP1M6lyxNIswVt5X.png', '2021-10-13 05:29:10');

-- --------------------------------------------------------

--
-- Struktur dari tabel `tbl_user_log`
--

CREATE TABLE `tbl_user_log` (
  `id_user_log` int(11) NOT NULL,
  `id_user` varchar(255) NOT NULL,
  `target_user_log` varchar(255) DEFAULT NULL,
  `device_user_log` varchar(255) NOT NULL,
  `created_user_log` timestamp NOT NULL DEFAULT current_timestamp()
) ENGINE=InnoDB DEFAULT CHARSET=utf8mb4;

-- --------------------------------------------------------

--
-- Struktur dari tabel `tb_fakultas`
--

CREATE TABLE `tb_fakultas` (
  `id_fakultas` varchar(50) NOT NULL,
  `nama_fakultas` varchar(255) NOT NULL,
  `created_fakultas` timestamp NOT NULL DEFAULT current_timestamp()
) ENGINE=InnoDB DEFAULT CHARSET=utf8mb4;

--
-- Dumping data untuk tabel `tb_fakultas`
--

INSERT INTO `tb_fakultas` (`id_fakultas`, `nama_fakultas`, `created_fakultas`) VALUES
('001', 'Fakultas Agama Islam', '2021-11-23 20:23:00'),
('002', 'Fakultas Ekonomi dan Bisnis', '2021-11-23 20:23:00'),
('003', 'Fakultas Hukum', '2021-11-23 20:23:00'),
('004', 'Fakultas Psikolgi', '2021-11-23 20:23:00'),
('005', 'Fakultas Farmasi', '2021-11-23 20:23:00'),
('006', 'Fakultas Kedokteran', '2021-11-23 20:23:00'),
('007', 'Fakultas Kesehatan Masyarakat', '2021-11-23 20:23:00'),
('008', 'Fakultas Keguruan dan Ilmu Pendidikan', '2021-11-23 20:23:00'),
('009', 'Fakultas Teknologi Industri', '2021-11-23 20:21:33'),
('010', 'Fakultas Sastra Budaya dan Komunikasi', '2021-11-23 20:23:28'),
('011', 'Fakultas Sains dan Teknologi Terapan', '2021-11-23 20:23:28');

-- --------------------------------------------------------

--
-- Struktur dari tabel `tb_prodi`
--

CREATE TABLE `tb_prodi` (
  `id_prodi` varchar(50) NOT NULL,
  `id_fakultas` varchar(50) NOT NULL,
  `nama_prodi` varchar(255) NOT NULL,
  `created_prodi` timestamp NOT NULL DEFAULT current_timestamp()
) ENGINE=InnoDB DEFAULT CHARSET=utf8mb4;

--
-- Dumping data untuk tabel `tb_prodi`
--

INSERT INTO `tb_prodi` (`id_prodi`, `id_fakultas`, `nama_prodi`, `created_prodi`) VALUES
('11201', '006', 'Kedokteran', '2021-11-23 22:39:32'),
('13201', '007', 'Kesehatan Masyarakat', '2021-11-23 22:41:49'),
('13211', '007', 'Gizi', '2021-11-23 22:42:26'),
('20201', '009', 'Teknik Elektro', '2021-11-23 20:56:44'),
('24201', '009', 'Teknik Kimia', '2021-11-23 22:48:18'),
('26201', '009', 'Teknik Industri', '2021-11-23 22:47:52'),
('41221', '009', 'Teknologi Pangan', '2021-11-23 22:48:32'),
('44201', '011', 'Matematika', '2021-11-23 22:59:42'),
('45201', '011', 'Fisika', '2021-11-23 22:58:54'),
('46201', '011', 'Biologi', '2021-11-23 22:59:10'),
('48101', '005', 'Farmasi', '2021-11-23 22:38:12'),
('55201', '009', 'Teknik Informatika', '2021-11-23 20:21:14'),
('57201', '011', 'Sistem Informasi\r\n', '2021-11-23 20:27:06'),
('60201', '002', 'Ekonomi Pembangunan', '2021-11-23 22:31:29'),
('61101', '002', 'Manajemen', '2021-11-23 22:25:32'),
('61206', '001', 'Perbankan Syari\'ah', '2021-11-23 22:22:11'),
('62201', '002', 'Akuntansi', '2021-11-23 22:29:44'),
('70201', '010', 'Ilmu Komunikasi', '2021-11-23 22:52:49'),
('70234', '001', 'Pend. Agama Islam', '2021-11-23 22:21:44'),
('73201', '004', 'Psikologi', '2021-11-23 22:35:21'),
('74201', '003', 'Ilmu Hukum', '2021-11-23 22:34:59'),
('76231', '001', 'Ilmu Hadis', '2021-11-23 22:33:01'),
('79201', '010', 'Sastra Indonesia', '2021-11-23 22:51:53'),
('79202', '010', 'Sastra Inggris', '2021-11-23 22:52:09'),
('79203', '001', 'Bahasa dan Sastra Arab', '2021-11-23 20:27:06'),
('84202', '008', 'Pend. Matematika', '2021-11-23 22:44:31'),
('84203', '008', ' Pend. Fisika', '2021-11-23 22:44:49'),
('84205', '008', 'Pend. Biologi', '2021-11-23 20:27:06'),
('86201', '008', 'Bimbingan dan Konseling', '2021-11-23 22:43:38'),
('86206', '008', ' Pend. Guru Sekolah Dasar', '2021-11-23 22:45:27'),
('86207', '008', 'Pend. Guru PAUD', '2021-11-23 22:46:27'),
('87205', '008', ' Pend. Pancasila dan Kewarganegaraan', '2021-11-23 22:45:04'),
('88103', '008', ' Pend. Bahasa Inggris', '2021-11-23 22:43:59'),
('88201', '008', ' Pend. Sastra Indonesia', '2021-11-23 22:44:15'),
('93312', '002', 'Bisnis Jasa Makanan', '2021-11-23 22:31:00');

-- --------------------------------------------------------

--
-- Struktur dari tabel `tb_rekomendasi`
--

CREATE TABLE `tb_rekomendasi` (
  `id_rekomendasi` int(11) NOT NULL,
  `keriteria_rekomendasi` varchar(25) NOT NULL,
  `isi_rekomendasi` text NOT NULL,
  `level_rekomendasi` varchar(255) NOT NULL,
  `min_rekomendasi` varchar(20) NOT NULL,
  `max_rekomendasi` varchar(20) NOT NULL,
  `updated_rekomendasi` datetime DEFAULT current_timestamp()
) ENGINE=InnoDB DEFAULT CHARSET=utf8mb4;

--
-- Dumping data untuk tabel `tb_rekomendasi`
--

INSERT INTO `tb_rekomendasi` (`id_rekomendasi`, `keriteria_rekomendasi`, `isi_rekomendasi`, `level_rekomendasi`, `min_rekomendasi`, `max_rekomendasi`, `updated_rekomendasi`) VALUES
(1, '1', 'Lorem ipsum dolor sit amet consectetur adipisicing elit. Delectus fuga molestias ullam animi incidunt aspernatur iusto nihil ad laborum. Omnis, veniam laboriosam labore ea ipsum quae vitae laborum atque pariatur!', '1', '0', '0', '2021-12-04 10:44:30'),
(2, '2', 'Lorem ipsum dolor, sit amet consectetur adipisicing elit. Nihil saepe ullam suscipit nobis voluptas deserunt eveniet blanditiis illo illum maiores excepturi debitis perferendis pariatur sunt culpa vero, quidem provident facere!\r\n', '1', '0', '0', '2021-12-04 10:49:20'),
(3, '3', 'Lorem ipsum dolor sit amet consectetur adipisicing elit. Amet accusantium optio fugiat perferendis doloribus, alias explicabo, enim eaque cum repellendus quidem eligendi est repellat. Quisquam libero doloribus nobis esse facilis.', '1', '0', '0', '2021-12-04 10:49:20'),
(4, '4', 'gfgdfgfdgfdg', '1', '0', '0', '2021-12-04 10:44:30'),
(5, '0', '<p><em><strong>Lorem ipsum dolor sit amet consectetur, adipisicing elit. Illo minima, voluptatum nesciunt facere tenetur optio quo sed reprehenderit quae reiciendis enim commodi sint repudiandae fuga omnis vero, incidunt modi et?</strong></em></p>\r\n', '2', '0', '25', '2021-12-04 10:44:30'),
(6, '0', '<p><strong><em><s>Perbaiki Iman</s></em></strong></p>\r\n', '2', '26', '50', '2021-12-04 10:49:20'),
(7, '0', '<p>lorem</p>\r\n', '2', '51', '75', '2021-12-04 10:49:20'),
(8, '0', '<p>lorem ipsum</p>\r\n', '2', '76', '100', '2021-12-04 10:44:30');

--
-- Indexes for dumped tables
--

--
-- Indeks untuk tabel `tbl_dataset`
--
ALTER TABLE `tbl_dataset`
  ADD PRIMARY KEY (`id_dataset`);

--
-- Indeks untuk tabel `tbl_dataset_transit`
--
ALTER TABLE `tbl_dataset_transit`
  ADD PRIMARY KEY (`id_dataset`);

--
-- Indeks untuk tabel `tbl_itemset1`
--
ALTER TABLE `tbl_itemset1`
  ADD PRIMARY KEY (`id_itemset1`);

--
-- Indeks untuk tabel `tbl_itemset2`
--
ALTER TABLE `tbl_itemset2`
  ADD PRIMARY KEY (`id_itemset2`);

--
-- Indeks untuk tabel `tbl_itemset3`
--
ALTER TABLE `tbl_itemset3`
  ADD PRIMARY KEY (`id_itemset3`);

--
-- Indeks untuk tabel `tbl_konsultasi`
--
ALTER TABLE `tbl_konsultasi`
  ADD PRIMARY KEY (`id_konsultasi`);

--
-- Indeks untuk tabel `tbl_konsultasi_hasil`
--
ALTER TABLE `tbl_konsultasi_hasil`
  ADD PRIMARY KEY (`id_proses_hasil`);

--
-- Indeks untuk tabel `tbl_konsultasi_log`
--
ALTER TABLE `tbl_konsultasi_log`
  ADD PRIMARY KEY (`id_proses`);

--
-- Indeks untuk tabel `tbl_proses_analitik`
--
ALTER TABLE `tbl_proses_analitik`
  ADD PRIMARY KEY (`id_analitik`);

--
-- Indeks untuk tabel `tbl_proses_hasil`
--
ALTER TABLE `tbl_proses_hasil`
  ADD PRIMARY KEY (`id_proses_hasil`);

--
-- Indeks untuk tabel `tbl_proses_log`
--
ALTER TABLE `tbl_proses_log`
  ADD PRIMARY KEY (`id_proses`);

--
-- Indeks untuk tabel `tbl_sistem`
--
ALTER TABLE `tbl_sistem`
  ADD PRIMARY KEY (`id_sistem`);

--
-- Indeks untuk tabel `tbl_user`
--
ALTER TABLE `tbl_user`
  ADD PRIMARY KEY (`id_user`),
  ADD UNIQUE KEY `email_user` (`email_user`),
  ADD UNIQUE KEY `username_user` (`username_user`);

--
-- Indeks untuk tabel `tbl_user_log`
--
ALTER TABLE `tbl_user_log`
  ADD PRIMARY KEY (`id_user_log`);

--
-- Indeks untuk tabel `tb_fakultas`
--
ALTER TABLE `tb_fakultas`
  ADD PRIMARY KEY (`id_fakultas`);

--
-- Indeks untuk tabel `tb_prodi`
--
ALTER TABLE `tb_prodi`
  ADD PRIMARY KEY (`id_prodi`),
  ADD KEY `id_fakultas` (`id_fakultas`);

--
-- Indeks untuk tabel `tb_rekomendasi`
--
ALTER TABLE `tb_rekomendasi`
  ADD PRIMARY KEY (`id_rekomendasi`);

--
-- AUTO_INCREMENT untuk tabel yang dibuang
--

--
-- AUTO_INCREMENT untuk tabel `tbl_dataset`
--
ALTER TABLE `tbl_dataset`
  MODIFY `id_dataset` int(11) NOT NULL AUTO_INCREMENT, AUTO_INCREMENT=3253;

--
-- AUTO_INCREMENT untuk tabel `tbl_dataset_transit`
--
ALTER TABLE `tbl_dataset_transit`
  MODIFY `id_dataset` int(11) NOT NULL AUTO_INCREMENT, AUTO_INCREMENT=26332;

--
-- AUTO_INCREMENT untuk tabel `tbl_itemset1`
--
ALTER TABLE `tbl_itemset1`
  MODIFY `id_itemset1` int(11) NOT NULL AUTO_INCREMENT, AUTO_INCREMENT=98;

--
-- AUTO_INCREMENT untuk tabel `tbl_itemset2`
--
ALTER TABLE `tbl_itemset2`
  MODIFY `id_itemset2` int(11) NOT NULL AUTO_INCREMENT, AUTO_INCREMENT=359;

--
-- AUTO_INCREMENT untuk tabel `tbl_itemset3`
--
ALTER TABLE `tbl_itemset3`
  MODIFY `id_itemset3` int(11) NOT NULL AUTO_INCREMENT, AUTO_INCREMENT=37;

--
-- AUTO_INCREMENT untuk tabel `tbl_konsultasi_hasil`
--
ALTER TABLE `tbl_konsultasi_hasil`
  MODIFY `id_proses_hasil` int(11) NOT NULL AUTO_INCREMENT, AUTO_INCREMENT=19;

--
-- AUTO_INCREMENT untuk tabel `tbl_proses_analitik`
--
ALTER TABLE `tbl_proses_analitik`
  MODIFY `id_analitik` int(11) NOT NULL AUTO_INCREMENT, AUTO_INCREMENT=12;

--
-- AUTO_INCREMENT untuk tabel `tbl_proses_hasil`
--
ALTER TABLE `tbl_proses_hasil`
  MODIFY `id_proses_hasil` int(11) NOT NULL AUTO_INCREMENT, AUTO_INCREMENT=380;

--
-- AUTO_INCREMENT untuk tabel `tbl_sistem`
--
ALTER TABLE `tbl_sistem`
  MODIFY `id_sistem` int(11) NOT NULL AUTO_INCREMENT, AUTO_INCREMENT=2;

--
-- AUTO_INCREMENT untuk tabel `tbl_user_log`
--
ALTER TABLE `tbl_user_log`
  MODIFY `id_user_log` int(11) NOT NULL AUTO_INCREMENT;

--
-- AUTO_INCREMENT untuk tabel `tb_rekomendasi`
--
ALTER TABLE `tb_rekomendasi`
  MODIFY `id_rekomendasi` int(11) NOT NULL AUTO_INCREMENT, AUTO_INCREMENT=9;
COMMIT;

/*!40101 SET CHARACTER_SET_CLIENT=@OLD_CHARACTER_SET_CLIENT */;
/*!40101 SET CHARACTER_SET_RESULTS=@OLD_CHARACTER_SET_RESULTS */;
/*!40101 SET COLLATION_CONNECTION=@OLD_COLLATION_CONNECTION */;
